-- MySQL dump 10.13  Distrib 8.0.32, for macos13.0 (arm64)
--
-- Host: localhost    Database: martfury
-- ------------------------------------------------------
-- Server version	8.0.31

/*!40101 SET @OLD_CHARACTER_SET_CLIENT=@@CHARACTER_SET_CLIENT */;
/*!40101 SET @OLD_CHARACTER_SET_RESULTS=@@CHARACTER_SET_RESULTS */;
/*!40101 SET @OLD_COLLATION_CONNECTION=@@COLLATION_CONNECTION */;
/*!50503 SET NAMES utf8mb4 */;
/*!40103 SET @OLD_TIME_ZONE=@@TIME_ZONE */;
/*!40103 SET TIME_ZONE='+00:00' */;
/*!40014 SET @OLD_UNIQUE_CHECKS=@@UNIQUE_CHECKS, UNIQUE_CHECKS=0 */;
/*!40014 SET @OLD_FOREIGN_KEY_CHECKS=@@FOREIGN_KEY_CHECKS, FOREIGN_KEY_CHECKS=0 */;
/*!40101 SET @OLD_SQL_MODE=@@SQL_MODE, SQL_MODE='NO_AUTO_VALUE_ON_ZERO' */;
/*!40111 SET @OLD_SQL_NOTES=@@SQL_NOTES, SQL_NOTES=0 */;

--
-- Table structure for table `activations`
--

DROP TABLE IF EXISTS `activations`;
/*!40101 SET @saved_cs_client     = @@character_set_client */;
/*!50503 SET character_set_client = utf8mb4 */;
CREATE TABLE `activations` (
  `id` bigint unsigned NOT NULL AUTO_INCREMENT,
  `user_id` bigint unsigned NOT NULL,
  `code` varchar(120) COLLATE utf8mb4_unicode_ci NOT NULL,
  `completed` tinyint(1) NOT NULL DEFAULT '0',
  `completed_at` timestamp NULL DEFAULT NULL,
  `created_at` timestamp NULL DEFAULT NULL,
  `updated_at` timestamp NULL DEFAULT NULL,
  PRIMARY KEY (`id`),
  KEY `activations_user_id_index` (`user_id`)
) ENGINE=InnoDB AUTO_INCREMENT=2 DEFAULT CHARSET=utf8mb4 COLLATE=utf8mb4_unicode_ci;
/*!40101 SET character_set_client = @saved_cs_client */;

--
-- Dumping data for table `activations`
--

LOCK TABLES `activations` WRITE;
/*!40000 ALTER TABLE `activations` DISABLE KEYS */;
INSERT INTO `activations` VALUES (1,1,'JcQaRLDee0HFVom9vnkV3HOiB2KM1MEo',1,'2023-03-01 01:08:20','2023-03-01 01:08:20','2023-03-01 01:08:20');
/*!40000 ALTER TABLE `activations` ENABLE KEYS */;
UNLOCK TABLES;

--
-- Table structure for table `admin_notifications`
--

DROP TABLE IF EXISTS `admin_notifications`;
/*!40101 SET @saved_cs_client     = @@character_set_client */;
/*!50503 SET character_set_client = utf8mb4 */;
CREATE TABLE `admin_notifications` (
  `id` bigint unsigned NOT NULL AUTO_INCREMENT,
  `title` varchar(191) COLLATE utf8mb4_unicode_ci NOT NULL,
  `action_label` varchar(191) COLLATE utf8mb4_unicode_ci DEFAULT NULL,
  `action_url` varchar(191) COLLATE utf8mb4_unicode_ci DEFAULT NULL,
  `description` varchar(400) COLLATE utf8mb4_unicode_ci NOT NULL,
  `read_at` timestamp NULL DEFAULT NULL,
  `created_at` timestamp NULL DEFAULT NULL,
  `updated_at` timestamp NULL DEFAULT NULL,
  PRIMARY KEY (`id`)
) ENGINE=InnoDB DEFAULT CHARSET=utf8mb4 COLLATE=utf8mb4_unicode_ci;
/*!40101 SET character_set_client = @saved_cs_client */;

--
-- Dumping data for table `admin_notifications`
--

LOCK TABLES `admin_notifications` WRITE;
/*!40000 ALTER TABLE `admin_notifications` DISABLE KEYS */;
/*!40000 ALTER TABLE `admin_notifications` ENABLE KEYS */;
UNLOCK TABLES;

--
-- Table structure for table `ads`
--

DROP TABLE IF EXISTS `ads`;
/*!40101 SET @saved_cs_client     = @@character_set_client */;
/*!50503 SET character_set_client = utf8mb4 */;
CREATE TABLE `ads` (
  `id` bigint unsigned NOT NULL AUTO_INCREMENT,
  `name` varchar(255) COLLATE utf8mb4_unicode_ci NOT NULL,
  `expired_at` datetime DEFAULT NULL,
  `location` varchar(120) COLLATE utf8mb4_unicode_ci DEFAULT NULL,
  `key` varchar(120) COLLATE utf8mb4_unicode_ci NOT NULL,
  `image` varchar(255) COLLATE utf8mb4_unicode_ci DEFAULT NULL,
  `url` varchar(255) COLLATE utf8mb4_unicode_ci DEFAULT NULL,
  `clicked` bigint NOT NULL DEFAULT '0',
  `order` int DEFAULT '0',
  `status` varchar(60) COLLATE utf8mb4_unicode_ci NOT NULL DEFAULT 'published',
  `created_at` timestamp NULL DEFAULT NULL,
  `updated_at` timestamp NULL DEFAULT NULL,
  PRIMARY KEY (`id`),
  UNIQUE KEY `ads_key_unique` (`key`)
) ENGINE=InnoDB AUTO_INCREMENT=10 DEFAULT CHARSET=utf8mb4 COLLATE=utf8mb4_unicode_ci;
/*!40101 SET character_set_client = @saved_cs_client */;

--
-- Dumping data for table `ads`
--

LOCK TABLES `ads` WRITE;
/*!40000 ALTER TABLE `ads` DISABLE KEYS */;
INSERT INTO `ads` VALUES (1,'Top Slider Image 1','2028-03-01 00:00:00','not_set','VC2C8Q1UGCBG','promotion/1.jpg','/products',0,1,'published','2023-03-01 01:08:21','2023-03-01 01:08:21'),(2,'Top Slider Image 2','2028-03-01 00:00:00','not_set','NBDWRXTSVZ8N','promotion/2.jpg','/products',0,2,'published','2023-03-01 01:08:21','2023-03-01 01:08:21'),(3,'Homepage middle 1','2028-03-01 00:00:00','not_set','IZ6WU8KUALYD','promotion/3.jpg','/products',0,3,'published','2023-03-01 01:08:21','2023-03-01 01:08:21'),(4,'Homepage middle 2','2028-03-01 00:00:00','not_set','ILSFJVYFGCPZ','promotion/4.jpg','/products',0,4,'published','2023-03-01 01:08:21','2023-03-01 01:08:21'),(5,'Homepage middle 3','2028-03-01 00:00:00','not_set','ZDOZUZZIU7FT','promotion/5.jpg','/products',0,5,'published','2023-03-01 01:08:21','2023-03-01 01:08:21'),(6,'Homepage big 1','2028-03-01 00:00:00','not_set','Q9YDUIC9HSWS','promotion/6.jpg','/products',0,6,'published','2023-03-01 01:08:21','2023-03-01 01:08:21'),(7,'Homepage bottom small','2028-03-01 00:00:00','not_set','NTVVBH9MLPSJ','promotion/7.jpg','/products',0,7,'published','2023-03-01 01:08:21','2023-03-01 01:08:21'),(8,'Product sidebar','2028-03-01 00:00:00','product-sidebar','6GNGUBPM1CT7','promotion/8.jpg','/products',0,8,'published','2023-03-01 01:08:21','2023-03-01 01:08:21'),(9,'Homepage big 2','2028-03-01 00:00:00','not_set','IZ6WU8KUALYE','promotion/9.jpg','/products',0,9,'published','2023-03-01 01:08:21','2023-03-01 01:08:21');
/*!40000 ALTER TABLE `ads` ENABLE KEYS */;
UNLOCK TABLES;

--
-- Table structure for table `ads_translations`
--

DROP TABLE IF EXISTS `ads_translations`;
/*!40101 SET @saved_cs_client     = @@character_set_client */;
/*!50503 SET character_set_client = utf8mb4 */;
CREATE TABLE `ads_translations` (
  `lang_code` varchar(191) COLLATE utf8mb4_unicode_ci NOT NULL,
  `ads_id` bigint unsigned NOT NULL,
  `name` varchar(255) COLLATE utf8mb4_unicode_ci DEFAULT NULL,
  `image` varchar(255) COLLATE utf8mb4_unicode_ci DEFAULT NULL,
  `url` varchar(255) COLLATE utf8mb4_unicode_ci DEFAULT NULL,
  PRIMARY KEY (`lang_code`,`ads_id`)
) ENGINE=InnoDB DEFAULT CHARSET=utf8mb4 COLLATE=utf8mb4_unicode_ci;
/*!40101 SET character_set_client = @saved_cs_client */;

--
-- Dumping data for table `ads_translations`
--

LOCK TABLES `ads_translations` WRITE;
/*!40000 ALTER TABLE `ads_translations` DISABLE KEYS */;
INSERT INTO `ads_translations` VALUES ('vi',1,'Top Slider Image 1','promotion/1.jpg','/vi/products'),('vi',2,'Top Slider Image 2','promotion/2.jpg','/vi/products'),('vi',3,'Homepage middle 1','promotion/3.jpg','/vi/products'),('vi',4,'Homepage middle 2','promotion/4.jpg','/vi/products'),('vi',5,'Homepage middle 3','promotion/5.jpg','/vi/products'),('vi',6,'Homepage big 1','promotion/6.jpg','/vi/products'),('vi',7,'Homepage bottom small','promotion/7.jpg','/vi/products'),('vi',8,'Product sidebar','promotion/8.jpg','/vi/products'),('vi',9,'Homepage big 2','promotion/9.jpg','/vi/products');
/*!40000 ALTER TABLE `ads_translations` ENABLE KEYS */;
UNLOCK TABLES;

--
-- Table structure for table `audit_histories`
--

DROP TABLE IF EXISTS `audit_histories`;
/*!40101 SET @saved_cs_client     = @@character_set_client */;
/*!50503 SET character_set_client = utf8mb4 */;
CREATE TABLE `audit_histories` (
  `id` bigint unsigned NOT NULL AUTO_INCREMENT,
  `user_id` bigint unsigned NOT NULL,
  `module` varchar(60) COLLATE utf8mb4_unicode_ci NOT NULL,
  `request` text COLLATE utf8mb4_unicode_ci,
  `action` varchar(120) COLLATE utf8mb4_unicode_ci NOT NULL,
  `user_agent` text COLLATE utf8mb4_unicode_ci,
  `ip_address` varchar(39) COLLATE utf8mb4_unicode_ci DEFAULT NULL,
  `reference_user` bigint unsigned NOT NULL,
  `reference_id` bigint unsigned NOT NULL,
  `reference_name` varchar(255) COLLATE utf8mb4_unicode_ci NOT NULL,
  `type` varchar(20) COLLATE utf8mb4_unicode_ci NOT NULL,
  `created_at` timestamp NULL DEFAULT NULL,
  `updated_at` timestamp NULL DEFAULT NULL,
  PRIMARY KEY (`id`),
  KEY `audit_histories_user_id_index` (`user_id`),
  KEY `audit_histories_module_index` (`module`)
) ENGINE=InnoDB DEFAULT CHARSET=utf8mb4 COLLATE=utf8mb4_unicode_ci;
/*!40101 SET character_set_client = @saved_cs_client */;

--
-- Dumping data for table `audit_histories`
--

LOCK TABLES `audit_histories` WRITE;
/*!40000 ALTER TABLE `audit_histories` DISABLE KEYS */;
/*!40000 ALTER TABLE `audit_histories` ENABLE KEYS */;
UNLOCK TABLES;

--
-- Table structure for table `categories`
--

DROP TABLE IF EXISTS `categories`;
/*!40101 SET @saved_cs_client     = @@character_set_client */;
/*!50503 SET character_set_client = utf8mb4 */;
CREATE TABLE `categories` (
  `id` bigint unsigned NOT NULL AUTO_INCREMENT,
  `name` varchar(120) COLLATE utf8mb4_unicode_ci NOT NULL,
  `parent_id` bigint unsigned NOT NULL DEFAULT '0',
  `description` varchar(400) COLLATE utf8mb4_unicode_ci DEFAULT NULL,
  `status` varchar(60) COLLATE utf8mb4_unicode_ci NOT NULL DEFAULT 'published',
  `author_id` bigint unsigned NOT NULL,
  `author_type` varchar(255) CHARACTER SET utf8mb4 COLLATE utf8mb4_unicode_ci NOT NULL DEFAULT 'Botble\\ACL\\Models\\User',
  `icon` varchar(60) COLLATE utf8mb4_unicode_ci DEFAULT NULL,
  `order` tinyint NOT NULL DEFAULT '0',
  `is_featured` tinyint NOT NULL DEFAULT '0',
  `is_default` tinyint unsigned NOT NULL DEFAULT '0',
  `created_at` timestamp NULL DEFAULT NULL,
  `updated_at` timestamp NULL DEFAULT NULL,
  PRIMARY KEY (`id`),
  KEY `parent_id` (`parent_id`),
  KEY `status` (`status`),
  KEY `created_at` (`created_at`)
) ENGINE=InnoDB AUTO_INCREMENT=5 DEFAULT CHARSET=utf8mb4 COLLATE=utf8mb4_unicode_ci;
/*!40101 SET character_set_client = @saved_cs_client */;

--
-- Dumping data for table `categories`
--

LOCK TABLES `categories` WRITE;
/*!40000 ALTER TABLE `categories` DISABLE KEYS */;
INSERT INTO `categories` VALUES (1,'Ecommerce',0,'Quo eius nostrum provident incidunt. Sint porro autem sunt et delectus. Impedit neque sit ut et amet.','published',1,'Botble\\ACL\\Models\\User',NULL,0,0,1,'2023-03-01 01:08:20','2023-03-01 01:08:20'),(2,'Fashion',0,'Ut ex voluptatibus id laudantium omnis. Iure ut accusamus delectus ea ut tenetur quasi. Natus eum id itaque qui quae. Id accusantium quidem dolor quia facere quod est vitae.','published',1,'Botble\\ACL\\Models\\User',NULL,0,1,0,'2023-03-01 01:08:20','2023-03-01 01:08:20'),(3,'Electronic',0,'Nam corrupti in dolor. Et dolor quasi veniam maxime totam et. Quidem maxime nulla dicta ut. Occaecati incidunt qui doloremque magni et dolorem debitis. Repudiandae molestiae quia vero animi est.','published',1,'Botble\\ACL\\Models\\User',NULL,0,1,0,'2023-03-01 01:08:20','2023-03-01 01:08:20'),(4,'Commercial',0,'Optio veniam explicabo aut sit eos fugit. At est distinctio dicta maiores a dolorum. Dolorem et animi dolore reprehenderit omnis sint. Aspernatur provident rerum ea quas vel eveniet expedita.','published',1,'Botble\\ACL\\Models\\User',NULL,0,1,0,'2023-03-01 01:08:20','2023-03-01 01:08:20');
/*!40000 ALTER TABLE `categories` ENABLE KEYS */;
UNLOCK TABLES;

--
-- Table structure for table `categories_translations`
--

DROP TABLE IF EXISTS `categories_translations`;
/*!40101 SET @saved_cs_client     = @@character_set_client */;
/*!50503 SET character_set_client = utf8mb4 */;
CREATE TABLE `categories_translations` (
  `lang_code` varchar(191) COLLATE utf8mb4_unicode_ci NOT NULL,
  `categories_id` bigint unsigned NOT NULL,
  `name` varchar(255) COLLATE utf8mb4_unicode_ci DEFAULT NULL,
  `description` varchar(400) COLLATE utf8mb4_unicode_ci DEFAULT NULL,
  PRIMARY KEY (`lang_code`,`categories_id`)
) ENGINE=InnoDB DEFAULT CHARSET=utf8mb4 COLLATE=utf8mb4_unicode_ci;
/*!40101 SET character_set_client = @saved_cs_client */;

--
-- Dumping data for table `categories_translations`
--

LOCK TABLES `categories_translations` WRITE;
/*!40000 ALTER TABLE `categories_translations` DISABLE KEYS */;
INSERT INTO `categories_translations` VALUES ('vi',1,'Thương mại điện tử',NULL),('vi',2,'Thời trang',NULL),('vi',3,'Điện tử',NULL),('vi',4,'Thương mại',NULL);
/*!40000 ALTER TABLE `categories_translations` ENABLE KEYS */;
UNLOCK TABLES;

--
-- Table structure for table `cities`
--

DROP TABLE IF EXISTS `cities`;
/*!40101 SET @saved_cs_client     = @@character_set_client */;
/*!50503 SET character_set_client = utf8mb4 */;
CREATE TABLE `cities` (
  `id` bigint unsigned NOT NULL AUTO_INCREMENT,
  `name` varchar(120) COLLATE utf8mb4_unicode_ci NOT NULL,
  `state_id` bigint unsigned NOT NULL,
  `country_id` bigint unsigned DEFAULT NULL,
  `record_id` varchar(40) COLLATE utf8mb4_unicode_ci DEFAULT NULL,
  `order` tinyint NOT NULL DEFAULT '0',
  `is_default` tinyint unsigned NOT NULL DEFAULT '0',
  `status` varchar(60) COLLATE utf8mb4_unicode_ci NOT NULL DEFAULT 'published',
  `created_at` timestamp NULL DEFAULT NULL,
  `updated_at` timestamp NULL DEFAULT NULL,
  PRIMARY KEY (`id`)
) ENGINE=InnoDB DEFAULT CHARSET=utf8mb4 COLLATE=utf8mb4_unicode_ci;
/*!40101 SET character_set_client = @saved_cs_client */;

--
-- Dumping data for table `cities`
--

LOCK TABLES `cities` WRITE;
/*!40000 ALTER TABLE `cities` DISABLE KEYS */;
/*!40000 ALTER TABLE `cities` ENABLE KEYS */;
UNLOCK TABLES;

--
-- Table structure for table `cities_translations`
--

DROP TABLE IF EXISTS `cities_translations`;
/*!40101 SET @saved_cs_client     = @@character_set_client */;
/*!50503 SET character_set_client = utf8mb4 */;
CREATE TABLE `cities_translations` (
  `lang_code` varchar(191) COLLATE utf8mb4_unicode_ci NOT NULL,
  `cities_id` bigint unsigned NOT NULL,
  `name` varchar(120) COLLATE utf8mb4_unicode_ci DEFAULT NULL,
  PRIMARY KEY (`lang_code`,`cities_id`)
) ENGINE=InnoDB DEFAULT CHARSET=utf8mb4 COLLATE=utf8mb4_unicode_ci;
/*!40101 SET character_set_client = @saved_cs_client */;

--
-- Dumping data for table `cities_translations`
--

LOCK TABLES `cities_translations` WRITE;
/*!40000 ALTER TABLE `cities_translations` DISABLE KEYS */;
/*!40000 ALTER TABLE `cities_translations` ENABLE KEYS */;
UNLOCK TABLES;

--
-- Table structure for table `contact_replies`
--

DROP TABLE IF EXISTS `contact_replies`;
/*!40101 SET @saved_cs_client     = @@character_set_client */;
/*!50503 SET character_set_client = utf8mb4 */;
CREATE TABLE `contact_replies` (
  `id` bigint unsigned NOT NULL AUTO_INCREMENT,
  `message` longtext COLLATE utf8mb4_unicode_ci NOT NULL,
  `contact_id` bigint unsigned NOT NULL,
  `created_at` timestamp NULL DEFAULT NULL,
  `updated_at` timestamp NULL DEFAULT NULL,
  PRIMARY KEY (`id`)
) ENGINE=InnoDB DEFAULT CHARSET=utf8mb4 COLLATE=utf8mb4_unicode_ci;
/*!40101 SET character_set_client = @saved_cs_client */;

--
-- Dumping data for table `contact_replies`
--

LOCK TABLES `contact_replies` WRITE;
/*!40000 ALTER TABLE `contact_replies` DISABLE KEYS */;
/*!40000 ALTER TABLE `contact_replies` ENABLE KEYS */;
UNLOCK TABLES;

--
-- Table structure for table `contacts`
--

DROP TABLE IF EXISTS `contacts`;
/*!40101 SET @saved_cs_client     = @@character_set_client */;
/*!50503 SET character_set_client = utf8mb4 */;
CREATE TABLE `contacts` (
  `id` bigint unsigned NOT NULL AUTO_INCREMENT,
  `name` varchar(60) COLLATE utf8mb4_unicode_ci NOT NULL,
  `email` varchar(60) COLLATE utf8mb4_unicode_ci NOT NULL,
  `phone` varchar(60) COLLATE utf8mb4_unicode_ci DEFAULT NULL,
  `address` varchar(120) COLLATE utf8mb4_unicode_ci DEFAULT NULL,
  `subject` varchar(120) COLLATE utf8mb4_unicode_ci DEFAULT NULL,
  `content` longtext COLLATE utf8mb4_unicode_ci NOT NULL,
  `status` varchar(60) COLLATE utf8mb4_unicode_ci NOT NULL DEFAULT 'unread',
  `created_at` timestamp NULL DEFAULT NULL,
  `updated_at` timestamp NULL DEFAULT NULL,
  PRIMARY KEY (`id`)
) ENGINE=InnoDB AUTO_INCREMENT=11 DEFAULT CHARSET=utf8mb4 COLLATE=utf8mb4_unicode_ci;
/*!40101 SET character_set_client = @saved_cs_client */;

--
-- Dumping data for table `contacts`
--

LOCK TABLES `contacts` WRITE;
/*!40000 ALTER TABLE `contacts` DISABLE KEYS */;
INSERT INTO `contacts` VALUES (1,'Edgardo Herman Sr.','kaitlin.nitzsche@example.net','260.725.4682','36252 Chasity Stravenue\nGerlachfurt, IL 24620-3152','Porro velit dolorem rerum.','Nulla laudantium officia sit ut veritatis cum nobis. At commodi deleniti nemo. Earum ipsam rerum nostrum quia magni ut voluptatibus. Blanditiis non sit vel architecto odit quos est aliquam. Odio ab saepe qui saepe veniam modi voluptate. Et sit et eveniet voluptas. Et porro praesentium aut quia explicabo. Architecto quisquam necessitatibus quam excepturi saepe dolor omnis. Fugit at et dolores optio delectus aspernatur dignissimos suscipit. Neque est maiores ullam nobis et itaque natus.','read','2023-03-01 01:08:20','2023-03-01 01:08:20'),(2,'Mr. Carlos Ankunding MD','giovanny93@example.net','+1.681.335.0605','190 Runolfsson Mountain Apt. 491\nAntwonbury, VA 20709-6360','Odio explicabo esse occaecati quod.','Et sed aut quibusdam veritatis. Suscipit enim alias qui iusto facilis temporibus eos. Vero perferendis vel velit explicabo sit impedit. Dolores quas voluptates magni nihil incidunt. Odit odit corporis corrupti voluptatem aspernatur voluptatibus vel. Accusamus quo rerum consequuntur deleniti. Odit quia sed non debitis expedita dolor nihil. Exercitationem aspernatur qui a quam provident pariatur qui. Quasi possimus beatae hic distinctio architecto incidunt eos.','read','2023-03-01 01:08:20','2023-03-01 01:08:20'),(3,'Kolby Ritchie','nora05@example.com','+1.281.390.8774','194 Eileen Point\nNorth Ryderville, IA 38638','Animi et cupiditate hic quaerat repudiandae.','Quia magnam nemo cum. Autem minus alias ad facere nemo ad praesentium repellendus. Veniam cupiditate nam dolorem. Eveniet sint est eum incidunt. At explicabo non libero ut magni soluta labore. Eaque accusamus aperiam explicabo quae. Tempora ex provident sed fuga debitis quam eos. Quia ab eos voluptatem sed repudiandae et similique. Distinctio ut voluptatum laudantium minima. Possimus dolor ex placeat fugiat recusandae qui nostrum.','unread','2023-03-01 01:08:20','2023-03-01 01:08:20'),(4,'Charlie McLaughlin','cremin.dallin@example.net','916-409-4397','964 Heaney Run\nWest Elza, DE 95436-4254','Consequatur fugiat velit aut.','Esse quia eos inventore illum. Necessitatibus ratione similique eveniet hic odit quo. Expedita dolorem quisquam et recusandae quia illo officia assumenda. Quaerat culpa quia consectetur nihil. Hic at eligendi qui magnam non. Illum quod et sequi quis non. Ut pariatur quis et pariatur dicta debitis. Cum debitis nihil sapiente. Ipsam nam eum odit quis a. Sit aut soluta dolores est dolor numquam sed. Reiciendis eum itaque nam velit. Libero dicta temporibus quibusdam excepturi fugit magnam.','unread','2023-03-01 01:08:20','2023-03-01 01:08:20'),(5,'Lysanne Gibson','crona.dorothea@example.org','+1 (478) 351-9700','863 Sauer Villages\nPort Nedra, WY 27172','Ab atque quibusdam animi fuga doloremque.','Quasi aut suscipit voluptas qui. Laborum eligendi error molestiae quisquam hic. Sunt provident sed quis ex aut eum. Eligendi et eos explicabo veritatis magnam. Modi et beatae vel inventore aut earum. Sed aut eveniet repellendus. Sed atque impedit atque error minima rerum sed. Labore nobis consequatur qui expedita et excepturi cupiditate. Quidem quam est iusto eius facilis beatae. Fuga ea aut quia.','read','2023-03-01 01:08:20','2023-03-01 01:08:20'),(6,'Giuseppe Schmidt','jerde.tevin@example.com','+1.602.699.4694','20360 Brenden Port\nLake Carolynmouth, IL 03710-6240','Deleniti quis ipsam placeat ut quam est natus.','Repellendus eligendi velit debitis. Voluptate occaecati dicta rerum ea sapiente et enim. Eos esse optio delectus ipsam a quis. Aspernatur non provident nulla itaque fuga doloribus velit. Expedita sapiente minus repellendus qui est reprehenderit iste fuga. Adipisci doloribus impedit in tempora a optio. Sit sit laudantium vel nesciunt facilis. Quibusdam iusto repudiandae fuga et voluptas reprehenderit. Perferendis veritatis voluptas eos velit sint omnis nam.','read','2023-03-01 01:08:20','2023-03-01 01:08:20'),(7,'Theodore Goyette MD','jay.tromp@example.net','+14583059419','836 Dax Greens\nDesmondport, LA 26354-9917','Cumque occaecati non sed.','Eum fugiat aspernatur error dolorem sequi incidunt. Excepturi beatae ea libero dicta. Eos eum qui ut sint autem impedit. Fuga praesentium omnis repellat. Voluptas omnis facilis in ut. Sed ut iste aliquid. Inventore debitis dolores adipisci commodi. Eos maiores sed quos odio fugiat. Ipsum voluptas aperiam officiis ut perferendis rem.','read','2023-03-01 01:08:20','2023-03-01 01:08:20'),(8,'Kaitlyn O\'Kon','mcclure.sharon@example.org','332.269.8523','795 Maye Isle\nWest Dakota, MN 45099-1448','Accusantium occaecati perspiciatis repellendus.','Corrupti exercitationem fugit recusandae repellendus tenetur. Enim assumenda vel consequuntur rerum est. Totam sed in nesciunt qui. Dolorem quos possimus ea qui occaecati iusto. Est id consequatur quia commodi qui quod. Optio et eum optio quo asperiores eveniet voluptatem. Nihil laudantium aliquid quisquam fuga maxime possimus. Fugit quaerat perferendis sed ut deserunt corrupti. Vero velit vitae aut.','unread','2023-03-01 01:08:20','2023-03-01 01:08:20'),(9,'Mrs. Reta Oberbrunner I','helmer.schimmel@example.org','(510) 574-7480','957 Herminia Forest\nNew Gaylord, NH 56295-8707','Odit quia est excepturi.','Culpa pariatur dolor provident consequatur ut voluptatem laboriosam. Accusamus necessitatibus exercitationem doloribus sunt non perferendis. Rerum unde ratione in repellat. At beatae enim accusamus praesentium. Vero cumque modi culpa assumenda odio labore. Vero fugit provident optio omnis consequatur ut et earum. Quasi voluptas ut consequatur quo. Sit est magnam quos non animi sint tempore.','unread','2023-03-01 01:08:20','2023-03-01 01:08:20'),(10,'Dr. Jamaal Gorczany PhD','bosco.jakayla@example.com','681-793-5408','63876 Mackenzie Cliff\nPort Quinnport, MN 55771-8080','In ipsa voluptatem dolor sed.','Et nam enim dignissimos. Repellat voluptatem optio repellat temporibus eum non qui explicabo. Ut ipsum quia nostrum architecto alias eos ullam. Animi recusandae repudiandae eveniet maiores voluptatibus qui quis. Praesentium assumenda consectetur rerum voluptatem illo et dolores. Tenetur neque delectus omnis reprehenderit nihil sunt. Labore error libero quasi qui ut. Inventore dolorem recusandae perspiciatis illum.','unread','2023-03-01 01:08:20','2023-03-01 01:08:20');
/*!40000 ALTER TABLE `contacts` ENABLE KEYS */;
UNLOCK TABLES;

--
-- Table structure for table `countries`
--

DROP TABLE IF EXISTS `countries`;
/*!40101 SET @saved_cs_client     = @@character_set_client */;
/*!50503 SET character_set_client = utf8mb4 */;
CREATE TABLE `countries` (
  `id` bigint unsigned NOT NULL AUTO_INCREMENT,
  `name` varchar(120) COLLATE utf8mb4_unicode_ci NOT NULL,
  `nationality` varchar(120) CHARACTER SET utf8mb4 COLLATE utf8mb4_unicode_ci DEFAULT NULL,
  `order` tinyint NOT NULL DEFAULT '0',
  `is_default` tinyint unsigned NOT NULL DEFAULT '0',
  `status` varchar(60) COLLATE utf8mb4_unicode_ci NOT NULL DEFAULT 'published',
  `created_at` timestamp NULL DEFAULT NULL,
  `updated_at` timestamp NULL DEFAULT NULL,
  `code` varchar(10) COLLATE utf8mb4_unicode_ci DEFAULT NULL,
  PRIMARY KEY (`id`)
) ENGINE=InnoDB DEFAULT CHARSET=utf8mb4 COLLATE=utf8mb4_unicode_ci;
/*!40101 SET character_set_client = @saved_cs_client */;

--
-- Dumping data for table `countries`
--

LOCK TABLES `countries` WRITE;
/*!40000 ALTER TABLE `countries` DISABLE KEYS */;
/*!40000 ALTER TABLE `countries` ENABLE KEYS */;
UNLOCK TABLES;

--
-- Table structure for table `countries_translations`
--

DROP TABLE IF EXISTS `countries_translations`;
/*!40101 SET @saved_cs_client     = @@character_set_client */;
/*!50503 SET character_set_client = utf8mb4 */;
CREATE TABLE `countries_translations` (
  `lang_code` varchar(191) COLLATE utf8mb4_unicode_ci NOT NULL,
  `countries_id` bigint unsigned NOT NULL,
  `name` varchar(120) COLLATE utf8mb4_unicode_ci DEFAULT NULL,
  `nationality` varchar(120) COLLATE utf8mb4_unicode_ci DEFAULT NULL,
  PRIMARY KEY (`lang_code`,`countries_id`)
) ENGINE=InnoDB DEFAULT CHARSET=utf8mb4 COLLATE=utf8mb4_unicode_ci;
/*!40101 SET character_set_client = @saved_cs_client */;

--
-- Dumping data for table `countries_translations`
--

LOCK TABLES `countries_translations` WRITE;
/*!40000 ALTER TABLE `countries_translations` DISABLE KEYS */;
/*!40000 ALTER TABLE `countries_translations` ENABLE KEYS */;
UNLOCK TABLES;

--
-- Table structure for table `dashboard_widget_settings`
--

DROP TABLE IF EXISTS `dashboard_widget_settings`;
/*!40101 SET @saved_cs_client     = @@character_set_client */;
/*!50503 SET character_set_client = utf8mb4 */;
CREATE TABLE `dashboard_widget_settings` (
  `id` bigint unsigned NOT NULL AUTO_INCREMENT,
  `settings` text COLLATE utf8mb4_unicode_ci,
  `user_id` bigint unsigned NOT NULL,
  `widget_id` bigint unsigned NOT NULL,
  `order` tinyint unsigned NOT NULL DEFAULT '0',
  `status` tinyint unsigned NOT NULL DEFAULT '1',
  `created_at` timestamp NULL DEFAULT NULL,
  `updated_at` timestamp NULL DEFAULT NULL,
  PRIMARY KEY (`id`),
  KEY `dashboard_widget_settings_user_id_index` (`user_id`),
  KEY `dashboard_widget_settings_widget_id_index` (`widget_id`)
) ENGINE=InnoDB DEFAULT CHARSET=utf8mb4 COLLATE=utf8mb4_unicode_ci;
/*!40101 SET character_set_client = @saved_cs_client */;

--
-- Dumping data for table `dashboard_widget_settings`
--

LOCK TABLES `dashboard_widget_settings` WRITE;
/*!40000 ALTER TABLE `dashboard_widget_settings` DISABLE KEYS */;
/*!40000 ALTER TABLE `dashboard_widget_settings` ENABLE KEYS */;
UNLOCK TABLES;

--
-- Table structure for table `dashboard_widgets`
--

DROP TABLE IF EXISTS `dashboard_widgets`;
/*!40101 SET @saved_cs_client     = @@character_set_client */;
/*!50503 SET character_set_client = utf8mb4 */;
CREATE TABLE `dashboard_widgets` (
  `id` bigint unsigned NOT NULL AUTO_INCREMENT,
  `name` varchar(120) COLLATE utf8mb4_unicode_ci NOT NULL,
  `created_at` timestamp NULL DEFAULT NULL,
  `updated_at` timestamp NULL DEFAULT NULL,
  PRIMARY KEY (`id`)
) ENGINE=InnoDB DEFAULT CHARSET=utf8mb4 COLLATE=utf8mb4_unicode_ci;
/*!40101 SET character_set_client = @saved_cs_client */;

--
-- Dumping data for table `dashboard_widgets`
--

LOCK TABLES `dashboard_widgets` WRITE;
/*!40000 ALTER TABLE `dashboard_widgets` DISABLE KEYS */;
/*!40000 ALTER TABLE `dashboard_widgets` ENABLE KEYS */;
UNLOCK TABLES;

--
-- Table structure for table `ec_brands`
--

DROP TABLE IF EXISTS `ec_brands`;
/*!40101 SET @saved_cs_client     = @@character_set_client */;
/*!50503 SET character_set_client = utf8mb4 */;
CREATE TABLE `ec_brands` (
  `id` bigint unsigned NOT NULL AUTO_INCREMENT,
  `name` varchar(191) COLLATE utf8mb4_unicode_ci NOT NULL,
  `description` mediumtext COLLATE utf8mb4_unicode_ci,
  `website` varchar(255) COLLATE utf8mb4_unicode_ci DEFAULT NULL,
  `logo` varchar(255) COLLATE utf8mb4_unicode_ci DEFAULT NULL,
  `status` varchar(60) COLLATE utf8mb4_unicode_ci NOT NULL DEFAULT 'published',
  `order` tinyint unsigned NOT NULL DEFAULT '0',
  `is_featured` tinyint unsigned NOT NULL DEFAULT '0',
  `created_at` timestamp NULL DEFAULT NULL,
  `updated_at` timestamp NULL DEFAULT NULL,
  PRIMARY KEY (`id`)
) ENGINE=InnoDB AUTO_INCREMENT=8 DEFAULT CHARSET=utf8mb4 COLLATE=utf8mb4_unicode_ci;
/*!40101 SET character_set_client = @saved_cs_client */;

--
-- Dumping data for table `ec_brands`
--

LOCK TABLES `ec_brands` WRITE;
/*!40000 ALTER TABLE `ec_brands` DISABLE KEYS */;
INSERT INTO `ec_brands` VALUES (1,'Fashion live',NULL,NULL,'brands/1.jpg','published',0,1,'2023-03-01 01:08:13','2023-03-01 01:08:13'),(2,'Hand crafted',NULL,NULL,'brands/2.jpg','published',1,1,'2023-03-01 01:08:13','2023-03-01 01:08:13'),(3,'Mestonix',NULL,NULL,'brands/3.jpg','published',2,1,'2023-03-01 01:08:13','2023-03-01 01:08:13'),(4,'Sunshine',NULL,NULL,'brands/4.jpg','published',3,1,'2023-03-01 01:08:13','2023-03-01 01:08:13'),(5,'Pure',NULL,NULL,'brands/5.jpg','published',4,1,'2023-03-01 01:08:13','2023-03-01 01:08:13'),(6,'Anfold',NULL,NULL,'brands/6.jpg','published',5,1,'2023-03-01 01:08:13','2023-03-01 01:08:13'),(7,'Automotive',NULL,NULL,'brands/7.jpg','published',6,1,'2023-03-01 01:08:13','2023-03-01 01:08:13');
/*!40000 ALTER TABLE `ec_brands` ENABLE KEYS */;
UNLOCK TABLES;

--
-- Table structure for table `ec_brands_translations`
--

DROP TABLE IF EXISTS `ec_brands_translations`;
/*!40101 SET @saved_cs_client     = @@character_set_client */;
/*!50503 SET character_set_client = utf8mb4 */;
CREATE TABLE `ec_brands_translations` (
  `lang_code` varchar(191) COLLATE utf8mb4_unicode_ci NOT NULL,
  `ec_brands_id` bigint unsigned NOT NULL,
  `name` varchar(191) COLLATE utf8mb4_unicode_ci DEFAULT NULL,
  `description` varchar(191) COLLATE utf8mb4_unicode_ci DEFAULT NULL,
  PRIMARY KEY (`lang_code`,`ec_brands_id`)
) ENGINE=InnoDB DEFAULT CHARSET=utf8mb4 COLLATE=utf8mb4_unicode_ci;
/*!40101 SET character_set_client = @saved_cs_client */;

--
-- Dumping data for table `ec_brands_translations`
--

LOCK TABLES `ec_brands_translations` WRITE;
/*!40000 ALTER TABLE `ec_brands_translations` DISABLE KEYS */;
INSERT INTO `ec_brands_translations` VALUES ('vi',1,'Fashion live',NULL),('vi',2,'Hand crafted',NULL),('vi',3,'Mestonix',NULL),('vi',4,'Sunshine',NULL),('vi',5,'Pure',NULL),('vi',6,'Anfold',NULL),('vi',7,'Automotive',NULL);
/*!40000 ALTER TABLE `ec_brands_translations` ENABLE KEYS */;
UNLOCK TABLES;

--
-- Table structure for table `ec_cart`
--

DROP TABLE IF EXISTS `ec_cart`;
/*!40101 SET @saved_cs_client     = @@character_set_client */;
/*!50503 SET character_set_client = utf8mb4 */;
CREATE TABLE `ec_cart` (
  `identifier` varchar(191) COLLATE utf8mb4_unicode_ci NOT NULL,
  `instance` varchar(191) COLLATE utf8mb4_unicode_ci NOT NULL,
  `content` longtext COLLATE utf8mb4_unicode_ci NOT NULL,
  `created_at` timestamp NULL DEFAULT NULL,
  `updated_at` timestamp NULL DEFAULT NULL,
  PRIMARY KEY (`identifier`,`instance`)
) ENGINE=InnoDB DEFAULT CHARSET=utf8mb4 COLLATE=utf8mb4_unicode_ci;
/*!40101 SET character_set_client = @saved_cs_client */;

--
-- Dumping data for table `ec_cart`
--

LOCK TABLES `ec_cart` WRITE;
/*!40000 ALTER TABLE `ec_cart` DISABLE KEYS */;
/*!40000 ALTER TABLE `ec_cart` ENABLE KEYS */;
UNLOCK TABLES;

--
-- Table structure for table `ec_currencies`
--

DROP TABLE IF EXISTS `ec_currencies`;
/*!40101 SET @saved_cs_client     = @@character_set_client */;
/*!50503 SET character_set_client = utf8mb4 */;
CREATE TABLE `ec_currencies` (
  `id` bigint unsigned NOT NULL AUTO_INCREMENT,
  `title` varchar(191) COLLATE utf8mb4_unicode_ci NOT NULL,
  `symbol` varchar(10) COLLATE utf8mb4_unicode_ci NOT NULL,
  `is_prefix_symbol` tinyint unsigned NOT NULL DEFAULT '0',
  `decimals` tinyint unsigned DEFAULT '0',
  `order` int unsigned DEFAULT '0',
  `is_default` tinyint NOT NULL DEFAULT '0',
  `exchange_rate` double NOT NULL DEFAULT '1',
  `created_at` timestamp NULL DEFAULT NULL,
  `updated_at` timestamp NULL DEFAULT NULL,
  PRIMARY KEY (`id`)
) ENGINE=InnoDB AUTO_INCREMENT=4 DEFAULT CHARSET=utf8mb4 COLLATE=utf8mb4_unicode_ci;
/*!40101 SET character_set_client = @saved_cs_client */;

--
-- Dumping data for table `ec_currencies`
--

LOCK TABLES `ec_currencies` WRITE;
/*!40000 ALTER TABLE `ec_currencies` DISABLE KEYS */;
INSERT INTO `ec_currencies` VALUES (1,'USD','$',1,2,0,1,1,'2023-03-01 01:08:13','2023-03-01 01:08:13'),(2,'EUR','€',0,2,1,0,0.84,'2023-03-01 01:08:13','2023-03-01 01:08:13'),(3,'VND','₫',0,0,2,0,23203,'2023-03-01 01:08:13','2023-03-01 01:08:13');
/*!40000 ALTER TABLE `ec_currencies` ENABLE KEYS */;
UNLOCK TABLES;

--
-- Table structure for table `ec_customer_addresses`
--

DROP TABLE IF EXISTS `ec_customer_addresses`;
/*!40101 SET @saved_cs_client     = @@character_set_client */;
/*!50503 SET character_set_client = utf8mb4 */;
CREATE TABLE `ec_customer_addresses` (
  `id` bigint unsigned NOT NULL AUTO_INCREMENT,
  `name` varchar(191) COLLATE utf8mb4_unicode_ci NOT NULL,
  `email` varchar(60) COLLATE utf8mb4_unicode_ci DEFAULT NULL,
  `phone` varchar(20) CHARACTER SET utf8mb4 COLLATE utf8mb4_unicode_ci DEFAULT NULL,
  `country` varchar(120) COLLATE utf8mb4_unicode_ci DEFAULT NULL,
  `state` varchar(120) COLLATE utf8mb4_unicode_ci DEFAULT NULL,
  `city` varchar(120) COLLATE utf8mb4_unicode_ci DEFAULT NULL,
  `address` varchar(191) COLLATE utf8mb4_unicode_ci NOT NULL,
  `customer_id` bigint unsigned NOT NULL,
  `is_default` tinyint unsigned NOT NULL DEFAULT '0',
  `created_at` timestamp NULL DEFAULT NULL,
  `updated_at` timestamp NULL DEFAULT NULL,
  `zip_code` varchar(20) COLLATE utf8mb4_unicode_ci DEFAULT NULL,
  PRIMARY KEY (`id`)
) ENGINE=InnoDB AUTO_INCREMENT=13 DEFAULT CHARSET=utf8mb4 COLLATE=utf8mb4_unicode_ci;
/*!40101 SET character_set_client = @saved_cs_client */;

--
-- Dumping data for table `ec_customer_addresses`
--

LOCK TABLES `ec_customer_addresses` WRITE;
/*!40000 ALTER TABLE `ec_customer_addresses` DISABLE KEYS */;
INSERT INTO `ec_customer_addresses` VALUES (1,'Asha White','customer@botble.com','+15126274515','MG','Hawaii','East Raeganstad','9546 Harvey Isle Apt. 108',1,1,'2023-03-01 01:08:19','2023-03-01 01:08:19','57844'),(2,'Asha White','customer@botble.com','+15412850723','HT','Vermont','South Wilfordhaven','906 Rebekah Villages',1,0,'2023-03-01 01:08:19','2023-03-01 01:08:19','12497-1990'),(3,'Berenice Kertzmann','vendor@botble.com','+13602311866','AS','Louisiana','Bruenborough','578 Mary Creek Apt. 413',2,1,'2023-03-01 01:08:19','2023-03-01 01:08:19','18276'),(4,'Berenice Kertzmann','vendor@botble.com','+18636374808','GF','New Jersey','Danton','994 Hester Groves',2,0,'2023-03-01 01:08:19','2023-03-01 01:08:19','36807'),(5,'Devan Walsh','edmond94@example.net','+19289544358','LV','Delaware','Elwinville','5588 Predovic Forks',3,1,'2023-03-01 01:08:19','2023-03-01 01:08:19','49975'),(6,'Lavinia Swaniawski','kassandra.stanton@example.net','+12833921869','YT','Kentucky','North Hassie','82857 Peter Orchard',4,1,'2023-03-01 01:08:19','2023-03-01 01:08:19','64811-2722'),(7,'Dr. Lesley Pfannerstill','wilford.mante@example.org','+17329750666','BA','New Mexico','Wunschland','991 Linnie Well Apt. 812',5,1,'2023-03-01 01:08:19','2023-03-01 01:08:19','88738'),(8,'Emma Considine','paucek.reynold@example.net','+16406400424','KW','Oklahoma','South Samantamouth','1725 Conn Isle Apt. 717',6,1,'2023-03-01 01:08:19','2023-03-01 01:08:19','34548'),(9,'Jarred Boyer PhD','creichert@example.net','+15183674459','AT','Maine','Thielmouth','1093 Geovany Brook Suite 237',7,1,'2023-03-01 01:08:19','2023-03-01 01:08:19','68756'),(10,'Erling Yost','simonis.toy@example.com','+12406469350','TZ','Michigan','West Bert','423 Juanita Valley Suite 911',8,1,'2023-03-01 01:08:19','2023-03-01 01:08:19','17094-6790'),(11,'Ilene Bahringer','lisandro.lockman@example.org','+15412246687','AS','Alaska','Lake Stephenfort','812 Price Causeway Suite 304',9,1,'2023-03-01 01:08:19','2023-03-01 01:08:19','77428'),(12,'Prof. Maudie Bechtelar II','mabelle.trantow@example.com','+12163907108','NE','Texas','Baronshire','1514 Nikolas Pine',10,1,'2023-03-01 01:08:19','2023-03-01 01:08:19','51997');
/*!40000 ALTER TABLE `ec_customer_addresses` ENABLE KEYS */;
UNLOCK TABLES;

--
-- Table structure for table `ec_customer_password_resets`
--

DROP TABLE IF EXISTS `ec_customer_password_resets`;
/*!40101 SET @saved_cs_client     = @@character_set_client */;
/*!50503 SET character_set_client = utf8mb4 */;
CREATE TABLE `ec_customer_password_resets` (
  `email` varchar(191) COLLATE utf8mb4_unicode_ci NOT NULL,
  `token` varchar(191) COLLATE utf8mb4_unicode_ci NOT NULL,
  `created_at` timestamp NULL DEFAULT NULL,
  KEY `ec_customer_password_resets_email_index` (`email`),
  KEY `ec_customer_password_resets_token_index` (`token`)
) ENGINE=InnoDB DEFAULT CHARSET=utf8mb4 COLLATE=utf8mb4_unicode_ci;
/*!40101 SET character_set_client = @saved_cs_client */;

--
-- Dumping data for table `ec_customer_password_resets`
--

LOCK TABLES `ec_customer_password_resets` WRITE;
/*!40000 ALTER TABLE `ec_customer_password_resets` DISABLE KEYS */;
/*!40000 ALTER TABLE `ec_customer_password_resets` ENABLE KEYS */;
UNLOCK TABLES;

--
-- Table structure for table `ec_customer_recently_viewed_products`
--

DROP TABLE IF EXISTS `ec_customer_recently_viewed_products`;
/*!40101 SET @saved_cs_client     = @@character_set_client */;
/*!50503 SET character_set_client = utf8mb4 */;
CREATE TABLE `ec_customer_recently_viewed_products` (
  `id` bigint unsigned NOT NULL AUTO_INCREMENT,
  `customer_id` bigint unsigned NOT NULL,
  `product_id` bigint unsigned NOT NULL,
  PRIMARY KEY (`id`)
) ENGINE=InnoDB DEFAULT CHARSET=utf8mb4 COLLATE=utf8mb4_unicode_ci;
/*!40101 SET character_set_client = @saved_cs_client */;

--
-- Dumping data for table `ec_customer_recently_viewed_products`
--

LOCK TABLES `ec_customer_recently_viewed_products` WRITE;
/*!40000 ALTER TABLE `ec_customer_recently_viewed_products` DISABLE KEYS */;
/*!40000 ALTER TABLE `ec_customer_recently_viewed_products` ENABLE KEYS */;
UNLOCK TABLES;

--
-- Table structure for table `ec_customer_used_coupons`
--

DROP TABLE IF EXISTS `ec_customer_used_coupons`;
/*!40101 SET @saved_cs_client     = @@character_set_client */;
/*!50503 SET character_set_client = utf8mb4 */;
CREATE TABLE `ec_customer_used_coupons` (
  `discount_id` bigint unsigned NOT NULL,
  `customer_id` bigint unsigned NOT NULL,
  PRIMARY KEY (`discount_id`,`customer_id`)
) ENGINE=InnoDB DEFAULT CHARSET=utf8mb4 COLLATE=utf8mb4_unicode_ci;
/*!40101 SET character_set_client = @saved_cs_client */;

--
-- Dumping data for table `ec_customer_used_coupons`
--

LOCK TABLES `ec_customer_used_coupons` WRITE;
/*!40000 ALTER TABLE `ec_customer_used_coupons` DISABLE KEYS */;
/*!40000 ALTER TABLE `ec_customer_used_coupons` ENABLE KEYS */;
UNLOCK TABLES;

--
-- Table structure for table `ec_customers`
--

DROP TABLE IF EXISTS `ec_customers`;
/*!40101 SET @saved_cs_client     = @@character_set_client */;
/*!50503 SET character_set_client = utf8mb4 */;
CREATE TABLE `ec_customers` (
  `id` bigint unsigned NOT NULL AUTO_INCREMENT,
  `name` varchar(191) COLLATE utf8mb4_unicode_ci NOT NULL,
  `email` varchar(191) COLLATE utf8mb4_unicode_ci NOT NULL,
  `password` varchar(191) COLLATE utf8mb4_unicode_ci NOT NULL,
  `avatar` varchar(255) COLLATE utf8mb4_unicode_ci DEFAULT NULL,
  `dob` date DEFAULT NULL,
  `phone` varchar(25) COLLATE utf8mb4_unicode_ci DEFAULT NULL,
  `remember_token` varchar(100) COLLATE utf8mb4_unicode_ci DEFAULT NULL,
  `created_at` timestamp NULL DEFAULT NULL,
  `updated_at` timestamp NULL DEFAULT NULL,
  `confirmed_at` datetime DEFAULT NULL,
  `email_verify_token` varchar(120) COLLATE utf8mb4_unicode_ci DEFAULT NULL,
  `status` varchar(60) COLLATE utf8mb4_unicode_ci NOT NULL DEFAULT 'activated',
  `is_vendor` tinyint(1) NOT NULL DEFAULT '0',
  `vendor_verified_at` datetime DEFAULT NULL,
  PRIMARY KEY (`id`),
  UNIQUE KEY `ec_customers_email_unique` (`email`)
) ENGINE=InnoDB AUTO_INCREMENT=11 DEFAULT CHARSET=utf8mb4 COLLATE=utf8mb4_unicode_ci;
/*!40101 SET character_set_client = @saved_cs_client */;

--
-- Dumping data for table `ec_customers`
--

LOCK TABLES `ec_customers` WRITE;
/*!40000 ALTER TABLE `ec_customers` DISABLE KEYS */;
INSERT INTO `ec_customers` VALUES (1,'Asha White','customer@botble.com','$2y$10$XeM9RnPMV0VkMqhlzzkgyuRfp9zoFhO5N7400wN6UobPwy2C0kfv2','customers/1.jpg','1983-02-10','+18546890485',NULL,'2023-03-01 01:08:19','2023-03-01 01:08:19','2023-03-01 08:08:19',NULL,'activated',0,NULL),(2,'Berenice Kertzmann','vendor@botble.com','$2y$10$7IigDtwo.53tYoAj8QgRiujt5MGFHXe7a4yPT4VuzOdTn9ymVYB9S','customers/7.jpg','1999-02-25','+12517535331',NULL,'2023-03-01 01:08:19','2023-03-01 01:08:23','2023-03-01 08:08:19',NULL,'activated',1,'2023-03-01 08:08:23'),(3,'Devan Walsh','edmond94@example.net','$2y$10$S5JNbuFr0MctolEY6wvxGuSVAOpxKfOnVwQaljdimtR4Y5Nw7iXIu','customers/1.jpg','1981-02-21','+15043634584',NULL,'2023-03-01 01:08:19','2023-03-01 01:08:23','2023-03-01 08:08:19',NULL,'activated',1,'2023-03-01 08:08:23'),(4,'Lavinia Swaniawski','kassandra.stanton@example.net','$2y$10$xSMDBRd./JNdxcrCyP8yjeX1D5yrRq9fFQX494ADmcDXP27HJ8HOW','customers/2.jpg','1996-02-03','+12024754221',NULL,'2023-03-01 01:08:19','2023-03-01 01:08:19','2023-03-01 08:08:19',NULL,'activated',0,NULL),(5,'Dr. Lesley Pfannerstill','wilford.mante@example.org','$2y$10$jIh.VUF3Pneg5c41YjRjUOr1tgAs7aIYPt2QWBZ6C2/jzz8wvYL3G','customers/3.jpg','1974-02-20','+13416388371',NULL,'2023-03-01 01:08:19','2023-03-01 01:08:23','2023-03-01 08:08:19',NULL,'activated',1,'2023-03-01 08:08:23'),(6,'Emma Considine','paucek.reynold@example.net','$2y$10$1KB0.yNnOGrezClqdcM7B.5j8wnYLhQkeUWE0DG6EZuFuTcRKZTei','customers/4.jpg','1976-02-19','+14634496018',NULL,'2023-03-01 01:08:19','2023-03-01 01:08:19','2023-03-01 08:08:19',NULL,'activated',0,NULL),(7,'Jarred Boyer PhD','creichert@example.net','$2y$10$ZOWoY.MTqrB6osnEKnceJuWCkdkpMdSrYZFOqX2JMsKjtVjoMXkWe','customers/5.jpg','1996-02-20','+12397123451',NULL,'2023-03-01 01:08:19','2023-03-01 01:08:19','2023-03-01 08:08:19',NULL,'activated',0,NULL),(8,'Erling Yost','simonis.toy@example.com','$2y$10$JjJ/AfI/ZP8CWSPW7zJXK.va99zOSZ3n.ToXqI7aOcDhvVBa8MC/G','customers/6.jpg','1998-02-05','+13108213193',NULL,'2023-03-01 01:08:19','2023-03-01 01:08:19','2023-03-01 08:08:19',NULL,'activated',0,NULL),(9,'Ilene Bahringer','lisandro.lockman@example.org','$2y$10$bd8u/TY3VZUUXqY.6hZsSeRuAfllZQElSAyEX4LrS26CuNzn32Er2','customers/7.jpg','1989-02-22','+17697607365',NULL,'2023-03-01 01:08:19','2023-03-01 01:08:23','2023-03-01 08:08:19',NULL,'activated',1,'2023-03-01 08:08:23'),(10,'Prof. Maudie Bechtelar II','mabelle.trantow@example.com','$2y$10$9fcq8oz2mgl7bvulQjUX3eOMsIrYPyxaDtEPKTIBQVdLF0EhsXbES','customers/8.jpg','1973-02-27','+12694800631',NULL,'2023-03-01 01:08:19','2023-03-01 01:08:19','2023-03-01 08:08:19',NULL,'activated',0,NULL);
/*!40000 ALTER TABLE `ec_customers` ENABLE KEYS */;
UNLOCK TABLES;

--
-- Table structure for table `ec_discount_customers`
--

DROP TABLE IF EXISTS `ec_discount_customers`;
/*!40101 SET @saved_cs_client     = @@character_set_client */;
/*!50503 SET character_set_client = utf8mb4 */;
CREATE TABLE `ec_discount_customers` (
  `discount_id` bigint unsigned NOT NULL,
  `customer_id` bigint unsigned NOT NULL,
  PRIMARY KEY (`discount_id`,`customer_id`)
) ENGINE=InnoDB DEFAULT CHARSET=utf8mb4 COLLATE=utf8mb4_unicode_ci;
/*!40101 SET character_set_client = @saved_cs_client */;

--
-- Dumping data for table `ec_discount_customers`
--

LOCK TABLES `ec_discount_customers` WRITE;
/*!40000 ALTER TABLE `ec_discount_customers` DISABLE KEYS */;
/*!40000 ALTER TABLE `ec_discount_customers` ENABLE KEYS */;
UNLOCK TABLES;

--
-- Table structure for table `ec_discount_product_collections`
--

DROP TABLE IF EXISTS `ec_discount_product_collections`;
/*!40101 SET @saved_cs_client     = @@character_set_client */;
/*!50503 SET character_set_client = utf8mb4 */;
CREATE TABLE `ec_discount_product_collections` (
  `discount_id` bigint unsigned NOT NULL,
  `product_collection_id` bigint unsigned NOT NULL,
  PRIMARY KEY (`discount_id`,`product_collection_id`)
) ENGINE=InnoDB DEFAULT CHARSET=utf8mb4 COLLATE=utf8mb4_unicode_ci;
/*!40101 SET character_set_client = @saved_cs_client */;

--
-- Dumping data for table `ec_discount_product_collections`
--

LOCK TABLES `ec_discount_product_collections` WRITE;
/*!40000 ALTER TABLE `ec_discount_product_collections` DISABLE KEYS */;
/*!40000 ALTER TABLE `ec_discount_product_collections` ENABLE KEYS */;
UNLOCK TABLES;

--
-- Table structure for table `ec_discount_products`
--

DROP TABLE IF EXISTS `ec_discount_products`;
/*!40101 SET @saved_cs_client     = @@character_set_client */;
/*!50503 SET character_set_client = utf8mb4 */;
CREATE TABLE `ec_discount_products` (
  `discount_id` bigint unsigned NOT NULL,
  `product_id` bigint unsigned NOT NULL,
  PRIMARY KEY (`discount_id`,`product_id`)
) ENGINE=InnoDB DEFAULT CHARSET=utf8mb4 COLLATE=utf8mb4_unicode_ci;
/*!40101 SET character_set_client = @saved_cs_client */;

--
-- Dumping data for table `ec_discount_products`
--

LOCK TABLES `ec_discount_products` WRITE;
/*!40000 ALTER TABLE `ec_discount_products` DISABLE KEYS */;
/*!40000 ALTER TABLE `ec_discount_products` ENABLE KEYS */;
UNLOCK TABLES;

--
-- Table structure for table `ec_discounts`
--

DROP TABLE IF EXISTS `ec_discounts`;
/*!40101 SET @saved_cs_client     = @@character_set_client */;
/*!50503 SET character_set_client = utf8mb4 */;
CREATE TABLE `ec_discounts` (
  `id` bigint unsigned NOT NULL AUTO_INCREMENT,
  `title` varchar(120) COLLATE utf8mb4_unicode_ci DEFAULT NULL,
  `code` varchar(20) COLLATE utf8mb4_unicode_ci DEFAULT NULL,
  `start_date` datetime DEFAULT NULL,
  `end_date` datetime DEFAULT NULL,
  `quantity` int DEFAULT NULL,
  `total_used` int unsigned NOT NULL DEFAULT '0',
  `value` double DEFAULT NULL,
  `type` varchar(60) COLLATE utf8mb4_unicode_ci DEFAULT 'coupon',
  `can_use_with_promotion` tinyint(1) NOT NULL DEFAULT '0',
  `discount_on` varchar(20) COLLATE utf8mb4_unicode_ci DEFAULT NULL,
  `product_quantity` int unsigned DEFAULT NULL,
  `type_option` varchar(100) COLLATE utf8mb4_unicode_ci NOT NULL DEFAULT 'amount',
  `target` varchar(100) COLLATE utf8mb4_unicode_ci NOT NULL DEFAULT 'all-orders',
  `min_order_price` decimal(15,2) DEFAULT NULL,
  `created_at` timestamp NULL DEFAULT NULL,
  `updated_at` timestamp NULL DEFAULT NULL,
  `store_id` bigint unsigned DEFAULT NULL,
  PRIMARY KEY (`id`),
  UNIQUE KEY `ec_discounts_code_unique` (`code`)
) ENGINE=InnoDB DEFAULT CHARSET=utf8mb4 COLLATE=utf8mb4_unicode_ci;
/*!40101 SET character_set_client = @saved_cs_client */;

--
-- Dumping data for table `ec_discounts`
--

LOCK TABLES `ec_discounts` WRITE;
/*!40000 ALTER TABLE `ec_discounts` DISABLE KEYS */;
/*!40000 ALTER TABLE `ec_discounts` ENABLE KEYS */;
UNLOCK TABLES;

--
-- Table structure for table `ec_flash_sale_products`
--

DROP TABLE IF EXISTS `ec_flash_sale_products`;
/*!40101 SET @saved_cs_client     = @@character_set_client */;
/*!50503 SET character_set_client = utf8mb4 */;
CREATE TABLE `ec_flash_sale_products` (
  `flash_sale_id` bigint unsigned NOT NULL,
  `product_id` bigint unsigned NOT NULL,
  `price` double unsigned DEFAULT NULL,
  `quantity` int unsigned DEFAULT NULL,
  `sold` int unsigned NOT NULL DEFAULT '0'
) ENGINE=InnoDB DEFAULT CHARSET=utf8mb4 COLLATE=utf8mb4_unicode_ci;
/*!40101 SET character_set_client = @saved_cs_client */;

--
-- Dumping data for table `ec_flash_sale_products`
--

LOCK TABLES `ec_flash_sale_products` WRITE;
/*!40000 ALTER TABLE `ec_flash_sale_products` DISABLE KEYS */;
INSERT INTO `ec_flash_sale_products` VALUES (1,1,32.9025,20,1),(1,2,24.3,17,4),(1,3,14.4,12,5),(1,4,182.04,8,1),(1,5,308.52,14,2),(1,6,236.88,13,2),(1,7,532.22,14,2),(1,8,795.887,15,5),(1,9,274.01,15,1),(1,10,422.1,20,1);
/*!40000 ALTER TABLE `ec_flash_sale_products` ENABLE KEYS */;
UNLOCK TABLES;

--
-- Table structure for table `ec_flash_sales`
--

DROP TABLE IF EXISTS `ec_flash_sales`;
/*!40101 SET @saved_cs_client     = @@character_set_client */;
/*!50503 SET character_set_client = utf8mb4 */;
CREATE TABLE `ec_flash_sales` (
  `id` bigint unsigned NOT NULL AUTO_INCREMENT,
  `name` varchar(255) COLLATE utf8mb4_unicode_ci NOT NULL,
  `end_date` datetime NOT NULL,
  `status` varchar(60) COLLATE utf8mb4_unicode_ci NOT NULL DEFAULT 'published',
  `created_at` timestamp NULL DEFAULT NULL,
  `updated_at` timestamp NULL DEFAULT NULL,
  PRIMARY KEY (`id`)
) ENGINE=InnoDB AUTO_INCREMENT=2 DEFAULT CHARSET=utf8mb4 COLLATE=utf8mb4_unicode_ci;
/*!40101 SET character_set_client = @saved_cs_client */;

--
-- Dumping data for table `ec_flash_sales`
--

LOCK TABLES `ec_flash_sales` WRITE;
/*!40000 ALTER TABLE `ec_flash_sales` DISABLE KEYS */;
INSERT INTO `ec_flash_sales` VALUES (1,'Winter Sale','2023-03-31 00:00:00','published','2023-03-01 01:08:20','2023-03-01 01:08:20');
/*!40000 ALTER TABLE `ec_flash_sales` ENABLE KEYS */;
UNLOCK TABLES;

--
-- Table structure for table `ec_flash_sales_translations`
--

DROP TABLE IF EXISTS `ec_flash_sales_translations`;
/*!40101 SET @saved_cs_client     = @@character_set_client */;
/*!50503 SET character_set_client = utf8mb4 */;
CREATE TABLE `ec_flash_sales_translations` (
  `lang_code` varchar(191) COLLATE utf8mb4_unicode_ci NOT NULL,
  `ec_flash_sales_id` bigint unsigned NOT NULL,
  `name` varchar(191) COLLATE utf8mb4_unicode_ci DEFAULT NULL,
  PRIMARY KEY (`lang_code`,`ec_flash_sales_id`)
) ENGINE=InnoDB DEFAULT CHARSET=utf8mb4 COLLATE=utf8mb4_unicode_ci;
/*!40101 SET character_set_client = @saved_cs_client */;

--
-- Dumping data for table `ec_flash_sales_translations`
--

LOCK TABLES `ec_flash_sales_translations` WRITE;
/*!40000 ALTER TABLE `ec_flash_sales_translations` DISABLE KEYS */;
INSERT INTO `ec_flash_sales_translations` VALUES ('vi',1,'Khuyến mãi mùa đông.');
/*!40000 ALTER TABLE `ec_flash_sales_translations` ENABLE KEYS */;
UNLOCK TABLES;

--
-- Table structure for table `ec_global_option_value`
--

DROP TABLE IF EXISTS `ec_global_option_value`;
/*!40101 SET @saved_cs_client     = @@character_set_client */;
/*!50503 SET character_set_client = utf8mb4 */;
CREATE TABLE `ec_global_option_value` (
  `option_id` bigint unsigned NOT NULL COMMENT 'option id',
  `id` bigint unsigned NOT NULL AUTO_INCREMENT,
  `option_value` tinytext COLLATE utf8mb4_unicode_ci COMMENT 'option value',
  `affect_price` double DEFAULT NULL COMMENT 'value of price of this option affect',
  `order` int NOT NULL DEFAULT '9999',
  `affect_type` tinyint NOT NULL DEFAULT '0' COMMENT '0. fixed 1. percent',
  `created_at` timestamp NULL DEFAULT NULL,
  `updated_at` timestamp NULL DEFAULT NULL,
  PRIMARY KEY (`id`)
) ENGINE=InnoDB AUTO_INCREMENT=13 DEFAULT CHARSET=utf8mb4 COLLATE=utf8mb4_unicode_ci;
/*!40101 SET character_set_client = @saved_cs_client */;

--
-- Dumping data for table `ec_global_option_value`
--

LOCK TABLES `ec_global_option_value` WRITE;
/*!40000 ALTER TABLE `ec_global_option_value` DISABLE KEYS */;
INSERT INTO `ec_global_option_value` VALUES (1,1,'1 Year',0,9999,0,'2023-03-01 01:08:22','2023-03-01 01:08:22'),(1,2,'2 Year',10,9999,0,'2023-03-01 01:08:22','2023-03-01 01:08:22'),(1,3,'3 Year',20,9999,0,'2023-03-01 01:08:22','2023-03-01 01:08:22'),(2,4,'4GB',0,9999,0,'2023-03-01 01:08:22','2023-03-01 01:08:22'),(2,5,'8GB',10,9999,0,'2023-03-01 01:08:22','2023-03-01 01:08:22'),(2,6,'16GB',20,9999,0,'2023-03-01 01:08:22','2023-03-01 01:08:22'),(3,7,'Core i5',0,9999,0,'2023-03-01 01:08:22','2023-03-01 01:08:22'),(3,8,'Core i7',10,9999,0,'2023-03-01 01:08:22','2023-03-01 01:08:22'),(3,9,'Core i9',20,9999,0,'2023-03-01 01:08:22','2023-03-01 01:08:22'),(4,10,'128GB',0,9999,0,'2023-03-01 01:08:22','2023-03-01 01:08:22'),(4,11,'256GB',10,9999,0,'2023-03-01 01:08:22','2023-03-01 01:08:22'),(4,12,'512GB',20,9999,0,'2023-03-01 01:08:22','2023-03-01 01:08:22');
/*!40000 ALTER TABLE `ec_global_option_value` ENABLE KEYS */;
UNLOCK TABLES;

--
-- Table structure for table `ec_global_option_value_translations`
--

DROP TABLE IF EXISTS `ec_global_option_value_translations`;
/*!40101 SET @saved_cs_client     = @@character_set_client */;
/*!50503 SET character_set_client = utf8mb4 */;
CREATE TABLE `ec_global_option_value_translations` (
  `lang_code` varchar(191) COLLATE utf8mb4_unicode_ci NOT NULL,
  `ec_global_option_value_id` bigint unsigned NOT NULL,
  `option_value` varchar(255) COLLATE utf8mb4_unicode_ci DEFAULT NULL,
  PRIMARY KEY (`lang_code`,`ec_global_option_value_id`)
) ENGINE=InnoDB DEFAULT CHARSET=utf8mb4 COLLATE=utf8mb4_unicode_ci;
/*!40101 SET character_set_client = @saved_cs_client */;

--
-- Dumping data for table `ec_global_option_value_translations`
--

LOCK TABLES `ec_global_option_value_translations` WRITE;
/*!40000 ALTER TABLE `ec_global_option_value_translations` DISABLE KEYS */;
/*!40000 ALTER TABLE `ec_global_option_value_translations` ENABLE KEYS */;
UNLOCK TABLES;

--
-- Table structure for table `ec_global_options`
--

DROP TABLE IF EXISTS `ec_global_options`;
/*!40101 SET @saved_cs_client     = @@character_set_client */;
/*!50503 SET character_set_client = utf8mb4 */;
CREATE TABLE `ec_global_options` (
  `id` bigint unsigned NOT NULL AUTO_INCREMENT,
  `name` varchar(191) COLLATE utf8mb4_unicode_ci NOT NULL COMMENT 'Name of options',
  `option_type` varchar(191) COLLATE utf8mb4_unicode_ci NOT NULL COMMENT 'option type',
  `required` tinyint(1) NOT NULL DEFAULT '0' COMMENT 'Checked if this option is required',
  `created_at` timestamp NULL DEFAULT NULL,
  `updated_at` timestamp NULL DEFAULT NULL,
  PRIMARY KEY (`id`)
) ENGINE=InnoDB AUTO_INCREMENT=5 DEFAULT CHARSET=utf8mb4 COLLATE=utf8mb4_unicode_ci;
/*!40101 SET character_set_client = @saved_cs_client */;

--
-- Dumping data for table `ec_global_options`
--

LOCK TABLES `ec_global_options` WRITE;
/*!40000 ALTER TABLE `ec_global_options` DISABLE KEYS */;
INSERT INTO `ec_global_options` VALUES (1,'Warranty','Botble\\Ecommerce\\Option\\OptionType\\RadioButton',1,'2023-03-01 01:08:22','2023-03-01 01:08:22'),(2,'RAM','Botble\\Ecommerce\\Option\\OptionType\\RadioButton',1,'2023-03-01 01:08:22','2023-03-01 01:08:22'),(3,'CPU','Botble\\Ecommerce\\Option\\OptionType\\RadioButton',1,'2023-03-01 01:08:22','2023-03-01 01:08:22'),(4,'HDD','Botble\\Ecommerce\\Option\\OptionType\\Dropdown',0,'2023-03-01 01:08:22','2023-03-01 01:08:22');
/*!40000 ALTER TABLE `ec_global_options` ENABLE KEYS */;
UNLOCK TABLES;

--
-- Table structure for table `ec_global_options_translations`
--

DROP TABLE IF EXISTS `ec_global_options_translations`;
/*!40101 SET @saved_cs_client     = @@character_set_client */;
/*!50503 SET character_set_client = utf8mb4 */;
CREATE TABLE `ec_global_options_translations` (
  `lang_code` varchar(191) COLLATE utf8mb4_unicode_ci NOT NULL,
  `ec_global_options_id` bigint unsigned NOT NULL,
  `name` varchar(255) COLLATE utf8mb4_unicode_ci DEFAULT NULL,
  PRIMARY KEY (`lang_code`,`ec_global_options_id`)
) ENGINE=InnoDB DEFAULT CHARSET=utf8mb4 COLLATE=utf8mb4_unicode_ci;
/*!40101 SET character_set_client = @saved_cs_client */;

--
-- Dumping data for table `ec_global_options_translations`
--

LOCK TABLES `ec_global_options_translations` WRITE;
/*!40000 ALTER TABLE `ec_global_options_translations` DISABLE KEYS */;
/*!40000 ALTER TABLE `ec_global_options_translations` ENABLE KEYS */;
UNLOCK TABLES;

--
-- Table structure for table `ec_grouped_products`
--

DROP TABLE IF EXISTS `ec_grouped_products`;
/*!40101 SET @saved_cs_client     = @@character_set_client */;
/*!50503 SET character_set_client = utf8mb4 */;
CREATE TABLE `ec_grouped_products` (
  `id` bigint unsigned NOT NULL AUTO_INCREMENT,
  `parent_product_id` bigint unsigned NOT NULL,
  `product_id` bigint unsigned NOT NULL,
  `fixed_qty` int NOT NULL DEFAULT '1',
  PRIMARY KEY (`id`)
) ENGINE=InnoDB DEFAULT CHARSET=utf8mb4 COLLATE=utf8mb4_unicode_ci;
/*!40101 SET character_set_client = @saved_cs_client */;

--
-- Dumping data for table `ec_grouped_products`
--

LOCK TABLES `ec_grouped_products` WRITE;
/*!40000 ALTER TABLE `ec_grouped_products` DISABLE KEYS */;
/*!40000 ALTER TABLE `ec_grouped_products` ENABLE KEYS */;
UNLOCK TABLES;

--
-- Table structure for table `ec_invoice_items`
--

DROP TABLE IF EXISTS `ec_invoice_items`;
/*!40101 SET @saved_cs_client     = @@character_set_client */;
/*!50503 SET character_set_client = utf8mb4 */;
CREATE TABLE `ec_invoice_items` (
  `id` bigint unsigned NOT NULL AUTO_INCREMENT,
  `invoice_id` bigint unsigned NOT NULL,
  `reference_type` varchar(191) COLLATE utf8mb4_unicode_ci NOT NULL,
  `reference_id` bigint unsigned NOT NULL,
  `name` varchar(191) COLLATE utf8mb4_unicode_ci NOT NULL,
  `description` varchar(191) COLLATE utf8mb4_unicode_ci DEFAULT NULL,
  `image` varchar(191) COLLATE utf8mb4_unicode_ci DEFAULT NULL,
  `qty` int unsigned NOT NULL,
  `sub_total` decimal(15,2) unsigned NOT NULL,
  `tax_amount` decimal(15,2) unsigned NOT NULL DEFAULT '0.00',
  `discount_amount` decimal(15,2) unsigned NOT NULL DEFAULT '0.00',
  `amount` decimal(15,2) unsigned NOT NULL,
  `options` text COLLATE utf8mb4_unicode_ci,
  `created_at` timestamp NULL DEFAULT NULL,
  `updated_at` timestamp NULL DEFAULT NULL,
  PRIMARY KEY (`id`),
  KEY `ec_invoice_items_reference_type_reference_id_index` (`reference_type`,`reference_id`)
) ENGINE=InnoDB DEFAULT CHARSET=utf8mb4 COLLATE=utf8mb4_unicode_ci;
/*!40101 SET character_set_client = @saved_cs_client */;

--
-- Dumping data for table `ec_invoice_items`
--

LOCK TABLES `ec_invoice_items` WRITE;
/*!40000 ALTER TABLE `ec_invoice_items` DISABLE KEYS */;
/*!40000 ALTER TABLE `ec_invoice_items` ENABLE KEYS */;
UNLOCK TABLES;

--
-- Table structure for table `ec_invoices`
--

DROP TABLE IF EXISTS `ec_invoices`;
/*!40101 SET @saved_cs_client     = @@character_set_client */;
/*!50503 SET character_set_client = utf8mb4 */;
CREATE TABLE `ec_invoices` (
  `id` bigint unsigned NOT NULL AUTO_INCREMENT,
  `reference_type` varchar(191) COLLATE utf8mb4_unicode_ci NOT NULL,
  `reference_id` bigint unsigned NOT NULL,
  `code` varchar(191) COLLATE utf8mb4_unicode_ci NOT NULL,
  `customer_name` varchar(191) COLLATE utf8mb4_unicode_ci DEFAULT NULL,
  `company_name` varchar(191) COLLATE utf8mb4_unicode_ci DEFAULT NULL,
  `company_logo` varchar(191) COLLATE utf8mb4_unicode_ci DEFAULT NULL,
  `customer_email` varchar(191) COLLATE utf8mb4_unicode_ci DEFAULT NULL,
  `customer_phone` varchar(191) COLLATE utf8mb4_unicode_ci DEFAULT NULL,
  `customer_address` varchar(191) COLLATE utf8mb4_unicode_ci DEFAULT NULL,
  `customer_tax_id` varchar(191) COLLATE utf8mb4_unicode_ci DEFAULT NULL,
  `sub_total` decimal(15,2) unsigned NOT NULL,
  `tax_amount` decimal(15,2) unsigned NOT NULL DEFAULT '0.00',
  `shipping_amount` decimal(15,2) unsigned NOT NULL DEFAULT '0.00',
  `discount_amount` decimal(15,2) unsigned NOT NULL DEFAULT '0.00',
  `shipping_option` varchar(60) COLLATE utf8mb4_unicode_ci DEFAULT NULL,
  `shipping_method` varchar(60) COLLATE utf8mb4_unicode_ci NOT NULL DEFAULT 'default',
  `coupon_code` varchar(120) COLLATE utf8mb4_unicode_ci DEFAULT NULL,
  `discount_description` varchar(255) COLLATE utf8mb4_unicode_ci DEFAULT NULL,
  `amount` decimal(15,2) unsigned NOT NULL,
  `description` text COLLATE utf8mb4_unicode_ci,
  `payment_id` bigint unsigned DEFAULT NULL,
  `status` varchar(191) COLLATE utf8mb4_unicode_ci NOT NULL DEFAULT 'pending',
  `paid_at` timestamp NULL DEFAULT NULL,
  `created_at` timestamp NULL DEFAULT NULL,
  `updated_at` timestamp NULL DEFAULT NULL,
  PRIMARY KEY (`id`),
  UNIQUE KEY `ec_invoices_code_unique` (`code`),
  KEY `ec_invoices_reference_type_reference_id_index` (`reference_type`,`reference_id`),
  KEY `ec_invoices_payment_id_index` (`payment_id`),
  KEY `ec_invoices_status_index` (`status`)
) ENGINE=InnoDB DEFAULT CHARSET=utf8mb4 COLLATE=utf8mb4_unicode_ci;
/*!40101 SET character_set_client = @saved_cs_client */;

--
-- Dumping data for table `ec_invoices`
--

LOCK TABLES `ec_invoices` WRITE;
/*!40000 ALTER TABLE `ec_invoices` DISABLE KEYS */;
/*!40000 ALTER TABLE `ec_invoices` ENABLE KEYS */;
UNLOCK TABLES;

--
-- Table structure for table `ec_option_value`
--

DROP TABLE IF EXISTS `ec_option_value`;
/*!40101 SET @saved_cs_client     = @@character_set_client */;
/*!50503 SET character_set_client = utf8mb4 */;
CREATE TABLE `ec_option_value` (
  `option_id` bigint unsigned NOT NULL COMMENT 'option id',
  `id` bigint unsigned NOT NULL AUTO_INCREMENT,
  `option_value` tinytext COLLATE utf8mb4_unicode_ci COMMENT 'option value',
  `affect_price` double DEFAULT NULL COMMENT 'value of price of this option affect',
  `order` int NOT NULL DEFAULT '9999',
  `affect_type` tinyint NOT NULL DEFAULT '0' COMMENT '0. fixed 1. percent',
  `created_at` timestamp NULL DEFAULT NULL,
  `updated_at` timestamp NULL DEFAULT NULL,
  PRIMARY KEY (`id`)
) ENGINE=InnoDB DEFAULT CHARSET=utf8mb4 COLLATE=utf8mb4_unicode_ci;
/*!40101 SET character_set_client = @saved_cs_client */;

--
-- Dumping data for table `ec_option_value`
--

LOCK TABLES `ec_option_value` WRITE;
/*!40000 ALTER TABLE `ec_option_value` DISABLE KEYS */;
/*!40000 ALTER TABLE `ec_option_value` ENABLE KEYS */;
UNLOCK TABLES;

--
-- Table structure for table `ec_option_value_translations`
--

DROP TABLE IF EXISTS `ec_option_value_translations`;
/*!40101 SET @saved_cs_client     = @@character_set_client */;
/*!50503 SET character_set_client = utf8mb4 */;
CREATE TABLE `ec_option_value_translations` (
  `lang_code` varchar(191) COLLATE utf8mb4_unicode_ci NOT NULL,
  `ec_option_value_id` bigint unsigned NOT NULL,
  `option_value` varchar(255) COLLATE utf8mb4_unicode_ci DEFAULT NULL,
  PRIMARY KEY (`lang_code`,`ec_option_value_id`)
) ENGINE=InnoDB DEFAULT CHARSET=utf8mb4 COLLATE=utf8mb4_unicode_ci;
/*!40101 SET character_set_client = @saved_cs_client */;

--
-- Dumping data for table `ec_option_value_translations`
--

LOCK TABLES `ec_option_value_translations` WRITE;
/*!40000 ALTER TABLE `ec_option_value_translations` DISABLE KEYS */;
/*!40000 ALTER TABLE `ec_option_value_translations` ENABLE KEYS */;
UNLOCK TABLES;

--
-- Table structure for table `ec_options`
--

DROP TABLE IF EXISTS `ec_options`;
/*!40101 SET @saved_cs_client     = @@character_set_client */;
/*!50503 SET character_set_client = utf8mb4 */;
CREATE TABLE `ec_options` (
  `id` bigint unsigned NOT NULL AUTO_INCREMENT,
  `name` varchar(191) COLLATE utf8mb4_unicode_ci NOT NULL COMMENT 'Name of options',
  `option_type` varchar(191) COLLATE utf8mb4_unicode_ci DEFAULT NULL COMMENT 'option type',
  `product_id` bigint unsigned NOT NULL DEFAULT '0',
  `order` int NOT NULL DEFAULT '9999',
  `required` tinyint(1) NOT NULL DEFAULT '0' COMMENT 'Checked if this option is required',
  `created_at` timestamp NULL DEFAULT NULL,
  `updated_at` timestamp NULL DEFAULT NULL,
  PRIMARY KEY (`id`)
) ENGINE=InnoDB DEFAULT CHARSET=utf8mb4 COLLATE=utf8mb4_unicode_ci;
/*!40101 SET character_set_client = @saved_cs_client */;

--
-- Dumping data for table `ec_options`
--

LOCK TABLES `ec_options` WRITE;
/*!40000 ALTER TABLE `ec_options` DISABLE KEYS */;
/*!40000 ALTER TABLE `ec_options` ENABLE KEYS */;
UNLOCK TABLES;

--
-- Table structure for table `ec_options_translations`
--

DROP TABLE IF EXISTS `ec_options_translations`;
/*!40101 SET @saved_cs_client     = @@character_set_client */;
/*!50503 SET character_set_client = utf8mb4 */;
CREATE TABLE `ec_options_translations` (
  `lang_code` varchar(191) COLLATE utf8mb4_unicode_ci NOT NULL,
  `ec_options_id` bigint unsigned NOT NULL,
  `name` varchar(255) COLLATE utf8mb4_unicode_ci DEFAULT NULL,
  PRIMARY KEY (`lang_code`,`ec_options_id`)
) ENGINE=InnoDB DEFAULT CHARSET=utf8mb4 COLLATE=utf8mb4_unicode_ci;
/*!40101 SET character_set_client = @saved_cs_client */;

--
-- Dumping data for table `ec_options_translations`
--

LOCK TABLES `ec_options_translations` WRITE;
/*!40000 ALTER TABLE `ec_options_translations` DISABLE KEYS */;
/*!40000 ALTER TABLE `ec_options_translations` ENABLE KEYS */;
UNLOCK TABLES;

--
-- Table structure for table `ec_order_addresses`
--

DROP TABLE IF EXISTS `ec_order_addresses`;
/*!40101 SET @saved_cs_client     = @@character_set_client */;
/*!50503 SET character_set_client = utf8mb4 */;
CREATE TABLE `ec_order_addresses` (
  `id` bigint unsigned NOT NULL AUTO_INCREMENT,
  `name` varchar(191) COLLATE utf8mb4_unicode_ci NOT NULL,
  `phone` varchar(20) COLLATE utf8mb4_unicode_ci DEFAULT NULL,
  `email` varchar(191) COLLATE utf8mb4_unicode_ci DEFAULT NULL,
  `country` varchar(120) COLLATE utf8mb4_unicode_ci DEFAULT NULL,
  `state` varchar(120) COLLATE utf8mb4_unicode_ci DEFAULT NULL,
  `city` varchar(120) COLLATE utf8mb4_unicode_ci DEFAULT NULL,
  `address` varchar(255) COLLATE utf8mb4_unicode_ci DEFAULT NULL,
  `order_id` bigint unsigned NOT NULL,
  `zip_code` varchar(20) COLLATE utf8mb4_unicode_ci DEFAULT NULL,
  `type` varchar(60) COLLATE utf8mb4_unicode_ci NOT NULL DEFAULT 'shipping_address',
  PRIMARY KEY (`id`)
) ENGINE=InnoDB AUTO_INCREMENT=44 DEFAULT CHARSET=utf8mb4 COLLATE=utf8mb4_unicode_ci;
/*!40101 SET character_set_client = @saved_cs_client */;

--
-- Dumping data for table `ec_order_addresses`
--

LOCK TABLES `ec_order_addresses` WRITE;
/*!40000 ALTER TABLE `ec_order_addresses` DISABLE KEYS */;
INSERT INTO `ec_order_addresses` VALUES (1,'Jarred Boyer PhD','+15183674459','creichert@example.net','AT','Maine','Thielmouth','1093 Geovany Brook Suite 237',1,'68756','shipping_address'),(2,'Jarred Boyer PhD','+15183674459','creichert@example.net','AT','Maine','Thielmouth','1093 Geovany Brook Suite 237',2,'68756','shipping_address'),(3,'Jarred Boyer PhD','+15183674459','creichert@example.net','AT','Maine','Thielmouth','1093 Geovany Brook Suite 237',3,'68756','shipping_address'),(4,'Emma Considine','+16406400424','paucek.reynold@example.net','KW','Oklahoma','South Samantamouth','1725 Conn Isle Apt. 717',4,'34548','shipping_address'),(5,'Emma Considine','+16406400424','paucek.reynold@example.net','KW','Oklahoma','South Samantamouth','1725 Conn Isle Apt. 717',5,'34548','shipping_address'),(6,'Erling Yost','+12406469350','simonis.toy@example.com','TZ','Michigan','West Bert','423 Juanita Valley Suite 911',6,'17094-6790','shipping_address'),(7,'Erling Yost','+12406469350','simonis.toy@example.com','TZ','Michigan','West Bert','423 Juanita Valley Suite 911',7,'17094-6790','shipping_address'),(8,'Erling Yost','+12406469350','simonis.toy@example.com','TZ','Michigan','West Bert','423 Juanita Valley Suite 911',8,'17094-6790','shipping_address'),(9,'Emma Considine','+16406400424','paucek.reynold@example.net','KW','Oklahoma','South Samantamouth','1725 Conn Isle Apt. 717',9,'34548','shipping_address'),(10,'Emma Considine','+16406400424','paucek.reynold@example.net','KW','Oklahoma','South Samantamouth','1725 Conn Isle Apt. 717',10,'34548','shipping_address'),(11,'Lavinia Swaniawski','+12833921869','kassandra.stanton@example.net','YT','Kentucky','North Hassie','82857 Peter Orchard',11,'64811-2722','shipping_address'),(12,'Lavinia Swaniawski','+12833921869','kassandra.stanton@example.net','YT','Kentucky','North Hassie','82857 Peter Orchard',12,'64811-2722','shipping_address'),(13,'Lavinia Swaniawski','+12833921869','kassandra.stanton@example.net','YT','Kentucky','North Hassie','82857 Peter Orchard',13,'64811-2722','shipping_address'),(14,'Prof. Maudie Bechtelar II','+12163907108','mabelle.trantow@example.com','NE','Texas','Baronshire','1514 Nikolas Pine',14,'51997','shipping_address'),(15,'Prof. Maudie Bechtelar II','+12163907108','mabelle.trantow@example.com','NE','Texas','Baronshire','1514 Nikolas Pine',15,'51997','shipping_address'),(16,'Prof. Maudie Bechtelar II','+12163907108','mabelle.trantow@example.com','NE','Texas','Baronshire','1514 Nikolas Pine',16,'51997','shipping_address'),(17,'Prof. Maudie Bechtelar II','+12163907108','mabelle.trantow@example.com','NE','Texas','Baronshire','1514 Nikolas Pine',17,'51997','shipping_address'),(18,'Lavinia Swaniawski','+12833921869','kassandra.stanton@example.net','YT','Kentucky','North Hassie','82857 Peter Orchard',18,'64811-2722','shipping_address'),(19,'Lavinia Swaniawski','+12833921869','kassandra.stanton@example.net','YT','Kentucky','North Hassie','82857 Peter Orchard',19,'64811-2722','shipping_address'),(20,'Lavinia Swaniawski','+12833921869','kassandra.stanton@example.net','YT','Kentucky','North Hassie','82857 Peter Orchard',20,'64811-2722','shipping_address'),(21,'Prof. Maudie Bechtelar II','+12163907108','mabelle.trantow@example.com','NE','Texas','Baronshire','1514 Nikolas Pine',21,'51997','shipping_address'),(22,'Prof. Maudie Bechtelar II','+12163907108','mabelle.trantow@example.com','NE','Texas','Baronshire','1514 Nikolas Pine',22,'51997','shipping_address'),(23,'Prof. Maudie Bechtelar II','+12163907108','mabelle.trantow@example.com','NE','Texas','Baronshire','1514 Nikolas Pine',23,'51997','shipping_address'),(24,'Asha White','+15126274515','customer@botble.com','MG','Hawaii','East Raeganstad','9546 Harvey Isle Apt. 108',24,'57844','shipping_address'),(25,'Asha White','+15126274515','customer@botble.com','MG','Hawaii','East Raeganstad','9546 Harvey Isle Apt. 108',25,'57844','shipping_address'),(26,'Emma Considine','+16406400424','paucek.reynold@example.net','KW','Oklahoma','South Samantamouth','1725 Conn Isle Apt. 717',26,'34548','shipping_address'),(27,'Emma Considine','+16406400424','paucek.reynold@example.net','KW','Oklahoma','South Samantamouth','1725 Conn Isle Apt. 717',27,'34548','shipping_address'),(28,'Emma Considine','+16406400424','paucek.reynold@example.net','KW','Oklahoma','South Samantamouth','1725 Conn Isle Apt. 717',28,'34548','shipping_address'),(29,'Emma Considine','+16406400424','paucek.reynold@example.net','KW','Oklahoma','South Samantamouth','1725 Conn Isle Apt. 717',29,'34548','shipping_address'),(30,'Emma Considine','+16406400424','paucek.reynold@example.net','KW','Oklahoma','South Samantamouth','1725 Conn Isle Apt. 717',30,'34548','shipping_address'),(31,'Emma Considine','+16406400424','paucek.reynold@example.net','KW','Oklahoma','South Samantamouth','1725 Conn Isle Apt. 717',31,'34548','shipping_address'),(32,'Lavinia Swaniawski','+12833921869','kassandra.stanton@example.net','YT','Kentucky','North Hassie','82857 Peter Orchard',32,'64811-2722','shipping_address'),(33,'Lavinia Swaniawski','+12833921869','kassandra.stanton@example.net','YT','Kentucky','North Hassie','82857 Peter Orchard',33,'64811-2722','shipping_address'),(34,'Prof. Maudie Bechtelar II','+12163907108','mabelle.trantow@example.com','NE','Texas','Baronshire','1514 Nikolas Pine',34,'51997','shipping_address'),(35,'Prof. Maudie Bechtelar II','+12163907108','mabelle.trantow@example.com','NE','Texas','Baronshire','1514 Nikolas Pine',35,'51997','shipping_address'),(36,'Prof. Maudie Bechtelar II','+12163907108','mabelle.trantow@example.com','NE','Texas','Baronshire','1514 Nikolas Pine',36,'51997','shipping_address'),(37,'Prof. Maudie Bechtelar II','+12163907108','mabelle.trantow@example.com','NE','Texas','Baronshire','1514 Nikolas Pine',37,'51997','shipping_address'),(38,'Jarred Boyer PhD','+15183674459','creichert@example.net','AT','Maine','Thielmouth','1093 Geovany Brook Suite 237',38,'68756','shipping_address'),(39,'Jarred Boyer PhD','+15183674459','creichert@example.net','AT','Maine','Thielmouth','1093 Geovany Brook Suite 237',39,'68756','shipping_address'),(40,'Jarred Boyer PhD','+15183674459','creichert@example.net','AT','Maine','Thielmouth','1093 Geovany Brook Suite 237',40,'68756','shipping_address'),(41,'Jarred Boyer PhD','+15183674459','creichert@example.net','AT','Maine','Thielmouth','1093 Geovany Brook Suite 237',41,'68756','shipping_address'),(42,'Jarred Boyer PhD','+15183674459','creichert@example.net','AT','Maine','Thielmouth','1093 Geovany Brook Suite 237',42,'68756','shipping_address'),(43,'Jarred Boyer PhD','+15183674459','creichert@example.net','AT','Maine','Thielmouth','1093 Geovany Brook Suite 237',43,'68756','shipping_address');
/*!40000 ALTER TABLE `ec_order_addresses` ENABLE KEYS */;
UNLOCK TABLES;

--
-- Table structure for table `ec_order_histories`
--

DROP TABLE IF EXISTS `ec_order_histories`;
/*!40101 SET @saved_cs_client     = @@character_set_client */;
/*!50503 SET character_set_client = utf8mb4 */;
CREATE TABLE `ec_order_histories` (
  `id` bigint unsigned NOT NULL AUTO_INCREMENT,
  `action` varchar(120) COLLATE utf8mb4_unicode_ci NOT NULL,
  `description` varchar(255) COLLATE utf8mb4_unicode_ci NOT NULL,
  `user_id` bigint unsigned DEFAULT NULL,
  `order_id` bigint unsigned NOT NULL,
  `extras` text COLLATE utf8mb4_unicode_ci,
  `created_at` timestamp NULL DEFAULT NULL,
  `updated_at` timestamp NULL DEFAULT NULL,
  PRIMARY KEY (`id`)
) ENGINE=InnoDB AUTO_INCREMENT=206 DEFAULT CHARSET=utf8mb4 COLLATE=utf8mb4_unicode_ci;
/*!40101 SET character_set_client = @saved_cs_client */;

--
-- Dumping data for table `ec_order_histories`
--

LOCK TABLES `ec_order_histories` WRITE;
/*!40000 ALTER TABLE `ec_order_histories` DISABLE KEYS */;
INSERT INTO `ec_order_histories` VALUES (1,'create_order_from_seeder','Order is created from the checkout page',NULL,1,NULL,'2023-02-24 01:08:23','2023-02-24 01:08:23'),(2,'confirm_order','Order was verified by %user_name%',0,1,NULL,'2023-02-24 01:08:23','2023-02-24 01:08:23'),(3,'confirm_payment','Payment was confirmed (amount $1,455.00) by %user_name%',0,1,NULL,'2023-03-01 01:08:23','2023-03-01 01:08:23'),(4,'create_shipment','Created shipment for order',0,1,NULL,'2023-03-01 01:08:23','2023-03-01 01:08:23'),(5,'create_order_from_seeder','Order is created from the checkout page',NULL,2,NULL,'2023-02-25 17:08:23','2023-02-25 17:08:23'),(6,'confirm_order','Order was verified by %user_name%',0,2,NULL,'2023-02-25 17:08:23','2023-02-25 17:08:23'),(7,'confirm_payment','Payment was confirmed (amount $997.00) by %user_name%',0,2,NULL,'2023-03-01 01:08:23','2023-03-01 01:08:23'),(8,'create_shipment','Created shipment for order',0,2,NULL,'2023-03-01 01:08:23','2023-03-01 01:08:23'),(9,'create_order_from_seeder','Order is created from the checkout page',NULL,3,NULL,'2023-02-17 09:08:23','2023-02-17 09:08:23'),(10,'confirm_order','Order was verified by %user_name%',0,3,NULL,'2023-02-17 09:08:23','2023-02-17 09:08:23'),(11,'create_shipment','Created shipment for order',0,3,NULL,'2023-03-01 01:08:23','2023-03-01 01:08:23'),(12,'update_status','Changed status of shipping to: Delivered. Updated by: %user_name%',0,3,NULL,'2023-03-01 01:08:23','2023-03-01 01:08:23'),(13,'create_order_from_seeder','Order is created from the checkout page',NULL,4,NULL,'2023-02-22 17:08:23','2023-02-22 17:08:23'),(14,'confirm_order','Order was verified by %user_name%',0,4,NULL,'2023-02-22 17:08:23','2023-02-22 17:08:23'),(15,'confirm_payment','Payment was confirmed (amount $1,269.00) by %user_name%',0,4,NULL,'2023-03-01 01:08:23','2023-03-01 01:08:23'),(16,'create_shipment','Created shipment for order',0,4,NULL,'2023-03-01 01:08:23','2023-03-01 01:08:23'),(17,'update_status','Changed status of shipping to: Delivered. Updated by: %user_name%',0,4,NULL,'2023-03-01 01:08:23','2023-03-01 01:08:23'),(18,'create_order_from_seeder','Order is created from the checkout page',NULL,5,NULL,'2023-02-17 23:08:23','2023-02-17 23:08:23'),(19,'confirm_order','Order was verified by %user_name%',0,5,NULL,'2023-02-17 23:08:23','2023-02-17 23:08:23'),(20,'confirm_payment','Payment was confirmed (amount $4,365.00) by %user_name%',0,5,NULL,'2023-03-01 01:08:23','2023-03-01 01:08:23'),(21,'create_shipment','Created shipment for order',0,5,NULL,'2023-03-01 01:08:23','2023-03-01 01:08:23'),(22,'update_status','Changed status of shipping to: Delivered. Updated by: %user_name%',0,5,NULL,'2023-03-01 01:08:23','2023-03-01 01:08:23'),(23,'create_order_from_seeder','Order is created from the checkout page',NULL,6,NULL,'2023-02-27 13:08:23','2023-02-27 13:08:23'),(24,'confirm_order','Order was verified by %user_name%',0,6,NULL,'2023-02-27 13:08:23','2023-02-27 13:08:23'),(25,'confirm_payment','Payment was confirmed (amount $1,196.00) by %user_name%',0,6,NULL,'2023-03-01 01:08:23','2023-03-01 01:08:23'),(26,'create_shipment','Created shipment for order',0,6,NULL,'2023-03-01 01:08:23','2023-03-01 01:08:23'),(27,'update_status','Changed status of shipping to: Delivered. Updated by: %user_name%',0,6,NULL,'2023-03-01 01:08:23','2023-03-01 01:08:23'),(28,'create_order_from_seeder','Order is created from the checkout page',NULL,7,NULL,'2023-02-24 13:08:23','2023-02-24 13:08:23'),(29,'confirm_order','Order was verified by %user_name%',0,7,NULL,'2023-02-24 13:08:23','2023-02-24 13:08:23'),(30,'confirm_payment','Payment was confirmed (amount $517.00) by %user_name%',0,7,NULL,'2023-03-01 01:08:23','2023-03-01 01:08:23'),(31,'create_shipment','Created shipment for order',0,7,NULL,'2023-03-01 01:08:23','2023-03-01 01:08:23'),(32,'create_order_from_seeder','Order is created from the checkout page',NULL,8,NULL,'2023-02-14 01:08:23','2023-02-14 01:08:23'),(33,'confirm_order','Order was verified by %user_name%',0,8,NULL,'2023-02-14 01:08:23','2023-02-14 01:08:23'),(34,'confirm_payment','Payment was confirmed (amount $2,454.00) by %user_name%',0,8,NULL,'2023-03-01 01:08:23','2023-03-01 01:08:23'),(35,'create_shipment','Created shipment for order',0,8,NULL,'2023-03-01 01:08:23','2023-03-01 01:08:23'),(36,'update_status','Changed status of shipping to: Delivered. Updated by: %user_name%',0,8,NULL,'2023-03-01 01:08:23','2023-03-01 01:08:23'),(37,'create_order_from_seeder','Order is created from the checkout page',NULL,9,NULL,'2023-02-23 09:08:23','2023-02-23 09:08:23'),(38,'confirm_order','Order was verified by %user_name%',0,9,NULL,'2023-02-23 09:08:23','2023-02-23 09:08:23'),(39,'confirm_payment','Payment was confirmed (amount $423.00) by %user_name%',0,9,NULL,'2023-03-01 01:08:23','2023-03-01 01:08:23'),(40,'create_shipment','Created shipment for order',0,9,NULL,'2023-03-01 01:08:23','2023-03-01 01:08:23'),(41,'update_status','Changed status of shipping to: Delivered. Updated by: %user_name%',0,9,NULL,'2023-03-01 01:08:23','2023-03-01 01:08:23'),(42,'create_order_from_seeder','Order is created from the checkout page',NULL,10,NULL,'2023-02-20 13:08:23','2023-02-20 13:08:23'),(43,'confirm_order','Order was verified by %user_name%',0,10,NULL,'2023-02-20 13:08:23','2023-02-20 13:08:23'),(44,'confirm_payment','Payment was confirmed (amount $818.00) by %user_name%',0,10,NULL,'2023-03-01 01:08:23','2023-03-01 01:08:23'),(45,'create_shipment','Created shipment for order',0,10,NULL,'2023-03-01 01:08:23','2023-03-01 01:08:23'),(46,'create_order_from_seeder','Order is created from the checkout page',NULL,11,NULL,'2023-02-19 17:08:23','2023-02-19 17:08:23'),(47,'confirm_order','Order was verified by %user_name%',0,11,NULL,'2023-02-19 17:08:23','2023-02-19 17:08:23'),(48,'confirm_payment','Payment was confirmed (amount $3,054.75) by %user_name%',0,11,NULL,'2023-03-01 01:08:23','2023-03-01 01:08:23'),(49,'create_shipment','Created shipment for order',0,11,NULL,'2023-03-01 01:08:23','2023-03-01 01:08:23'),(50,'update_status','Changed status of shipping to: Delivered. Updated by: %user_name%',0,11,NULL,'2023-03-01 01:08:23','2023-03-01 01:08:23'),(51,'create_order_from_seeder','Order is created from the checkout page',NULL,12,NULL,'2023-02-26 09:08:23','2023-02-26 09:08:23'),(52,'confirm_order','Order was verified by %user_name%',0,12,NULL,'2023-02-26 09:08:23','2023-02-26 09:08:23'),(53,'confirm_payment','Payment was confirmed (amount $857.00) by %user_name%',0,12,NULL,'2023-03-01 01:08:23','2023-03-01 01:08:23'),(54,'create_shipment','Created shipment for order',0,12,NULL,'2023-03-01 01:08:23','2023-03-01 01:08:23'),(55,'create_order_from_seeder','Order is created from the checkout page',NULL,13,NULL,'2023-02-27 17:08:23','2023-02-27 17:08:23'),(56,'confirm_order','Order was verified by %user_name%',0,13,NULL,'2023-02-27 17:08:23','2023-02-27 17:08:23'),(57,'create_shipment','Created shipment for order',0,13,NULL,'2023-03-01 01:08:23','2023-03-01 01:08:23'),(58,'update_status','Changed status of shipping to: Delivered. Updated by: %user_name%',0,13,NULL,'2023-03-01 01:08:23','2023-03-01 01:08:23'),(59,'create_order_from_seeder','Order is created from the checkout page',NULL,14,NULL,'2023-02-17 19:08:23','2023-02-17 19:08:23'),(60,'confirm_order','Order was verified by %user_name%',0,14,NULL,'2023-02-17 19:08:23','2023-02-17 19:08:23'),(61,'confirm_payment','Payment was confirmed (amount $1,800.00) by %user_name%',0,14,NULL,'2023-03-01 01:08:23','2023-03-01 01:08:23'),(62,'create_shipment','Created shipment for order',0,14,NULL,'2023-03-01 01:08:23','2023-03-01 01:08:23'),(63,'update_status','Changed status of shipping to: Delivered. Updated by: %user_name%',0,14,NULL,'2023-03-01 01:08:23','2023-03-01 01:08:23'),(64,'create_order_from_seeder','Order is created from the checkout page',NULL,15,NULL,'2023-02-25 07:08:23','2023-02-25 07:08:23'),(65,'confirm_order','Order was verified by %user_name%',0,15,NULL,'2023-02-25 07:08:23','2023-02-25 07:08:23'),(66,'confirm_payment','Payment was confirmed (amount $3,543.00) by %user_name%',0,15,NULL,'2023-03-01 01:08:23','2023-03-01 01:08:23'),(67,'create_shipment','Created shipment for order',0,15,NULL,'2023-03-01 01:08:23','2023-03-01 01:08:23'),(68,'create_order_from_seeder','Order is created from the checkout page',NULL,16,NULL,'2023-02-24 09:08:23','2023-02-24 09:08:23'),(69,'confirm_order','Order was verified by %user_name%',0,16,NULL,'2023-02-24 09:08:23','2023-02-24 09:08:23'),(70,'create_shipment','Created shipment for order',0,16,NULL,'2023-03-01 01:08:23','2023-03-01 01:08:23'),(71,'create_order_from_seeder','Order is created from the checkout page',NULL,17,NULL,'2023-02-25 13:08:23','2023-02-25 13:08:23'),(72,'confirm_order','Order was verified by %user_name%',0,17,NULL,'2023-02-25 13:08:23','2023-02-25 13:08:23'),(73,'create_shipment','Created shipment for order',0,17,NULL,'2023-03-01 01:08:23','2023-03-01 01:08:23'),(74,'create_order_from_seeder','Order is created from the checkout page',NULL,18,NULL,'2023-02-25 19:08:23','2023-02-25 19:08:23'),(75,'confirm_order','Order was verified by %user_name%',0,18,NULL,'2023-02-25 19:08:23','2023-02-25 19:08:23'),(76,'confirm_payment','Payment was confirmed (amount $3,612.00) by %user_name%',0,18,NULL,'2023-03-01 01:08:23','2023-03-01 01:08:23'),(77,'create_shipment','Created shipment for order',0,18,NULL,'2023-03-01 01:08:23','2023-03-01 01:08:23'),(78,'create_order_from_seeder','Order is created from the checkout page',NULL,19,NULL,'2023-02-24 01:08:23','2023-02-24 01:08:23'),(79,'confirm_order','Order was verified by %user_name%',0,19,NULL,'2023-02-24 01:08:23','2023-02-24 01:08:23'),(80,'confirm_payment','Payment was confirmed (amount $2,826.00) by %user_name%',0,19,NULL,'2023-03-01 01:08:23','2023-03-01 01:08:23'),(81,'create_shipment','Created shipment for order',0,19,NULL,'2023-03-01 01:08:23','2023-03-01 01:08:23'),(82,'create_order_from_seeder','Order is created from the checkout page',NULL,20,NULL,'2023-02-24 01:08:23','2023-02-24 01:08:23'),(83,'confirm_order','Order was verified by %user_name%',0,20,NULL,'2023-02-24 01:08:23','2023-02-24 01:08:23'),(84,'confirm_payment','Payment was confirmed (amount $3,639.00) by %user_name%',0,20,NULL,'2023-03-01 01:08:23','2023-03-01 01:08:23'),(85,'create_shipment','Created shipment for order',0,20,NULL,'2023-03-01 01:08:23','2023-03-01 01:08:23'),(86,'create_order_from_seeder','Order is created from the checkout page',NULL,21,NULL,'2023-02-20 19:08:23','2023-02-20 19:08:23'),(87,'confirm_order','Order was verified by %user_name%',0,21,NULL,'2023-02-20 19:08:23','2023-02-20 19:08:23'),(88,'confirm_payment','Payment was confirmed (amount $1,269.00) by %user_name%',0,21,NULL,'2023-03-01 01:08:23','2023-03-01 01:08:23'),(89,'create_shipment','Created shipment for order',0,21,NULL,'2023-03-01 01:08:23','2023-03-01 01:08:23'),(90,'create_order_from_seeder','Order is created from the checkout page',NULL,22,NULL,'2023-02-24 11:08:23','2023-02-24 11:08:23'),(91,'confirm_order','Order was verified by %user_name%',0,22,NULL,'2023-02-24 11:08:23','2023-02-24 11:08:23'),(92,'confirm_payment','Payment was confirmed (amount $538.00) by %user_name%',0,22,NULL,'2023-03-01 01:08:23','2023-03-01 01:08:23'),(93,'create_shipment','Created shipment for order',0,22,NULL,'2023-03-01 01:08:23','2023-03-01 01:08:23'),(94,'update_status','Changed status of shipping to: Delivered. Updated by: %user_name%',0,22,NULL,'2023-03-01 01:08:24','2023-03-01 01:08:24'),(95,'create_order_from_seeder','Order is created from the checkout page',NULL,23,NULL,'2023-02-25 09:08:24','2023-02-25 09:08:24'),(96,'confirm_order','Order was verified by %user_name%',0,23,NULL,'2023-02-25 09:08:24','2023-02-25 09:08:24'),(97,'confirm_payment','Payment was confirmed (amount $3,354.00) by %user_name%',0,23,NULL,'2023-03-01 01:08:24','2023-03-01 01:08:24'),(98,'create_shipment','Created shipment for order',0,23,NULL,'2023-03-01 01:08:24','2023-03-01 01:08:24'),(99,'update_status','Changed status of shipping to: Delivered. Updated by: %user_name%',0,23,NULL,'2023-03-01 01:08:24','2023-03-01 01:08:24'),(100,'create_order_from_seeder','Order is created from the checkout page',NULL,24,NULL,'2023-02-28 05:08:24','2023-02-28 05:08:24'),(101,'confirm_order','Order was verified by %user_name%',0,24,NULL,'2023-02-28 05:08:24','2023-02-28 05:08:24'),(102,'confirm_payment','Payment was confirmed (amount $2,834.00) by %user_name%',0,24,NULL,'2023-03-01 01:08:24','2023-03-01 01:08:24'),(103,'create_shipment','Created shipment for order',0,24,NULL,'2023-03-01 01:08:24','2023-03-01 01:08:24'),(104,'create_order_from_seeder','Order is created from the checkout page',NULL,25,NULL,'2023-02-22 09:08:24','2023-02-22 09:08:24'),(105,'confirm_order','Order was verified by %user_name%',0,25,NULL,'2023-02-22 09:08:24','2023-02-22 09:08:24'),(106,'confirm_payment','Payment was confirmed (amount $1,114.00) by %user_name%',0,25,NULL,'2023-03-01 01:08:24','2023-03-01 01:08:24'),(107,'create_shipment','Created shipment for order',0,25,NULL,'2023-03-01 01:08:24','2023-03-01 01:08:24'),(108,'update_status','Changed status of shipping to: Delivered. Updated by: %user_name%',0,25,NULL,'2023-03-01 01:08:24','2023-03-01 01:08:24'),(109,'create_order_from_seeder','Order is created from the checkout page',NULL,26,NULL,'2023-02-22 07:08:24','2023-02-22 07:08:24'),(110,'confirm_order','Order was verified by %user_name%',0,26,NULL,'2023-02-22 07:08:24','2023-02-22 07:08:24'),(111,'confirm_payment','Payment was confirmed (amount $2,412.00) by %user_name%',0,26,NULL,'2023-03-01 01:08:24','2023-03-01 01:08:24'),(112,'create_shipment','Created shipment for order',0,26,NULL,'2023-03-01 01:08:24','2023-03-01 01:08:24'),(113,'update_status','Changed status of shipping to: Delivered. Updated by: %user_name%',0,26,NULL,'2023-03-01 01:08:24','2023-03-01 01:08:24'),(114,'create_order_from_seeder','Order is created from the checkout page',NULL,27,NULL,'2023-02-25 07:08:24','2023-02-25 07:08:24'),(115,'confirm_order','Order was verified by %user_name%',0,27,NULL,'2023-02-25 07:08:24','2023-02-25 07:08:24'),(116,'confirm_payment','Payment was confirmed (amount $1,213.00) by %user_name%',0,27,NULL,'2023-03-01 01:08:24','2023-03-01 01:08:24'),(117,'create_shipment','Created shipment for order',0,27,NULL,'2023-03-01 01:08:24','2023-03-01 01:08:24'),(118,'update_status','Changed status of shipping to: Delivered. Updated by: %user_name%',0,27,NULL,'2023-03-01 01:08:24','2023-03-01 01:08:24'),(119,'create_order_from_seeder','Order is created from the checkout page',NULL,28,NULL,'2023-02-25 01:08:24','2023-02-25 01:08:24'),(120,'confirm_order','Order was verified by %user_name%',0,28,NULL,'2023-02-25 01:08:24','2023-02-25 01:08:24'),(121,'confirm_payment','Payment was confirmed (amount $1,290.00) by %user_name%',0,28,NULL,'2023-03-01 01:08:24','2023-03-01 01:08:24'),(122,'create_shipment','Created shipment for order',0,28,NULL,'2023-03-01 01:08:24','2023-03-01 01:08:24'),(123,'update_status','Changed status of shipping to: Delivered. Updated by: %user_name%',0,28,NULL,'2023-03-01 01:08:24','2023-03-01 01:08:24'),(124,'create_order_from_seeder','Order is created from the checkout page',NULL,29,NULL,'2023-02-27 01:08:24','2023-02-27 01:08:24'),(125,'confirm_order','Order was verified by %user_name%',0,29,NULL,'2023-02-27 01:08:24','2023-02-27 01:08:24'),(126,'confirm_payment','Payment was confirmed (amount $3,952.00) by %user_name%',0,29,NULL,'2023-03-01 01:08:24','2023-03-01 01:08:24'),(127,'create_shipment','Created shipment for order',0,29,NULL,'2023-03-01 01:08:24','2023-03-01 01:08:24'),(128,'create_order_from_seeder','Order is created from the checkout page',NULL,30,NULL,'2023-02-25 13:08:24','2023-02-25 13:08:24'),(129,'confirm_order','Order was verified by %user_name%',0,30,NULL,'2023-02-25 13:08:24','2023-02-25 13:08:24'),(130,'create_shipment','Created shipment for order',0,30,NULL,'2023-03-01 01:08:24','2023-03-01 01:08:24'),(131,'create_order_from_seeder','Order is created from the checkout page',NULL,31,NULL,'2023-02-28 11:08:24','2023-02-28 11:08:24'),(132,'confirm_order','Order was verified by %user_name%',0,31,NULL,'2023-02-28 11:08:24','2023-02-28 11:08:24'),(133,'confirm_payment','Payment was confirmed (amount $2,906.00) by %user_name%',0,31,NULL,'2023-03-01 01:08:24','2023-03-01 01:08:24'),(134,'create_shipment','Created shipment for order',0,31,NULL,'2023-03-01 01:08:24','2023-03-01 01:08:24'),(135,'create_order_from_seeder','Order is created from the checkout page',NULL,32,NULL,'2023-02-26 01:08:24','2023-02-26 01:08:24'),(136,'confirm_order','Order was verified by %user_name%',0,32,NULL,'2023-02-26 01:08:24','2023-02-26 01:08:24'),(137,'confirm_payment','Payment was confirmed (amount $597.00) by %user_name%',0,32,NULL,'2023-03-01 01:08:24','2023-03-01 01:08:24'),(138,'create_shipment','Created shipment for order',0,32,NULL,'2023-03-01 01:08:24','2023-03-01 01:08:24'),(139,'update_status','Changed status of shipping to: Delivered. Updated by: %user_name%',0,32,NULL,'2023-03-01 01:08:24','2023-03-01 01:08:24'),(140,'create_order_from_seeder','Order is created from the checkout page',NULL,33,NULL,'2023-02-26 01:08:24','2023-02-26 01:08:24'),(141,'confirm_order','Order was verified by %user_name%',0,33,NULL,'2023-02-26 01:08:24','2023-02-26 01:08:24'),(142,'create_shipment','Created shipment for order',0,33,NULL,'2023-03-01 01:08:24','2023-03-01 01:08:24'),(143,'create_order_from_seeder','Order is created from the checkout page',NULL,34,NULL,'2023-02-24 21:08:24','2023-02-24 21:08:24'),(144,'confirm_order','Order was verified by %user_name%',0,34,NULL,'2023-02-24 21:08:24','2023-02-24 21:08:24'),(145,'confirm_payment','Payment was confirmed (amount $3,618.00) by %user_name%',0,34,NULL,'2023-03-01 01:08:24','2023-03-01 01:08:24'),(146,'create_shipment','Created shipment for order',0,34,NULL,'2023-03-01 01:08:24','2023-03-01 01:08:24'),(147,'update_status','Changed status of shipping to: Delivered. Updated by: %user_name%',0,34,NULL,'2023-03-01 01:08:24','2023-03-01 01:08:24'),(148,'create_order_from_seeder','Order is created from the checkout page',NULL,35,NULL,'2023-02-26 23:08:24','2023-02-26 23:08:24'),(149,'confirm_order','Order was verified by %user_name%',0,35,NULL,'2023-02-26 23:08:24','2023-02-26 23:08:24'),(150,'create_shipment','Created shipment for order',0,35,NULL,'2023-03-01 01:08:24','2023-03-01 01:08:24'),(151,'create_order_from_seeder','Order is created from the checkout page',NULL,36,NULL,'2023-02-26 17:08:24','2023-02-26 17:08:24'),(152,'confirm_order','Order was verified by %user_name%',0,36,NULL,'2023-02-26 17:08:24','2023-02-26 17:08:24'),(153,'confirm_payment','Payment was confirmed (amount $160.50) by %user_name%',0,36,NULL,'2023-03-01 01:08:24','2023-03-01 01:08:24'),(154,'create_shipment','Created shipment for order',0,36,NULL,'2023-03-01 01:08:24','2023-03-01 01:08:24'),(155,'update_status','Changed status of shipping to: Delivered. Updated by: %user_name%',0,36,NULL,'2023-03-01 01:08:24','2023-03-01 01:08:24'),(156,'create_order_from_seeder','Order is created from the checkout page',NULL,37,NULL,'2023-02-27 17:08:24','2023-02-27 17:08:24'),(157,'confirm_order','Order was verified by %user_name%',0,37,NULL,'2023-02-27 17:08:24','2023-02-27 17:08:24'),(158,'create_shipment','Created shipment for order',0,37,NULL,'2023-03-01 01:08:24','2023-03-01 01:08:24'),(159,'update_status','Changed status of shipping to: Delivered. Updated by: %user_name%',0,37,NULL,'2023-03-01 01:08:24','2023-03-01 01:08:24'),(160,'create_order_from_seeder','Order is created from the checkout page',NULL,38,NULL,'2023-02-26 19:08:24','2023-02-26 19:08:24'),(161,'confirm_order','Order was verified by %user_name%',0,38,NULL,'2023-02-26 19:08:24','2023-02-26 19:08:24'),(162,'confirm_payment','Payment was confirmed (amount $160.50) by %user_name%',0,38,NULL,'2023-03-01 01:08:24','2023-03-01 01:08:24'),(163,'create_shipment','Created shipment for order',0,38,NULL,'2023-03-01 01:08:24','2023-03-01 01:08:24'),(164,'update_status','Changed status of shipping to: Delivered. Updated by: %user_name%',0,38,NULL,'2023-03-01 01:08:24','2023-03-01 01:08:24'),(165,'create_order_from_seeder','Order is created from the checkout page',NULL,39,NULL,'2023-02-28 07:08:24','2023-02-28 07:08:24'),(166,'confirm_order','Order was verified by %user_name%',0,39,NULL,'2023-02-28 07:08:24','2023-02-28 07:08:24'),(167,'confirm_payment','Payment was confirmed (amount $3,724.00) by %user_name%',0,39,NULL,'2023-03-01 01:08:24','2023-03-01 01:08:24'),(168,'create_shipment','Created shipment for order',0,39,NULL,'2023-03-01 01:08:24','2023-03-01 01:08:24'),(169,'create_order_from_seeder','Order is created from the checkout page',NULL,40,NULL,'2023-02-28 17:08:24','2023-02-28 17:08:24'),(170,'confirm_order','Order was verified by %user_name%',0,40,NULL,'2023-02-28 17:08:24','2023-02-28 17:08:24'),(171,'confirm_payment','Payment was confirmed (amount $1,743.00) by %user_name%',0,40,NULL,'2023-03-01 01:08:24','2023-03-01 01:08:24'),(172,'create_shipment','Created shipment for order',0,40,NULL,'2023-03-01 01:08:24','2023-03-01 01:08:24'),(173,'create_order_from_seeder','Order is created from the checkout page',NULL,41,NULL,'2023-02-27 09:08:24','2023-02-27 09:08:24'),(174,'confirm_order','Order was verified by %user_name%',0,41,NULL,'2023-02-27 09:08:24','2023-02-27 09:08:24'),(175,'confirm_payment','Payment was confirmed (amount $557.00) by %user_name%',0,41,NULL,'2023-03-01 01:08:24','2023-03-01 01:08:24'),(176,'create_shipment','Created shipment for order',0,41,NULL,'2023-03-01 01:08:24','2023-03-01 01:08:24'),(177,'create_order_from_seeder','Order is created from the checkout page',NULL,42,NULL,'2023-02-28 17:08:24','2023-02-28 17:08:24'),(178,'confirm_order','Order was verified by %user_name%',0,42,NULL,'2023-02-28 17:08:24','2023-02-28 17:08:24'),(179,'confirm_payment','Payment was confirmed (amount $3,345.00) by %user_name%',0,42,NULL,'2023-03-01 01:08:24','2023-03-01 01:08:24'),(180,'create_shipment','Created shipment for order',0,42,NULL,'2023-03-01 01:08:24','2023-03-01 01:08:24'),(181,'update_status','Changed status of shipping to: Delivered. Updated by: %user_name%',0,42,NULL,'2023-03-01 01:08:24','2023-03-01 01:08:24'),(182,'create_order_from_seeder','Order is created from the checkout page',NULL,43,NULL,'2023-02-28 05:08:24','2023-02-28 05:08:24'),(183,'confirm_order','Order was verified by %user_name%',0,43,NULL,'2023-02-28 05:08:24','2023-02-28 05:08:24'),(184,'confirm_payment','Payment was confirmed (amount $556.00) by %user_name%',0,43,NULL,'2023-03-01 01:08:24','2023-03-01 01:08:24'),(185,'create_shipment','Created shipment for order',0,43,NULL,'2023-03-01 01:08:24','2023-03-01 01:08:24'),(186,'update_status','Changed status of shipping to: Delivered. Updated by: %user_name%',0,43,NULL,'2023-03-01 01:08:24','2023-03-01 01:08:24'),(187,'update_status','Order confirmed by %user_name%',0,4,NULL,'2023-03-01 01:08:24','2023-03-01 01:08:24'),(188,'update_status','Order confirmed by %user_name%',0,5,NULL,'2023-03-01 01:08:25','2023-03-01 01:08:25'),(189,'update_status','Order confirmed by %user_name%',0,6,NULL,'2023-03-01 01:08:25','2023-03-01 01:08:25'),(190,'update_status','Order confirmed by %user_name%',0,8,NULL,'2023-03-01 01:08:25','2023-03-01 01:08:25'),(191,'update_status','Order confirmed by %user_name%',0,9,NULL,'2023-03-01 01:08:25','2023-03-01 01:08:25'),(192,'update_status','Order confirmed by %user_name%',0,11,NULL,'2023-03-01 01:08:25','2023-03-01 01:08:25'),(193,'update_status','Order confirmed by %user_name%',0,14,NULL,'2023-03-01 01:08:25','2023-03-01 01:08:25'),(194,'update_status','Order confirmed by %user_name%',0,22,NULL,'2023-03-01 01:08:25','2023-03-01 01:08:25'),(195,'update_status','Order confirmed by %user_name%',0,23,NULL,'2023-03-01 01:08:25','2023-03-01 01:08:25'),(196,'update_status','Order confirmed by %user_name%',0,25,NULL,'2023-03-01 01:08:26','2023-03-01 01:08:26'),(197,'update_status','Order confirmed by %user_name%',0,26,NULL,'2023-03-01 01:08:26','2023-03-01 01:08:26'),(198,'update_status','Order confirmed by %user_name%',0,27,NULL,'2023-03-01 01:08:26','2023-03-01 01:08:26'),(199,'update_status','Order confirmed by %user_name%',0,28,NULL,'2023-03-01 01:08:26','2023-03-01 01:08:26'),(200,'update_status','Order confirmed by %user_name%',0,32,NULL,'2023-03-01 01:08:26','2023-03-01 01:08:26'),(201,'update_status','Order confirmed by %user_name%',0,34,NULL,'2023-03-01 01:08:26','2023-03-01 01:08:26'),(202,'update_status','Order confirmed by %user_name%',0,36,NULL,'2023-03-01 01:08:26','2023-03-01 01:08:26'),(203,'update_status','Order confirmed by %user_name%',0,38,NULL,'2023-03-01 01:08:26','2023-03-01 01:08:26'),(204,'update_status','Order confirmed by %user_name%',0,42,NULL,'2023-03-01 01:08:26','2023-03-01 01:08:26'),(205,'update_status','Order confirmed by %user_name%',0,43,NULL,'2023-03-01 01:08:27','2023-03-01 01:08:27');
/*!40000 ALTER TABLE `ec_order_histories` ENABLE KEYS */;
UNLOCK TABLES;

--
-- Table structure for table `ec_order_product`
--

DROP TABLE IF EXISTS `ec_order_product`;
/*!40101 SET @saved_cs_client     = @@character_set_client */;
/*!50503 SET character_set_client = utf8mb4 */;
CREATE TABLE `ec_order_product` (
  `id` bigint unsigned NOT NULL AUTO_INCREMENT,
  `order_id` bigint unsigned NOT NULL,
  `qty` int NOT NULL,
  `price` decimal(15,2) NOT NULL,
  `tax_amount` decimal(15,2) NOT NULL,
  `options` text COLLATE utf8mb4_unicode_ci,
  `product_options` text COLLATE utf8mb4_unicode_ci COMMENT 'product option data',
  `product_id` bigint unsigned DEFAULT NULL,
  `product_name` varchar(191) COLLATE utf8mb4_unicode_ci NOT NULL,
  `product_image` varchar(191) COLLATE utf8mb4_unicode_ci DEFAULT NULL,
  `weight` double(8,2) DEFAULT '0.00',
  `restock_quantity` int unsigned DEFAULT '0',
  `created_at` timestamp NULL DEFAULT NULL,
  `updated_at` timestamp NULL DEFAULT NULL,
  `product_type` varchar(60) COLLATE utf8mb4_unicode_ci NOT NULL DEFAULT 'physical',
  `times_downloaded` int NOT NULL DEFAULT '0',
  PRIMARY KEY (`id`)
) ENGINE=InnoDB AUTO_INCREMENT=58 DEFAULT CHARSET=utf8mb4 COLLATE=utf8mb4_unicode_ci;
/*!40101 SET character_set_client = @saved_cs_client */;

--
-- Dumping data for table `ec_order_product`
--

LOCK TABLES `ec_order_product` WRITE;
/*!40000 ALTER TABLE `ec_order_product` DISABLE KEYS */;
INSERT INTO `ec_order_product` VALUES (1,1,1,517.00,0.00,'[]',NULL,43,'Samsung Smart Phone (Digital)','products/9-1.jpg',540.00,0,'2023-03-01 01:08:23','2023-03-01 01:08:23','physical',0),(2,1,1,938.00,0.00,'[]',NULL,61,'Aveeno Moisturizing Body Shower 450ml','products/18-2.jpg',661.00,0,'2023-03-01 01:08:23','2023-03-01 01:08:23','physical',0),(3,2,1,997.00,0.00,'[]',NULL,67,'MVMTH Classical Leather Watch In Black (Digital)','products/21.jpg',627.00,0,'2023-03-01 01:08:23','2023-03-01 01:08:23','physical',0),(4,3,3,1118.00,0.00,'[]',NULL,71,'Ciate Palemore Lipstick Bold Red Color','products/23.jpg',1887.00,0,'2023-03-01 01:08:23','2023-03-01 01:08:23','physical',0),(5,4,3,423.00,0.00,'[]',NULL,35,'Nikon HD camera','products/6.jpg',2094.00,0,'2023-03-01 01:08:23','2023-03-01 01:08:23','physical',0),(6,5,3,517.00,0.00,'[]',NULL,42,'Samsung Smart Phone (Digital)','products/9.jpg',1620.00,0,'2023-03-01 01:08:23','2023-03-01 01:08:23','physical',0),(7,5,3,938.00,0.00,'[]',NULL,60,'Aveeno Moisturizing Body Shower 450ml','products/18-1.jpg',1983.00,0,'2023-03-01 01:08:23','2023-03-01 01:08:23','physical',0),(8,6,2,598.00,0.00,'[]',NULL,40,'Audio Equipment','products/7.jpg',1658.00,0,'2023-03-01 01:08:23','2023-03-01 01:08:23','physical',0),(9,7,1,517.00,0.00,'[]',NULL,43,'Samsung Smart Phone (Digital)','products/9-1.jpg',540.00,0,'2023-03-01 01:08:23','2023-03-01 01:08:23','physical',0),(10,8,3,818.00,0.00,'[]',NULL,65,'NYX Beauty Couton Pallete Makeup 12','products/20.jpg',1836.00,0,'2023-03-01 01:08:23','2023-03-01 01:08:23','physical',0),(11,9,1,423.00,0.00,'[]',NULL,37,'Nikon HD camera','products/6.jpg',698.00,0,'2023-03-01 01:08:23','2023-03-01 01:08:23','physical',0),(12,10,1,818.00,0.00,'[]',NULL,66,'NYX Beauty Couton Pallete Makeup 12','products/20-1.jpg',612.00,0,'2023-03-01 01:08:23','2023-03-01 01:08:23','physical',0),(13,11,3,80.25,0.00,'[]',NULL,25,'Dual Camera 20MP (Digital)','products/1.jpg',2034.00,0,'2023-03-01 01:08:23','2023-03-01 01:08:23','physical',0),(14,11,3,938.00,0.00,'[]',NULL,61,'Aveeno Moisturizing Body Shower 450ml','products/18-2.jpg',1983.00,0,'2023-03-01 01:08:23','2023-03-01 01:08:23','physical',0),(15,12,1,857.00,0.00,'[]',NULL,33,'Smart Watch External (Digital)','products/5-1.jpg',754.00,0,'2023-03-01 01:08:23','2023-03-01 01:08:23','physical',0),(16,13,1,818.00,0.00,'[]',NULL,65,'NYX Beauty Couton Pallete Makeup 12','products/20.jpg',612.00,0,'2023-03-01 01:08:23','2023-03-01 01:08:23','physical',0),(17,14,3,600.00,0.00,'[]',NULL,31,'Red &amp; Black Headphone','products/4.jpg',2139.00,0,'2023-03-01 01:08:23','2023-03-01 01:08:23','physical',0),(18,15,2,1165.00,0.00,'[]',NULL,47,'Xbox One Wireless Controller Black Color','products/11.jpg',1570.00,0,'2023-03-01 01:08:23','2023-03-01 01:08:23','physical',0),(19,15,1,1213.00,0.00,'[]',NULL,64,'NYX Beauty Couton Pallete Makeup 12','products/19-1.jpg',573.00,0,'2023-03-01 01:08:23','2023-03-01 01:08:23','physical',0),(20,16,1,80.25,0.00,'[]',NULL,24,'Dual Camera 20MP (Digital)','products/1.jpg',678.00,0,'2023-03-01 01:08:23','2023-03-01 01:08:23','physical',0),(21,16,3,1213.00,0.00,'[]',NULL,63,'NYX Beauty Couton Pallete Makeup 12','products/19.jpg',1719.00,0,'2023-03-01 01:08:23','2023-03-01 01:08:23','physical',0),(22,17,1,1115.00,0.00,'[]',NULL,41,'Smart Televisions','products/8.jpg',650.00,0,'2023-03-01 01:08:23','2023-03-01 01:08:23','physical',0),(23,18,2,600.00,0.00,'[]',NULL,31,'Red &amp; Black Headphone','products/4.jpg',1426.00,0,'2023-03-01 01:08:23','2023-03-01 01:08:23','physical',0),(24,18,2,1206.00,0.00,'[]',NULL,45,'Herschel Leather Duffle Bag In Brown Color','products/10-1.jpg',1620.00,0,'2023-03-01 01:08:23','2023-03-01 01:08:23','physical',0),(25,19,2,857.00,0.00,'[]',NULL,33,'Smart Watch External (Digital)','products/5-1.jpg',1508.00,0,'2023-03-01 01:08:23','2023-03-01 01:08:23','physical',0),(26,19,2,556.00,0.00,'[]',NULL,58,'Samsung Gear VR Virtual Reality Headset (Digital)','products/17.jpg',1046.00,0,'2023-03-01 01:08:23','2023-03-01 01:08:23','physical',0),(27,20,3,1213.00,0.00,'[]',NULL,63,'NYX Beauty Couton Pallete Makeup 12','products/19.jpg',1719.00,0,'2023-03-01 01:08:23','2023-03-01 01:08:23','physical',0),(28,21,3,423.00,0.00,'[]',NULL,34,'Nikon HD camera','products/6.jpg',2094.00,0,'2023-03-01 01:08:23','2023-03-01 01:08:23','physical',0),(29,22,1,538.00,0.00,'[]',NULL,56,'Apple MacBook Air Retina 12-Inch Laptop','products/16.jpg',680.00,0,'2023-03-01 01:08:23','2023-03-01 01:08:23','physical',0),(30,23,3,1118.00,0.00,'[]',NULL,71,'Ciate Palemore Lipstick Bold Red Color','products/23.jpg',1887.00,0,'2023-03-01 01:08:24','2023-03-01 01:08:24','physical',0),(31,24,1,598.00,0.00,'[]',NULL,39,'Audio Equipment','products/7.jpg',829.00,0,'2023-03-01 01:08:24','2023-03-01 01:08:24','physical',0),(32,24,2,1118.00,0.00,'[]',NULL,74,'Ciate Palemore Lipstick Bold Red Color','products/23-3.jpg',1258.00,0,'2023-03-01 01:08:24','2023-03-01 01:08:24','physical',0),(33,25,2,557.00,0.00,'[]',NULL,49,'EPSION Plaster Printer','products/12-1.jpg',1406.00,0,'2023-03-01 01:08:24','2023-03-01 01:08:24','physical',0),(34,26,2,1206.00,0.00,'[]',NULL,44,'Herschel Leather Duffle Bag In Brown Color','products/10.jpg',1620.00,0,'2023-03-01 01:08:24','2023-03-01 01:08:24','physical',0),(35,27,1,1213.00,0.00,'[]',NULL,63,'NYX Beauty Couton Pallete Makeup 12','products/19.jpg',573.00,0,'2023-03-01 01:08:24','2023-03-01 01:08:24','physical',0),(36,28,1,20.00,0.00,'[]',NULL,28,'Beat Headphone','products/3.jpg',635.00,0,'2023-03-01 01:08:24','2023-03-01 01:08:24','physical',0),(37,28,2,635.00,0.00,'[]',NULL,69,'Baxter Care Hair Kit For Bearded Mens','products/22-1.jpg',1650.00,0,'2023-03-01 01:08:24','2023-03-01 01:08:24','physical',0),(38,29,1,598.00,0.00,'[]',NULL,40,'Audio Equipment','products/7.jpg',829.00,0,'2023-03-01 01:08:24','2023-03-01 01:08:24','physical',0),(39,29,3,1118.00,0.00,'[]',NULL,73,'Ciate Palemore Lipstick Bold Red Color','products/23-2.jpg',1887.00,0,'2023-03-01 01:08:24','2023-03-01 01:08:24','physical',0),(40,30,1,80.25,0.00,'[]',NULL,24,'Dual Camera 20MP (Digital)','products/1.jpg',678.00,0,'2023-03-01 01:08:24','2023-03-01 01:08:24','physical',0),(41,31,3,598.00,0.00,'[]',NULL,38,'Audio Equipment','products/7.jpg',2487.00,0,'2023-03-01 01:08:24','2023-03-01 01:08:24','physical',0),(42,31,2,556.00,0.00,'[]',NULL,58,'Samsung Gear VR Virtual Reality Headset (Digital)','products/17.jpg',1046.00,0,'2023-03-01 01:08:24','2023-03-01 01:08:24','physical',0),(43,32,2,20.00,0.00,'[]',NULL,30,'Beat Headphone','products/3.jpg',1270.00,0,'2023-03-01 01:08:24','2023-03-01 01:08:24','physical',0),(44,32,1,557.00,0.00,'[]',NULL,48,'EPSION Plaster Printer','products/12.jpg',703.00,0,'2023-03-01 01:08:24','2023-03-01 01:08:24','physical',0),(45,33,2,1118.00,0.00,'[]',NULL,73,'Ciate Palemore Lipstick Bold Red Color','products/23-2.jpg',1258.00,0,'2023-03-01 01:08:24','2023-03-01 01:08:24','physical',0),(46,34,3,1206.00,0.00,'[]',NULL,44,'Herschel Leather Duffle Bag In Brown Color','products/10.jpg',2430.00,0,'2023-03-01 01:08:24','2023-03-01 01:08:24','physical',0),(47,35,1,938.00,0.00,'[]',NULL,59,'Aveeno Moisturizing Body Shower 450ml','products/18.jpg',661.00,0,'2023-03-01 01:08:24','2023-03-01 01:08:24','physical',0),(48,36,2,80.25,0.00,'[]',NULL,24,'Dual Camera 20MP (Digital)','products/1.jpg',1356.00,0,'2023-03-01 01:08:24','2023-03-01 01:08:24','physical',0),(49,37,1,1118.00,0.00,'[]',NULL,74,'Ciate Palemore Lipstick Bold Red Color','products/23-3.jpg',629.00,0,'2023-03-01 01:08:24','2023-03-01 01:08:24','physical',0),(50,38,2,80.25,0.00,'[]',NULL,25,'Dual Camera 20MP (Digital)','products/1.jpg',1356.00,0,'2023-03-01 01:08:24','2023-03-01 01:08:24','physical',0),(51,39,3,818.00,0.00,'[]',NULL,66,'NYX Beauty Couton Pallete Makeup 12','products/20-1.jpg',1836.00,0,'2023-03-01 01:08:24','2023-03-01 01:08:24','physical',0),(52,39,2,635.00,0.00,'[]',NULL,69,'Baxter Care Hair Kit For Bearded Mens','products/22-1.jpg',1650.00,0,'2023-03-01 01:08:24','2023-03-01 01:08:24','physical',0),(53,40,1,1206.00,0.00,'[]',NULL,45,'Herschel Leather Duffle Bag In Brown Color','products/10-1.jpg',810.00,0,'2023-03-01 01:08:24','2023-03-01 01:08:24','physical',0),(54,40,1,537.00,0.00,'[]',NULL,53,'B&amp;O Play Mini Bluetooth Speaker','products/14.jpg',727.00,0,'2023-03-01 01:08:24','2023-03-01 01:08:24','physical',0),(55,41,1,557.00,0.00,'[]',NULL,49,'EPSION Plaster Printer','products/12-1.jpg',703.00,0,'2023-03-01 01:08:24','2023-03-01 01:08:24','physical',0),(56,42,3,1115.00,0.00,'[]',NULL,41,'Smart Televisions','products/8.jpg',1950.00,0,'2023-03-01 01:08:24','2023-03-01 01:08:24','physical',0),(57,43,1,556.00,0.00,'[]',NULL,58,'Samsung Gear VR Virtual Reality Headset (Digital)','products/17.jpg',523.00,0,'2023-03-01 01:08:24','2023-03-01 01:08:24','physical',0);
/*!40000 ALTER TABLE `ec_order_product` ENABLE KEYS */;
UNLOCK TABLES;

--
-- Table structure for table `ec_order_referrals`
--

DROP TABLE IF EXISTS `ec_order_referrals`;
/*!40101 SET @saved_cs_client     = @@character_set_client */;
/*!50503 SET character_set_client = utf8mb4 */;
CREATE TABLE `ec_order_referrals` (
  `id` bigint unsigned NOT NULL AUTO_INCREMENT,
  `ip` varchar(39) COLLATE utf8mb4_unicode_ci DEFAULT NULL,
  `landing_domain` varchar(255) COLLATE utf8mb4_unicode_ci DEFAULT NULL,
  `landing_page` varchar(255) COLLATE utf8mb4_unicode_ci DEFAULT NULL,
  `landing_params` varchar(255) COLLATE utf8mb4_unicode_ci DEFAULT NULL,
  `referral` varchar(255) COLLATE utf8mb4_unicode_ci DEFAULT NULL,
  `gclid` varchar(255) COLLATE utf8mb4_unicode_ci DEFAULT NULL,
  `fclid` varchar(255) COLLATE utf8mb4_unicode_ci DEFAULT NULL,
  `utm_source` varchar(255) COLLATE utf8mb4_unicode_ci DEFAULT NULL,
  `utm_campaign` varchar(255) COLLATE utf8mb4_unicode_ci DEFAULT NULL,
  `utm_medium` varchar(255) COLLATE utf8mb4_unicode_ci DEFAULT NULL,
  `utm_term` varchar(255) COLLATE utf8mb4_unicode_ci DEFAULT NULL,
  `utm_content` varchar(255) COLLATE utf8mb4_unicode_ci DEFAULT NULL,
  `referrer_url` text COLLATE utf8mb4_unicode_ci,
  `referrer_domain` varchar(255) COLLATE utf8mb4_unicode_ci DEFAULT NULL,
  `order_id` bigint unsigned DEFAULT NULL,
  `created_at` timestamp NULL DEFAULT NULL,
  `updated_at` timestamp NULL DEFAULT NULL,
  PRIMARY KEY (`id`),
  KEY `ec_order_referrals_order_id_index` (`order_id`)
) ENGINE=InnoDB DEFAULT CHARSET=utf8mb4 COLLATE=utf8mb4_unicode_ci;
/*!40101 SET character_set_client = @saved_cs_client */;

--
-- Dumping data for table `ec_order_referrals`
--

LOCK TABLES `ec_order_referrals` WRITE;
/*!40000 ALTER TABLE `ec_order_referrals` DISABLE KEYS */;
/*!40000 ALTER TABLE `ec_order_referrals` ENABLE KEYS */;
UNLOCK TABLES;

--
-- Table structure for table `ec_order_return_items`
--

DROP TABLE IF EXISTS `ec_order_return_items`;
/*!40101 SET @saved_cs_client     = @@character_set_client */;
/*!50503 SET character_set_client = utf8mb4 */;
CREATE TABLE `ec_order_return_items` (
  `id` bigint unsigned NOT NULL AUTO_INCREMENT,
  `order_return_id` bigint unsigned NOT NULL COMMENT 'Order return id',
  `order_product_id` bigint unsigned NOT NULL COMMENT 'Order product id',
  `product_id` bigint unsigned NOT NULL COMMENT 'Product id',
  `product_name` varchar(191) COLLATE utf8mb4_unicode_ci NOT NULL,
  `product_image` varchar(191) COLLATE utf8mb4_unicode_ci DEFAULT NULL,
  `qty` int NOT NULL COMMENT 'Quantity return',
  `price` decimal(15,2) NOT NULL COMMENT 'Price Product',
  `reason` text COLLATE utf8mb4_unicode_ci,
  `created_at` timestamp NULL DEFAULT NULL,
  `updated_at` timestamp NULL DEFAULT NULL,
  `refund_amount` decimal(12,2) DEFAULT '0.00',
  PRIMARY KEY (`id`)
) ENGINE=InnoDB DEFAULT CHARSET=utf8mb4 COLLATE=utf8mb4_unicode_ci;
/*!40101 SET character_set_client = @saved_cs_client */;

--
-- Dumping data for table `ec_order_return_items`
--

LOCK TABLES `ec_order_return_items` WRITE;
/*!40000 ALTER TABLE `ec_order_return_items` DISABLE KEYS */;
/*!40000 ALTER TABLE `ec_order_return_items` ENABLE KEYS */;
UNLOCK TABLES;

--
-- Table structure for table `ec_order_returns`
--

DROP TABLE IF EXISTS `ec_order_returns`;
/*!40101 SET @saved_cs_client     = @@character_set_client */;
/*!50503 SET character_set_client = utf8mb4 */;
CREATE TABLE `ec_order_returns` (
  `id` bigint unsigned NOT NULL AUTO_INCREMENT,
  `code` varchar(191) COLLATE utf8mb4_unicode_ci DEFAULT NULL,
  `order_id` bigint unsigned NOT NULL COMMENT 'Order ID',
  `store_id` bigint unsigned DEFAULT NULL COMMENT 'Store ID',
  `user_id` bigint unsigned NOT NULL COMMENT 'Customer ID',
  `reason` text COLLATE utf8mb4_unicode_ci COMMENT 'Reason return order',
  `order_status` varchar(191) COLLATE utf8mb4_unicode_ci DEFAULT NULL COMMENT 'Order current status',
  `return_status` varchar(191) COLLATE utf8mb4_unicode_ci NOT NULL COMMENT 'Return status',
  `created_at` timestamp NULL DEFAULT NULL,
  `updated_at` timestamp NULL DEFAULT NULL,
  PRIMARY KEY (`id`),
  UNIQUE KEY `ec_order_returns_code_unique` (`code`)
) ENGINE=InnoDB DEFAULT CHARSET=utf8mb4 COLLATE=utf8mb4_unicode_ci;
/*!40101 SET character_set_client = @saved_cs_client */;

--
-- Dumping data for table `ec_order_returns`
--

LOCK TABLES `ec_order_returns` WRITE;
/*!40000 ALTER TABLE `ec_order_returns` DISABLE KEYS */;
/*!40000 ALTER TABLE `ec_order_returns` ENABLE KEYS */;
UNLOCK TABLES;

--
-- Table structure for table `ec_orders`
--

DROP TABLE IF EXISTS `ec_orders`;
/*!40101 SET @saved_cs_client     = @@character_set_client */;
/*!50503 SET character_set_client = utf8mb4 */;
CREATE TABLE `ec_orders` (
  `id` bigint unsigned NOT NULL AUTO_INCREMENT,
  `code` varchar(191) COLLATE utf8mb4_unicode_ci DEFAULT NULL,
  `user_id` bigint unsigned NOT NULL,
  `shipping_option` varchar(60) COLLATE utf8mb4_unicode_ci DEFAULT NULL,
  `shipping_method` varchar(60) COLLATE utf8mb4_unicode_ci NOT NULL DEFAULT 'default',
  `status` varchar(120) COLLATE utf8mb4_unicode_ci NOT NULL DEFAULT 'pending',
  `amount` decimal(15,2) NOT NULL,
  `tax_amount` decimal(15,2) DEFAULT NULL,
  `shipping_amount` decimal(15,2) DEFAULT NULL,
  `description` text COLLATE utf8mb4_unicode_ci,
  `coupon_code` varchar(120) COLLATE utf8mb4_unicode_ci DEFAULT NULL,
  `discount_amount` decimal(15,2) DEFAULT NULL,
  `sub_total` decimal(15,2) NOT NULL,
  `is_confirmed` tinyint(1) NOT NULL DEFAULT '0',
  `discount_description` varchar(255) COLLATE utf8mb4_unicode_ci DEFAULT NULL,
  `is_finished` tinyint(1) DEFAULT '0',
  `completed_at` timestamp NULL DEFAULT NULL,
  `token` varchar(120) COLLATE utf8mb4_unicode_ci DEFAULT NULL,
  `payment_id` bigint unsigned DEFAULT NULL,
  `created_at` timestamp NULL DEFAULT NULL,
  `updated_at` timestamp NULL DEFAULT NULL,
  `store_id` bigint unsigned DEFAULT NULL,
  PRIMARY KEY (`id`),
  UNIQUE KEY `ec_orders_code_unique` (`code`),
  KEY `ec_orders_user_id_status_created_at_index` (`user_id`,`status`,`created_at`)
) ENGINE=InnoDB AUTO_INCREMENT=44 DEFAULT CHARSET=utf8mb4 COLLATE=utf8mb4_unicode_ci;
/*!40101 SET character_set_client = @saved_cs_client */;

--
-- Dumping data for table `ec_orders`
--

LOCK TABLES `ec_orders` WRITE;
/*!40000 ALTER TABLE `ec_orders` DISABLE KEYS */;
INSERT INTO `ec_orders` VALUES (1,'#10000001',7,'1','default','pending',1455.00,0.00,0.00,NULL,NULL,0.00,1455.00,1,NULL,1,NULL,'u4VqpE0Yu7CM8stluS2xCypUi5pds',1,'2023-02-24 01:08:23','2023-03-01 01:08:23',3),(2,'#10000002',7,'1','default','pending',997.00,0.00,0.00,NULL,NULL,0.00,997.00,1,NULL,1,NULL,'EJ0fuXwhTvvlvz70jJywZQmo4SGVS',2,'2023-02-25 17:08:23','2023-03-01 01:08:23',1),(3,'#10000003',7,'1','default','completed',3354.00,0.00,0.00,NULL,NULL,0.00,3354.00,1,NULL,1,'2023-03-01 01:08:23','XCcBFUxJKgD3u21gKUJK8eBmjT3dC',3,'2023-02-17 09:08:23','2023-03-01 01:08:23',2),(4,'#10000004',6,'1','default','completed',1269.00,0.00,0.00,NULL,NULL,0.00,1269.00,1,NULL,1,'2023-03-01 01:08:24','dXKvB32FeHWAfdfzTbc8DU9OimB61',4,'2023-02-22 17:08:23','2023-03-01 01:08:24',4),(5,'#10000005',6,'1','default','completed',4365.00,0.00,0.00,NULL,NULL,0.00,4365.00,1,NULL,1,'2023-03-01 01:08:25','b6pcMGfxWwUUJNTNAMwXynmX1YgoV',5,'2023-02-17 23:08:23','2023-03-01 01:08:25',3),(6,'#10000006',8,'1','default','completed',1196.00,0.00,0.00,NULL,NULL,0.00,1196.00,1,NULL,1,'2023-03-01 01:08:25','2TVqG8EAthA5hMit54ASNwC9mKRp5',6,'2023-02-27 13:08:23','2023-03-01 01:08:25',2),(7,'#10000007',8,'1','default','pending',517.00,0.00,0.00,NULL,NULL,0.00,517.00,1,NULL,1,NULL,'mqKWEYhegASqrlAyAcqmSsHPjzA1E',7,'2023-02-24 13:08:23','2023-03-01 01:08:23',3),(8,'#10000008',8,'1','default','completed',2454.00,0.00,0.00,NULL,NULL,0.00,2454.00,1,NULL,1,'2023-03-01 01:08:25','h41rYo8ueGW1uB3SNZtTsXij3Nwnm',8,'2023-02-14 01:08:23','2023-03-01 01:08:25',1),(9,'#10000009',6,'1','default','completed',423.00,0.00,0.00,NULL,NULL,0.00,423.00,1,NULL,1,'2023-03-01 01:08:25','wTbZaG4uTSXkbZrJfzazTx5GizYot',9,'2023-02-23 09:08:23','2023-03-01 01:08:25',4),(10,'#10000010',6,'1','default','pending',818.00,0.00,0.00,NULL,NULL,0.00,818.00,1,NULL,1,NULL,'ZRJ7nMVt0RD8Kre3kBE6cAC8IyGah',10,'2023-02-20 13:08:23','2023-03-01 01:08:23',1),(11,'#10000011',4,'1','default','completed',3054.75,0.00,0.00,NULL,NULL,0.00,3054.75,1,NULL,1,'2023-03-01 01:08:25','2pke8OjmSBEQz8b71aABEnYkBmbSt',11,'2023-02-19 17:08:23','2023-03-01 01:08:25',3),(12,'#10000012',4,'1','default','pending',857.00,0.00,0.00,NULL,NULL,0.00,857.00,1,NULL,1,NULL,'ULLZaClSwQtTyJs27zF8D5hdotjSu',12,'2023-02-26 09:08:23','2023-03-01 01:08:23',2),(13,'#10000013',4,'1','default','completed',818.00,0.00,0.00,NULL,NULL,0.00,818.00,1,NULL,1,'2023-03-01 01:08:23','XYfTkSo4JopwPziPzmaQrJDKHg1pV',13,'2023-02-27 17:08:23','2023-03-01 01:08:23',1),(14,'#10000014',10,'1','default','completed',1800.00,0.00,0.00,NULL,NULL,0.00,1800.00,1,NULL,1,'2023-03-01 01:08:25','qRpH3R5BaSveU9E89nnaISppNbQcA',14,'2023-02-17 19:08:23','2023-03-01 01:08:25',2),(15,'#10000015',10,'1','default','pending',3543.00,0.00,0.00,NULL,NULL,0.00,3543.00,1,NULL,1,NULL,'aY4ync4MuYgSR5h2xzgij0eHXU5dg',15,'2023-02-25 07:08:23','2023-03-01 01:08:23',3),(16,'#10000016',10,'1','default','pending',3719.25,0.00,0.00,NULL,NULL,0.00,3719.25,1,NULL,1,NULL,'EKAq00bknJSu7qeV3AXRSsCtlXQNt',16,'2023-02-24 09:08:23','2023-03-01 01:08:23',3),(17,'#10000017',10,'1','default','pending',1115.00,0.00,0.00,NULL,NULL,0.00,1115.00,1,NULL,1,NULL,'Av0sOtCn6NKOPlMV4c60G3fD3VaT7',17,'2023-02-25 13:08:23','2023-03-01 01:08:23',1),(18,'#10000018',4,'1','default','pending',3612.00,0.00,0.00,NULL,NULL,0.00,3612.00,1,NULL,1,NULL,'LXPht5YfyK5M9KIVT2NsUZzSl2j7n',18,'2023-02-25 19:08:23','2023-03-01 01:08:23',2),(19,'#10000019',4,'1','default','pending',2826.00,0.00,0.00,NULL,NULL,0.00,2826.00,1,NULL,1,NULL,'Ov7Xe3PemXxFMwyyXQBLvg1isk7nE',19,'2023-02-24 01:08:23','2023-03-01 01:08:23',2),(20,'#10000020',4,'1','default','pending',3639.00,0.00,0.00,NULL,NULL,0.00,3639.00,1,NULL,1,NULL,'4K7p0IObJBoc7ahbgxC1KDXXpdapo',20,'2023-02-24 01:08:23','2023-03-01 01:08:23',3),(21,'#10000021',10,'1','default','pending',1269.00,0.00,0.00,NULL,NULL,0.00,1269.00,1,NULL,1,NULL,'mZN2h9Lhd6cgMMDAntJr3xkgPfKBx',21,'2023-02-20 19:08:23','2023-03-01 01:08:23',4),(22,'#10000022',10,'1','default','completed',538.00,0.00,0.00,NULL,NULL,0.00,538.00,1,NULL,1,'2023-03-01 01:08:25','3MMMFYrVtVNqAya7tjwbBWHdDUbyR',22,'2023-02-24 11:08:23','2023-03-01 01:08:25',1),(23,'#10000023',10,'1','default','completed',3354.00,0.00,0.00,NULL,NULL,0.00,3354.00,1,NULL,1,'2023-03-01 01:08:25','8l9Lrr3sKBnNgaoX0qBwDXzZ3VzgN',23,'2023-02-25 09:08:24','2023-03-01 01:08:25',2),(24,'#10000024',1,'1','default','pending',2834.00,0.00,0.00,NULL,NULL,0.00,2834.00,1,NULL,1,NULL,'NoRcsizms5aPn97aV2n8oNwb9lLc3',24,'2023-02-28 05:08:24','2023-03-01 01:08:24',2),(25,'#10000025',1,'1','default','completed',1114.00,0.00,0.00,NULL,NULL,0.00,1114.00,1,NULL,1,'2023-03-01 01:08:26','vOCzLUYD7K8Fc4OoKWu2iIv0K2uFp',25,'2023-02-22 09:08:24','2023-03-01 01:08:26',1),(26,'#10000026',6,'1','default','completed',2412.00,0.00,0.00,NULL,NULL,0.00,2412.00,1,NULL,1,'2023-03-01 01:08:26','2nebCKL1bMueMxZ6ddoxsgF7sSPPz',26,'2023-02-22 07:08:24','2023-03-01 01:08:26',2),(27,'#10000027',6,'1','default','completed',1213.00,0.00,0.00,NULL,NULL,0.00,1213.00,1,NULL,1,'2023-03-01 01:08:26','leWz5erhxV8tFks2GMgBS42svNAux',27,'2023-02-25 07:08:24','2023-03-01 01:08:26',3),(28,'#10000028',6,'1','default','completed',1290.00,0.00,0.00,NULL,NULL,0.00,1290.00,1,NULL,1,'2023-03-01 01:08:26','roPqv1nHPosmigIzEn8rfG5wRvVaa',28,'2023-02-25 01:08:24','2023-03-01 01:08:26',1),(29,'#10000029',6,'1','default','pending',3952.00,0.00,0.00,NULL,NULL,0.00,3952.00,1,NULL,1,NULL,'bqDtQjSaOFzpEsj6ull2sLRoUuKBE',29,'2023-02-27 01:08:24','2023-03-01 01:08:24',2),(30,'#10000030',6,'1','default','pending',80.25,0.00,0.00,NULL,NULL,0.00,80.25,1,NULL,1,NULL,'AZm6LuhceRzEv75jPvkJloasgbPDF',30,'2023-02-25 13:08:24','2023-03-01 01:08:24',3),(31,'#10000031',6,'1','default','pending',2906.00,0.00,0.00,NULL,NULL,0.00,2906.00,1,NULL,1,NULL,'9Nsa74k5AL9Cs5fprNrDuTyi2BCpp',31,'2023-02-28 11:08:24','2023-03-01 01:08:24',2),(32,'#10000032',4,'1','default','completed',597.00,0.00,0.00,NULL,NULL,0.00,597.00,1,NULL,1,'2023-03-01 01:08:26','mlOgawMco0nhqDzsU8KLnmJKwt8kH',32,'2023-02-26 01:08:24','2023-03-01 01:08:26',1),(33,'#10000033',4,'1','default','pending',2236.00,0.00,0.00,NULL,NULL,0.00,2236.00,1,NULL,1,NULL,'RKc8ZZEimz3lVPpY2g1s9uzHLP5ad',33,'2023-02-26 01:08:24','2023-03-01 01:08:24',2),(34,'#10000034',10,'1','default','completed',3618.00,0.00,0.00,NULL,NULL,0.00,3618.00,1,NULL,1,'2023-03-01 01:08:26','knM90MNfUBFQc1MoLkfcAEAurg00z',34,'2023-02-24 21:08:24','2023-03-01 01:08:26',2),(35,'#10000035',10,'1','default','pending',938.00,0.00,0.00,NULL,NULL,0.00,938.00,1,NULL,1,NULL,'mw9eu5B1qZoW5fhc55vuro5BIC6un',35,'2023-02-26 23:08:24','2023-03-01 01:08:24',3),(36,'#10000036',10,'1','default','completed',160.50,0.00,0.00,NULL,NULL,0.00,160.50,1,NULL,1,'2023-03-01 01:08:26','Dfi9pyjfETouEXowDy8jtQ2zjRPkT',36,'2023-02-26 17:08:24','2023-03-01 01:08:26',3),(37,'#10000037',10,'1','default','completed',1118.00,0.00,0.00,NULL,NULL,0.00,1118.00,1,NULL,1,'2023-03-01 01:08:24','RNxYFG0PHfMwC7voENreVtLOoCggS',37,'2023-02-27 17:08:24','2023-03-01 01:08:24',2),(38,'#10000038',7,'1','default','completed',160.50,0.00,0.00,NULL,NULL,0.00,160.50,1,NULL,1,'2023-03-01 01:08:26','1x0c8eb8WMDpCQjBCEq6BrMSLUAeP',38,'2023-02-26 19:08:24','2023-03-01 01:08:26',3),(39,'#10000039',7,'1','default','pending',3724.00,0.00,0.00,NULL,NULL,0.00,3724.00,1,NULL,1,NULL,'EQwMfUHp3bCTDBbIJ0iz5z2iMvbAx',39,'2023-02-28 07:08:24','2023-03-01 01:08:24',1),(40,'#10000040',7,'1','default','pending',1743.00,0.00,0.00,NULL,NULL,0.00,1743.00,1,NULL,1,NULL,'vahOJ3hlOxx2lnr4K4ed9MtzcsR1S',40,'2023-02-28 17:08:24','2023-03-01 01:08:24',2),(41,'#10000041',7,'1','default','pending',557.00,0.00,0.00,NULL,NULL,0.00,557.00,1,NULL,1,NULL,'sm8tK8A9pauXJuX05aBvOhODKlOm9',41,'2023-02-27 09:08:24','2023-03-01 01:08:24',1),(42,'#10000042',7,'1','default','completed',3345.00,0.00,0.00,NULL,NULL,0.00,3345.00,1,NULL,1,'2023-03-01 01:08:26','HkYfpzobo7lpDIOUk7urpsorFtkzQ',42,'2023-02-28 17:08:24','2023-03-01 01:08:26',1),(43,'#10000043',7,'1','default','completed',556.00,0.00,0.00,NULL,NULL,0.00,556.00,1,NULL,1,'2023-03-01 01:08:27','2qLyueTZMIOJiYao9th2sNVOAW9fR',43,'2023-02-28 05:08:24','2023-03-01 01:08:27',2);
/*!40000 ALTER TABLE `ec_orders` ENABLE KEYS */;
UNLOCK TABLES;

--
-- Table structure for table `ec_product_attribute_sets`
--

DROP TABLE IF EXISTS `ec_product_attribute_sets`;
/*!40101 SET @saved_cs_client     = @@character_set_client */;
/*!50503 SET character_set_client = utf8mb4 */;
CREATE TABLE `ec_product_attribute_sets` (
  `id` bigint unsigned NOT NULL AUTO_INCREMENT,
  `title` varchar(120) COLLATE utf8mb4_unicode_ci NOT NULL,
  `slug` varchar(120) COLLATE utf8mb4_unicode_ci DEFAULT NULL,
  `display_layout` varchar(191) COLLATE utf8mb4_unicode_ci NOT NULL DEFAULT 'swatch_dropdown',
  `is_searchable` tinyint unsigned NOT NULL DEFAULT '1',
  `is_comparable` tinyint unsigned NOT NULL DEFAULT '1',
  `is_use_in_product_listing` tinyint unsigned NOT NULL DEFAULT '0',
  `status` varchar(60) COLLATE utf8mb4_unicode_ci NOT NULL DEFAULT 'published',
  `order` tinyint unsigned NOT NULL DEFAULT '0',
  `created_at` timestamp NULL DEFAULT NULL,
  `updated_at` timestamp NULL DEFAULT NULL,
  `use_image_from_product_variation` tinyint unsigned NOT NULL DEFAULT '0',
  PRIMARY KEY (`id`)
) ENGINE=InnoDB AUTO_INCREMENT=3 DEFAULT CHARSET=utf8mb4 COLLATE=utf8mb4_unicode_ci;
/*!40101 SET character_set_client = @saved_cs_client */;

--
-- Dumping data for table `ec_product_attribute_sets`
--

LOCK TABLES `ec_product_attribute_sets` WRITE;
/*!40000 ALTER TABLE `ec_product_attribute_sets` DISABLE KEYS */;
INSERT INTO `ec_product_attribute_sets` VALUES (1,'Color','color','visual',1,1,1,'published',0,'2023-03-01 01:08:18','2023-03-01 01:08:18',0),(2,'Size','size','text',1,1,1,'published',1,'2023-03-01 01:08:18','2023-03-01 01:08:18',0);
/*!40000 ALTER TABLE `ec_product_attribute_sets` ENABLE KEYS */;
UNLOCK TABLES;

--
-- Table structure for table `ec_product_attribute_sets_translations`
--

DROP TABLE IF EXISTS `ec_product_attribute_sets_translations`;
/*!40101 SET @saved_cs_client     = @@character_set_client */;
/*!50503 SET character_set_client = utf8mb4 */;
CREATE TABLE `ec_product_attribute_sets_translations` (
  `lang_code` varchar(191) COLLATE utf8mb4_unicode_ci NOT NULL,
  `ec_product_attribute_sets_id` bigint unsigned NOT NULL,
  `title` varchar(191) COLLATE utf8mb4_unicode_ci DEFAULT NULL,
  PRIMARY KEY (`lang_code`,`ec_product_attribute_sets_id`)
) ENGINE=InnoDB DEFAULT CHARSET=utf8mb4 COLLATE=utf8mb4_unicode_ci;
/*!40101 SET character_set_client = @saved_cs_client */;

--
-- Dumping data for table `ec_product_attribute_sets_translations`
--

LOCK TABLES `ec_product_attribute_sets_translations` WRITE;
/*!40000 ALTER TABLE `ec_product_attribute_sets_translations` DISABLE KEYS */;
INSERT INTO `ec_product_attribute_sets_translations` VALUES ('vi',1,'Màu sắc'),('vi',2,'Kích thước');
/*!40000 ALTER TABLE `ec_product_attribute_sets_translations` ENABLE KEYS */;
UNLOCK TABLES;

--
-- Table structure for table `ec_product_attributes`
--

DROP TABLE IF EXISTS `ec_product_attributes`;
/*!40101 SET @saved_cs_client     = @@character_set_client */;
/*!50503 SET character_set_client = utf8mb4 */;
CREATE TABLE `ec_product_attributes` (
  `id` bigint unsigned NOT NULL AUTO_INCREMENT,
  `attribute_set_id` bigint unsigned NOT NULL,
  `title` varchar(120) COLLATE utf8mb4_unicode_ci NOT NULL,
  `slug` varchar(120) COLLATE utf8mb4_unicode_ci DEFAULT NULL,
  `color` varchar(50) COLLATE utf8mb4_unicode_ci DEFAULT NULL,
  `image` varchar(191) COLLATE utf8mb4_unicode_ci DEFAULT NULL,
  `is_default` tinyint unsigned NOT NULL DEFAULT '0',
  `order` tinyint unsigned NOT NULL DEFAULT '0',
  `status` varchar(60) COLLATE utf8mb4_unicode_ci NOT NULL DEFAULT 'published',
  `created_at` timestamp NULL DEFAULT NULL,
  `updated_at` timestamp NULL DEFAULT NULL,
  PRIMARY KEY (`id`),
  KEY `ec_product_attributes_attribute_set_id_status_index` (`attribute_set_id`,`status`)
) ENGINE=InnoDB AUTO_INCREMENT=11 DEFAULT CHARSET=utf8mb4 COLLATE=utf8mb4_unicode_ci;
/*!40101 SET character_set_client = @saved_cs_client */;

--
-- Dumping data for table `ec_product_attributes`
--

LOCK TABLES `ec_product_attributes` WRITE;
/*!40000 ALTER TABLE `ec_product_attributes` DISABLE KEYS */;
INSERT INTO `ec_product_attributes` VALUES (1,1,'Green','green','#5FB7D4',NULL,1,1,'published','2023-03-01 01:08:18','2023-03-01 01:08:18'),(2,1,'Blue','blue','#333333',NULL,0,2,'published','2023-03-01 01:08:18','2023-03-01 01:08:18'),(3,1,'Red','red','#DA323F',NULL,0,3,'published','2023-03-01 01:08:18','2023-03-01 01:08:18'),(4,1,'Black','back','#2F366C',NULL,0,4,'published','2023-03-01 01:08:18','2023-03-01 01:08:18'),(5,1,'Brown','brown','#87554B',NULL,0,5,'published','2023-03-01 01:08:18','2023-03-01 01:08:18'),(6,2,'S','s',NULL,NULL,1,1,'published','2023-03-01 01:08:18','2023-03-01 01:08:18'),(7,2,'M','m',NULL,NULL,0,2,'published','2023-03-01 01:08:18','2023-03-01 01:08:18'),(8,2,'L','l',NULL,NULL,0,3,'published','2023-03-01 01:08:18','2023-03-01 01:08:18'),(9,2,'XL','xl',NULL,NULL,0,4,'published','2023-03-01 01:08:18','2023-03-01 01:08:18'),(10,2,'XXL','xxl',NULL,NULL,0,5,'published','2023-03-01 01:08:18','2023-03-01 01:08:18');
/*!40000 ALTER TABLE `ec_product_attributes` ENABLE KEYS */;
UNLOCK TABLES;

--
-- Table structure for table `ec_product_attributes_translations`
--

DROP TABLE IF EXISTS `ec_product_attributes_translations`;
/*!40101 SET @saved_cs_client     = @@character_set_client */;
/*!50503 SET character_set_client = utf8mb4 */;
CREATE TABLE `ec_product_attributes_translations` (
  `lang_code` varchar(191) COLLATE utf8mb4_unicode_ci NOT NULL,
  `ec_product_attributes_id` bigint unsigned NOT NULL,
  `title` varchar(191) COLLATE utf8mb4_unicode_ci DEFAULT NULL,
  PRIMARY KEY (`lang_code`,`ec_product_attributes_id`)
) ENGINE=InnoDB DEFAULT CHARSET=utf8mb4 COLLATE=utf8mb4_unicode_ci;
/*!40101 SET character_set_client = @saved_cs_client */;

--
-- Dumping data for table `ec_product_attributes_translations`
--

LOCK TABLES `ec_product_attributes_translations` WRITE;
/*!40000 ALTER TABLE `ec_product_attributes_translations` DISABLE KEYS */;
INSERT INTO `ec_product_attributes_translations` VALUES ('vi',1,'Xanh lá cây'),('vi',2,'Xanh da trời'),('vi',3,'Đỏ'),('vi',4,'Đen'),('vi',5,'Nâu'),('vi',6,'S'),('vi',7,'M'),('vi',8,'L'),('vi',9,'XL'),('vi',10,'XXL');
/*!40000 ALTER TABLE `ec_product_attributes_translations` ENABLE KEYS */;
UNLOCK TABLES;

--
-- Table structure for table `ec_product_categories`
--

DROP TABLE IF EXISTS `ec_product_categories`;
/*!40101 SET @saved_cs_client     = @@character_set_client */;
/*!50503 SET character_set_client = utf8mb4 */;
CREATE TABLE `ec_product_categories` (
  `id` bigint unsigned NOT NULL AUTO_INCREMENT,
  `name` varchar(191) COLLATE utf8mb4_unicode_ci NOT NULL,
  `parent_id` bigint unsigned NOT NULL DEFAULT '0',
  `description` mediumtext COLLATE utf8mb4_unicode_ci,
  `status` varchar(60) COLLATE utf8mb4_unicode_ci NOT NULL DEFAULT 'published',
  `order` int unsigned NOT NULL DEFAULT '0',
  `image` varchar(255) COLLATE utf8mb4_unicode_ci DEFAULT NULL,
  `is_featured` tinyint unsigned NOT NULL DEFAULT '0',
  `created_at` timestamp NULL DEFAULT NULL,
  `updated_at` timestamp NULL DEFAULT NULL,
  PRIMARY KEY (`id`),
  KEY `ec_product_categories_parent_id_status_created_at_index` (`parent_id`,`status`,`created_at`),
  KEY `ec_product_categories_parent_id_status_index` (`parent_id`,`status`)
) ENGINE=InnoDB AUTO_INCREMENT=38 DEFAULT CHARSET=utf8mb4 COLLATE=utf8mb4_unicode_ci;
/*!40101 SET character_set_client = @saved_cs_client */;

--
-- Dumping data for table `ec_product_categories`
--

LOCK TABLES `ec_product_categories` WRITE;
/*!40000 ALTER TABLE `ec_product_categories` DISABLE KEYS */;
INSERT INTO `ec_product_categories` VALUES (1,'Hot Promotions',0,NULL,'published',0,NULL,0,'2023-03-01 01:08:14','2023-03-01 01:08:14'),(2,'Electronics',0,NULL,'published',1,'product-categories/1.jpg',1,'2023-03-01 01:08:14','2023-03-01 01:08:14'),(3,'Consumer Electronic',2,NULL,'published',0,NULL,0,'2023-03-01 01:08:14','2023-03-01 01:08:14'),(4,'Home Audio & Theaters',3,NULL,'published',0,NULL,0,'2023-03-01 01:08:14','2023-03-01 01:08:14'),(5,'TV & Videos',3,NULL,'published',1,NULL,0,'2023-03-01 01:08:14','2023-03-01 01:08:14'),(6,'Camera, Photos & Videos',3,NULL,'published',2,NULL,0,'2023-03-01 01:08:14','2023-03-01 01:08:14'),(7,'Cellphones & Accessories',3,NULL,'published',3,NULL,0,'2023-03-01 01:08:14','2023-03-01 01:08:14'),(8,'Headphones',3,NULL,'published',4,NULL,0,'2023-03-01 01:08:14','2023-03-01 01:08:14'),(9,'Videos games',3,NULL,'published',5,NULL,0,'2023-03-01 01:08:14','2023-03-01 01:08:14'),(10,'Wireless Speakers',3,NULL,'published',6,NULL,0,'2023-03-01 01:08:14','2023-03-01 01:08:14'),(11,'Office Electronic',3,NULL,'published',7,NULL,0,'2023-03-01 01:08:14','2023-03-01 01:08:14'),(12,'Accessories & Parts',2,NULL,'published',1,NULL,0,'2023-03-01 01:08:14','2023-03-01 01:08:14'),(13,'Digital Cables',12,NULL,'published',0,NULL,0,'2023-03-01 01:08:14','2023-03-01 01:08:14'),(14,'Audio & Video Cables',12,NULL,'published',1,NULL,0,'2023-03-01 01:08:14','2023-03-01 01:08:14'),(15,'Batteries',12,NULL,'published',2,NULL,0,'2023-03-01 01:08:14','2023-03-01 01:08:14'),(16,'Clothing',0,NULL,'published',2,'product-categories/2.jpg',1,'2023-03-01 01:08:14','2023-03-01 01:08:14'),(17,'Computers',0,NULL,'published',3,'product-categories/3.jpg',1,'2023-03-01 01:08:14','2023-03-01 01:08:14'),(18,'Computer & Technologies',17,NULL,'published',0,NULL,0,'2023-03-01 01:08:14','2023-03-01 01:08:14'),(19,'Computer & Tablets',18,NULL,'published',0,NULL,0,'2023-03-01 01:08:14','2023-03-01 01:08:14'),(20,'Laptop',18,NULL,'published',1,NULL,0,'2023-03-01 01:08:14','2023-03-01 01:08:14'),(21,'Monitors',18,NULL,'published',2,NULL,0,'2023-03-01 01:08:14','2023-03-01 01:08:14'),(22,'Computer Components',18,NULL,'published',3,NULL,0,'2023-03-01 01:08:14','2023-03-01 01:08:14'),(23,'Networking',17,NULL,'published',1,NULL,0,'2023-03-01 01:08:14','2023-03-01 01:08:14'),(24,'Drive & Storages',23,NULL,'published',0,NULL,0,'2023-03-01 01:08:14','2023-03-01 01:08:14'),(25,'Gaming Laptop',23,NULL,'published',1,NULL,0,'2023-03-01 01:08:14','2023-03-01 01:08:14'),(26,'Security & Protection',23,NULL,'published',2,NULL,0,'2023-03-01 01:08:14','2023-03-01 01:08:14'),(27,'Accessories',23,NULL,'published',3,NULL,0,'2023-03-01 01:08:14','2023-03-01 01:08:14'),(28,'Home & Kitchen',0,NULL,'published',4,'product-categories/4.jpg',1,'2023-03-01 01:08:14','2023-03-01 01:08:14'),(29,'Health & Beauty',0,NULL,'published',5,'product-categories/5.jpg',1,'2023-03-01 01:08:14','2023-03-01 01:08:14'),(30,'Jewelry & Watch',0,NULL,'published',6,'product-categories/6.jpg',1,'2023-03-01 01:08:14','2023-03-01 01:08:14'),(31,'Technology Toys',0,NULL,'published',7,'product-categories/7.jpg',1,'2023-03-01 01:08:14','2023-03-01 01:08:14'),(32,'Phones',0,NULL,'published',8,'product-categories/8.jpg',1,'2023-03-01 01:08:14','2023-03-01 01:08:14'),(33,'Babies & Moms',0,NULL,'published',9,NULL,0,'2023-03-01 01:08:14','2023-03-01 01:08:14'),(34,'Sport & Outdoor',0,NULL,'published',10,NULL,0,'2023-03-01 01:08:14','2023-03-01 01:08:14'),(35,'Books & Office',0,NULL,'published',11,NULL,0,'2023-03-01 01:08:14','2023-03-01 01:08:14'),(36,'Cars & Motorcycles',0,NULL,'published',12,NULL,0,'2023-03-01 01:08:14','2023-03-01 01:08:14'),(37,'Home Improvements',0,NULL,'published',13,NULL,0,'2023-03-01 01:08:14','2023-03-01 01:08:14');
/*!40000 ALTER TABLE `ec_product_categories` ENABLE KEYS */;
UNLOCK TABLES;

--
-- Table structure for table `ec_product_categories_translations`
--

DROP TABLE IF EXISTS `ec_product_categories_translations`;
/*!40101 SET @saved_cs_client     = @@character_set_client */;
/*!50503 SET character_set_client = utf8mb4 */;
CREATE TABLE `ec_product_categories_translations` (
  `lang_code` varchar(191) COLLATE utf8mb4_unicode_ci NOT NULL,
  `ec_product_categories_id` bigint unsigned NOT NULL,
  `name` varchar(191) COLLATE utf8mb4_unicode_ci DEFAULT NULL,
  `description` text COLLATE utf8mb4_unicode_ci,
  PRIMARY KEY (`lang_code`,`ec_product_categories_id`)
) ENGINE=InnoDB DEFAULT CHARSET=utf8mb4 COLLATE=utf8mb4_unicode_ci;
/*!40101 SET character_set_client = @saved_cs_client */;

--
-- Dumping data for table `ec_product_categories_translations`
--

LOCK TABLES `ec_product_categories_translations` WRITE;
/*!40000 ALTER TABLE `ec_product_categories_translations` DISABLE KEYS */;
INSERT INTO `ec_product_categories_translations` VALUES ('vi',1,'Khuyến mãi hấp dẫn',NULL),('vi',2,'Điện tử',NULL),('vi',3,'Điện tử tiêu dùng',NULL),('vi',4,'Thiết bị nghe nhìn',NULL),('vi',5,'TV & Videos',NULL),('vi',6,'Camera, Photos & Videos',NULL),('vi',7,'Điện thoại di động & Phụ kiện',NULL),('vi',8,'Tai nghe',NULL),('vi',9,'Trò chơi video',NULL),('vi',10,'Loa không dây',NULL),('vi',11,'Điện tử văn phòng',NULL),('vi',12,'Phụ kiện & Phụ tùng',NULL),('vi',13,'Digital Cables',NULL),('vi',14,'Audio & Video Cables',NULL),('vi',15,'Pin',NULL),('vi',16,'Quần áo',NULL),('vi',17,'Máy tính',NULL),('vi',18,'Máy tính & Công nghệ',NULL),('vi',19,'Máy tính & Máy tính bảng',NULL),('vi',20,'Máy tính xách tay',NULL),('vi',21,'Màn hình',NULL),('vi',22,'Linh kiện Máy tính',NULL),('vi',23,'Mạng máy tính',NULL),('vi',24,'Thiết bị lưu trữ',NULL),('vi',25,'Máy tính xách tay chơi game',NULL),('vi',26,'Thiết bị bảo mật',NULL),('vi',27,'Phụ kiện',NULL),('vi',28,'Đồ dùng làm bếp',NULL),('vi',29,'Sức khỏe & làm đẹp',NULL),('vi',30,'Trang sức & Đồng hồ',NULL),('vi',31,'Đồ chơi công nghệ',NULL),('vi',32,'Điện thoại',NULL),('vi',33,'Mẹ và bé',NULL),('vi',34,'Thể thao & ngoài trời',NULL),('vi',35,'Sách & Văn phòng',NULL),('vi',36,'Ô tô & Xe máy',NULL),('vi',37,'Cải tiến nhà cửa',NULL);
/*!40000 ALTER TABLE `ec_product_categories_translations` ENABLE KEYS */;
UNLOCK TABLES;

--
-- Table structure for table `ec_product_category_product`
--

DROP TABLE IF EXISTS `ec_product_category_product`;
/*!40101 SET @saved_cs_client     = @@character_set_client */;
/*!50503 SET character_set_client = utf8mb4 */;
CREATE TABLE `ec_product_category_product` (
  `category_id` bigint unsigned NOT NULL,
  `product_id` bigint unsigned NOT NULL,
  PRIMARY KEY (`product_id`,`category_id`),
  KEY `ec_product_category_product_category_id_index` (`category_id`),
  KEY `ec_product_category_product_product_id_index` (`product_id`)
) ENGINE=InnoDB DEFAULT CHARSET=utf8mb4 COLLATE=utf8mb4_unicode_ci;
/*!40101 SET character_set_client = @saved_cs_client */;

--
-- Dumping data for table `ec_product_category_product`
--

LOCK TABLES `ec_product_category_product` WRITE;
/*!40000 ALTER TABLE `ec_product_category_product` DISABLE KEYS */;
INSERT INTO `ec_product_category_product` VALUES (2,7),(3,1),(3,4),(3,11),(4,7),(4,17),(4,20),(5,1),(5,18),(6,4),(6,16),(7,10),(7,20),(8,21),(8,22),(9,5),(9,19),(9,20),(9,21),(10,7),(10,12),(12,6),(12,16),(12,23),(13,15),(13,19),(14,14),(14,15),(15,9),(15,10),(16,3),(17,6),(17,9),(17,10),(17,15),(17,16),(18,6),(19,5),(19,13),(20,12),(20,18),(20,22),(21,2),(21,3),(21,4),(21,14),(21,17),(21,18),(21,22),(22,3),(22,14),(22,17),(22,23),(23,21),(24,2),(24,21),(25,6),(25,8),(25,12),(25,20),(26,2),(26,16),(27,5),(28,5),(28,9),(28,10),(28,11),(28,23),(29,8),(29,9),(29,11),(29,18),(30,12),(31,19),(31,22),(32,8),(33,1),(33,8),(33,14),(34,7),(34,13),(35,13),(36,1),(36,4),(36,15),(36,17),(37,11),(37,23);
/*!40000 ALTER TABLE `ec_product_category_product` ENABLE KEYS */;
UNLOCK TABLES;

--
-- Table structure for table `ec_product_collection_products`
--

DROP TABLE IF EXISTS `ec_product_collection_products`;
/*!40101 SET @saved_cs_client     = @@character_set_client */;
/*!50503 SET character_set_client = utf8mb4 */;
CREATE TABLE `ec_product_collection_products` (
  `product_collection_id` bigint unsigned NOT NULL,
  `product_id` bigint unsigned NOT NULL,
  PRIMARY KEY (`product_id`,`product_collection_id`),
  KEY `ec_product_collection_products_product_collection_id_index` (`product_collection_id`),
  KEY `ec_product_collection_products_product_id_index` (`product_id`)
) ENGINE=InnoDB DEFAULT CHARSET=utf8mb4 COLLATE=utf8mb4_unicode_ci;
/*!40101 SET character_set_client = @saved_cs_client */;

--
-- Dumping data for table `ec_product_collection_products`
--

LOCK TABLES `ec_product_collection_products` WRITE;
/*!40000 ALTER TABLE `ec_product_collection_products` DISABLE KEYS */;
INSERT INTO `ec_product_collection_products` VALUES (1,2),(1,3),(1,8),(1,11),(1,14),(1,16),(1,17),(1,18),(1,21),(1,23),(2,4),(2,7),(2,10),(2,12),(2,20),(2,22),(3,1),(3,5),(3,6),(3,9),(3,13),(3,15),(3,19);
/*!40000 ALTER TABLE `ec_product_collection_products` ENABLE KEYS */;
UNLOCK TABLES;

--
-- Table structure for table `ec_product_collections`
--

DROP TABLE IF EXISTS `ec_product_collections`;
/*!40101 SET @saved_cs_client     = @@character_set_client */;
/*!50503 SET character_set_client = utf8mb4 */;
CREATE TABLE `ec_product_collections` (
  `id` bigint unsigned NOT NULL AUTO_INCREMENT,
  `name` varchar(191) COLLATE utf8mb4_unicode_ci NOT NULL,
  `slug` varchar(191) COLLATE utf8mb4_unicode_ci NOT NULL,
  `description` varchar(400) COLLATE utf8mb4_unicode_ci DEFAULT NULL,
  `image` varchar(255) COLLATE utf8mb4_unicode_ci DEFAULT NULL,
  `status` varchar(60) COLLATE utf8mb4_unicode_ci NOT NULL DEFAULT 'published',
  `created_at` timestamp NULL DEFAULT NULL,
  `updated_at` timestamp NULL DEFAULT NULL,
  `is_featured` tinyint unsigned NOT NULL DEFAULT '0',
  PRIMARY KEY (`id`)
) ENGINE=InnoDB AUTO_INCREMENT=4 DEFAULT CHARSET=utf8mb4 COLLATE=utf8mb4_unicode_ci;
/*!40101 SET character_set_client = @saved_cs_client */;

--
-- Dumping data for table `ec_product_collections`
--

LOCK TABLES `ec_product_collections` WRITE;
/*!40000 ALTER TABLE `ec_product_collections` DISABLE KEYS */;
INSERT INTO `ec_product_collections` VALUES (1,'New Arrival','new-arrival',NULL,NULL,'published','2023-03-01 01:08:14','2023-03-01 01:08:14',0),(2,'Best Sellers','best-sellers',NULL,NULL,'published','2023-03-01 01:08:14','2023-03-01 01:08:14',0),(3,'Special Offer','special-offer',NULL,NULL,'published','2023-03-01 01:08:14','2023-03-01 01:08:14',0);
/*!40000 ALTER TABLE `ec_product_collections` ENABLE KEYS */;
UNLOCK TABLES;

--
-- Table structure for table `ec_product_collections_translations`
--

DROP TABLE IF EXISTS `ec_product_collections_translations`;
/*!40101 SET @saved_cs_client     = @@character_set_client */;
/*!50503 SET character_set_client = utf8mb4 */;
CREATE TABLE `ec_product_collections_translations` (
  `lang_code` varchar(191) COLLATE utf8mb4_unicode_ci NOT NULL,
  `ec_product_collections_id` bigint unsigned NOT NULL,
  `name` varchar(191) COLLATE utf8mb4_unicode_ci DEFAULT NULL,
  `description` varchar(191) COLLATE utf8mb4_unicode_ci DEFAULT NULL,
  PRIMARY KEY (`lang_code`,`ec_product_collections_id`)
) ENGINE=InnoDB DEFAULT CHARSET=utf8mb4 COLLATE=utf8mb4_unicode_ci;
/*!40101 SET character_set_client = @saved_cs_client */;

--
-- Dumping data for table `ec_product_collections_translations`
--

LOCK TABLES `ec_product_collections_translations` WRITE;
/*!40000 ALTER TABLE `ec_product_collections_translations` DISABLE KEYS */;
INSERT INTO `ec_product_collections_translations` VALUES ('vi',1,'Hàng mới về',NULL),('vi',2,'Bán chạy nhất',NULL),('vi',3,'Khuyến mãi đặc biệt',NULL);
/*!40000 ALTER TABLE `ec_product_collections_translations` ENABLE KEYS */;
UNLOCK TABLES;

--
-- Table structure for table `ec_product_cross_sale_relations`
--

DROP TABLE IF EXISTS `ec_product_cross_sale_relations`;
/*!40101 SET @saved_cs_client     = @@character_set_client */;
/*!50503 SET character_set_client = utf8mb4 */;
CREATE TABLE `ec_product_cross_sale_relations` (
  `from_product_id` bigint unsigned NOT NULL,
  `to_product_id` bigint unsigned NOT NULL,
  PRIMARY KEY (`from_product_id`,`to_product_id`),
  KEY `ec_product_cross_sale_relations_from_product_id_index` (`from_product_id`),
  KEY `ec_product_cross_sale_relations_to_product_id_index` (`to_product_id`)
) ENGINE=InnoDB DEFAULT CHARSET=utf8mb4 COLLATE=utf8mb4_unicode_ci;
/*!40101 SET character_set_client = @saved_cs_client */;

--
-- Dumping data for table `ec_product_cross_sale_relations`
--

LOCK TABLES `ec_product_cross_sale_relations` WRITE;
/*!40000 ALTER TABLE `ec_product_cross_sale_relations` DISABLE KEYS */;
INSERT INTO `ec_product_cross_sale_relations` VALUES (1,4),(1,7),(1,13),(1,14),(1,16),(1,17),(1,20),(2,4),(2,7),(2,9),(2,10),(2,13),(2,19),(3,15),(3,18),(3,19),(3,20),(4,3),(4,7),(4,14),(4,19),(4,20),(5,6),(5,9),(5,11),(5,12),(5,17),(5,18),(5,19),(6,4),(6,7),(6,8),(6,11),(6,13),(6,15),(7,4),(7,5),(7,10),(7,11),(7,15),(8,10),(8,11),(8,12),(8,13),(8,15),(9,1),(9,8),(9,10),(9,18),(9,19),(10,3),(10,5),(10,11),(10,12),(10,13),(10,15),(10,17),(11,2),(11,4),(11,5),(11,9),(11,16),(12,3),(12,9),(12,11),(12,14),(12,15),(12,18),(12,20),(13,1),(13,2),(13,5),(13,7),(13,17),(14,2),(14,6),(14,7),(14,9),(14,12),(14,15),(15,3),(15,5),(15,8),(15,14),(15,17),(15,19),(16,2),(16,4),(16,7),(16,12),(16,13),(16,18),(17,3),(17,8),(17,9),(17,10),(17,14),(17,15),(17,19),(18,3),(18,5),(18,7),(18,9),(18,14),(18,15),(19,2),(19,4),(19,10),(19,11),(19,17),(20,3),(20,5),(20,6),(20,7),(20,15),(20,19),(21,2),(21,4),(21,12),(21,14),(21,15),(21,18),(22,5),(22,6),(22,8),(22,11),(22,17),(22,18),(23,7),(23,10),(23,13),(23,15),(23,16),(23,18),(23,19);
/*!40000 ALTER TABLE `ec_product_cross_sale_relations` ENABLE KEYS */;
UNLOCK TABLES;

--
-- Table structure for table `ec_product_files`
--

DROP TABLE IF EXISTS `ec_product_files`;
/*!40101 SET @saved_cs_client     = @@character_set_client */;
/*!50503 SET character_set_client = utf8mb4 */;
CREATE TABLE `ec_product_files` (
  `id` bigint unsigned NOT NULL AUTO_INCREMENT,
  `product_id` bigint unsigned DEFAULT NULL,
  `url` varchar(400) COLLATE utf8mb4_unicode_ci DEFAULT NULL,
  `extras` mediumtext COLLATE utf8mb4_unicode_ci,
  `created_at` timestamp NULL DEFAULT NULL,
  `updated_at` timestamp NULL DEFAULT NULL,
  PRIMARY KEY (`id`),
  KEY `ec_product_files_product_id_index` (`product_id`)
) ENGINE=InnoDB AUTO_INCREMENT=26 DEFAULT CHARSET=utf8mb4 COLLATE=utf8mb4_unicode_ci;
/*!40101 SET character_set_client = @saved_cs_client */;

--
-- Dumping data for table `ec_product_files`
--

LOCK TABLES `ec_product_files` WRITE;
/*!40000 ALTER TABLE `ec_product_files` DISABLE KEYS */;
INSERT INTO `ec_product_files` VALUES (1,24,'product-files/1.jpg','{\"filename\":\"1.jpg\",\"url\":\"product-files\\/1.jpg\",\"mime_type\":\"image\\/jpeg\",\"size\":2165,\"modified\":\"2023-03-01 08:08:18\",\"name\":\"1\",\"extension\":\"jpg\"}','2023-03-01 01:08:18','2023-03-01 01:08:18'),(2,25,'product-files/1.jpg','{\"filename\":\"1.jpg\",\"url\":\"product-files\\/1.jpg\",\"mime_type\":\"image\\/jpeg\",\"size\":2165,\"modified\":\"2023-03-01 08:08:18\",\"name\":\"1\",\"extension\":\"jpg\"}','2023-03-01 01:08:18','2023-03-01 01:08:18'),(3,32,'product-files/5.jpg','{\"filename\":\"5.jpg\",\"url\":\"product-files\\/5.jpg\",\"mime_type\":\"image\\/jpeg\",\"size\":2165,\"modified\":\"2023-03-01 08:08:18\",\"name\":\"5\",\"extension\":\"jpg\"}','2023-03-01 01:08:18','2023-03-01 01:08:18'),(4,32,'product-files/5-1.jpg','{\"filename\":\"5-1.jpg\",\"url\":\"product-files\\/5-1.jpg\",\"mime_type\":\"image\\/jpeg\",\"size\":2165,\"modified\":\"2023-03-01 08:08:18\",\"name\":\"5-1\",\"extension\":\"jpg\"}','2023-03-01 01:08:18','2023-03-01 01:08:18'),(5,32,'product-files/5-2.jpg','{\"filename\":\"5-2.jpg\",\"url\":\"product-files\\/5-2.jpg\",\"mime_type\":\"image\\/jpeg\",\"size\":2165,\"modified\":\"2023-03-01 08:08:18\",\"name\":\"5-2\",\"extension\":\"jpg\"}','2023-03-01 01:08:18','2023-03-01 01:08:18'),(6,32,'product-files/5-3.jpg','{\"filename\":\"5-3.jpg\",\"url\":\"product-files\\/5-3.jpg\",\"mime_type\":\"image\\/jpeg\",\"size\":2165,\"modified\":\"2023-03-01 08:08:18\",\"name\":\"5-3\",\"extension\":\"jpg\"}','2023-03-01 01:08:18','2023-03-01 01:08:18'),(7,33,'product-files/5.jpg','{\"filename\":\"5.jpg\",\"url\":\"product-files\\/5.jpg\",\"mime_type\":\"image\\/jpeg\",\"size\":2165,\"modified\":\"2023-03-01 08:08:18\",\"name\":\"5\",\"extension\":\"jpg\"}','2023-03-01 01:08:18','2023-03-01 01:08:18'),(8,33,'product-files/5-1.jpg','{\"filename\":\"5-1.jpg\",\"url\":\"product-files\\/5-1.jpg\",\"mime_type\":\"image\\/jpeg\",\"size\":2165,\"modified\":\"2023-03-01 08:08:18\",\"name\":\"5-1\",\"extension\":\"jpg\"}','2023-03-01 01:08:18','2023-03-01 01:08:18'),(9,33,'product-files/5-2.jpg','{\"filename\":\"5-2.jpg\",\"url\":\"product-files\\/5-2.jpg\",\"mime_type\":\"image\\/jpeg\",\"size\":2165,\"modified\":\"2023-03-01 08:08:18\",\"name\":\"5-2\",\"extension\":\"jpg\"}','2023-03-01 01:08:18','2023-03-01 01:08:18'),(10,33,'product-files/5-3.jpg','{\"filename\":\"5-3.jpg\",\"url\":\"product-files\\/5-3.jpg\",\"mime_type\":\"image\\/jpeg\",\"size\":2165,\"modified\":\"2023-03-01 08:08:18\",\"name\":\"5-3\",\"extension\":\"jpg\"}','2023-03-01 01:08:18','2023-03-01 01:08:18'),(11,42,'product-files/9.jpg','{\"filename\":\"9.jpg\",\"url\":\"product-files\\/9.jpg\",\"mime_type\":\"image\\/jpeg\",\"size\":2165,\"modified\":\"2023-03-01 08:08:18\",\"name\":\"9\",\"extension\":\"jpg\"}','2023-03-01 01:08:18','2023-03-01 01:08:18'),(12,42,'product-files/9-1.jpg','{\"filename\":\"9-1.jpg\",\"url\":\"product-files\\/9-1.jpg\",\"mime_type\":\"image\\/jpeg\",\"size\":2165,\"modified\":\"2023-03-01 08:08:18\",\"name\":\"9-1\",\"extension\":\"jpg\"}','2023-03-01 01:08:18','2023-03-01 01:08:18'),(13,42,'product-files/9-2.jpg','{\"filename\":\"9-2.jpg\",\"url\":\"product-files\\/9-2.jpg\",\"mime_type\":\"image\\/jpeg\",\"size\":2165,\"modified\":\"2023-03-01 08:08:18\",\"name\":\"9-2\",\"extension\":\"jpg\"}','2023-03-01 01:08:18','2023-03-01 01:08:18'),(14,43,'product-files/9.jpg','{\"filename\":\"9.jpg\",\"url\":\"product-files\\/9.jpg\",\"mime_type\":\"image\\/jpeg\",\"size\":2165,\"modified\":\"2023-03-01 08:08:18\",\"name\":\"9\",\"extension\":\"jpg\"}','2023-03-01 01:08:18','2023-03-01 01:08:18'),(15,43,'product-files/9-1.jpg','{\"filename\":\"9-1.jpg\",\"url\":\"product-files\\/9-1.jpg\",\"mime_type\":\"image\\/jpeg\",\"size\":2165,\"modified\":\"2023-03-01 08:08:18\",\"name\":\"9-1\",\"extension\":\"jpg\"}','2023-03-01 01:08:18','2023-03-01 01:08:18'),(16,43,'product-files/9-2.jpg','{\"filename\":\"9-2.jpg\",\"url\":\"product-files\\/9-2.jpg\",\"mime_type\":\"image\\/jpeg\",\"size\":2165,\"modified\":\"2023-03-01 08:08:18\",\"name\":\"9-2\",\"extension\":\"jpg\"}','2023-03-01 01:08:18','2023-03-01 01:08:18'),(17,51,'product-files/13.jpg','{\"filename\":\"13.jpg\",\"url\":\"product-files\\/13.jpg\",\"mime_type\":\"image\\/jpeg\",\"size\":2165,\"modified\":\"2023-03-01 08:08:18\",\"name\":\"13\",\"extension\":\"jpg\"}','2023-03-01 01:08:18','2023-03-01 01:08:18'),(18,51,'product-files/13-1.jpg','{\"filename\":\"13-1.jpg\",\"url\":\"product-files\\/13-1.jpg\",\"mime_type\":\"image\\/jpeg\",\"size\":2165,\"modified\":\"2023-03-01 08:08:18\",\"name\":\"13-1\",\"extension\":\"jpg\"}','2023-03-01 01:08:18','2023-03-01 01:08:18'),(19,58,'product-files/17.jpg','{\"filename\":\"17.jpg\",\"url\":\"product-files\\/17.jpg\",\"mime_type\":\"image\\/jpeg\",\"size\":2165,\"modified\":\"2023-03-01 08:08:18\",\"name\":\"17\",\"extension\":\"jpg\"}','2023-03-01 01:08:18','2023-03-01 01:08:18'),(20,58,'product-files/17-1.jpg','{\"filename\":\"17-1.jpg\",\"url\":\"product-files\\/17-1.jpg\",\"mime_type\":\"image\\/jpeg\",\"size\":2165,\"modified\":\"2023-03-01 08:08:18\",\"name\":\"17-1\",\"extension\":\"jpg\"}','2023-03-01 01:08:18','2023-03-01 01:08:18'),(21,58,'product-files/17-2.jpg','{\"filename\":\"17-2.jpg\",\"url\":\"product-files\\/17-2.jpg\",\"mime_type\":\"image\\/jpeg\",\"size\":2165,\"modified\":\"2023-03-01 08:08:18\",\"name\":\"17-2\",\"extension\":\"jpg\"}','2023-03-01 01:08:18','2023-03-01 01:08:18'),(22,58,'product-files/17-3.jpg','{\"filename\":\"17-3.jpg\",\"url\":\"product-files\\/17-3.jpg\",\"mime_type\":\"image\\/jpeg\",\"size\":2165,\"modified\":\"2023-03-01 08:08:18\",\"name\":\"17-3\",\"extension\":\"jpg\"}','2023-03-01 01:08:18','2023-03-01 01:08:18'),(23,67,'product-files/21.jpg','{\"filename\":\"21.jpg\",\"url\":\"product-files\\/21.jpg\",\"mime_type\":\"image\\/jpeg\",\"size\":2165,\"modified\":\"2023-03-01 08:08:18\",\"name\":\"21\",\"extension\":\"jpg\"}','2023-03-01 01:08:18','2023-03-01 01:08:18'),(24,67,'product-files/21-1.jpg','{\"filename\":\"21-1.jpg\",\"url\":\"product-files\\/21-1.jpg\",\"mime_type\":\"image\\/jpeg\",\"size\":2165,\"modified\":\"2023-03-01 08:08:18\",\"name\":\"21-1\",\"extension\":\"jpg\"}','2023-03-01 01:08:18','2023-03-01 01:08:18'),(25,67,'product-files/21-2.jpg','{\"filename\":\"21-2.jpg\",\"url\":\"product-files\\/21-2.jpg\",\"mime_type\":\"image\\/jpeg\",\"size\":2165,\"modified\":\"2023-03-01 08:08:18\",\"name\":\"21-2\",\"extension\":\"jpg\"}','2023-03-01 01:08:18','2023-03-01 01:08:18');
/*!40000 ALTER TABLE `ec_product_files` ENABLE KEYS */;
UNLOCK TABLES;

--
-- Table structure for table `ec_product_label_products`
--

DROP TABLE IF EXISTS `ec_product_label_products`;
/*!40101 SET @saved_cs_client     = @@character_set_client */;
/*!50503 SET character_set_client = utf8mb4 */;
CREATE TABLE `ec_product_label_products` (
  `product_label_id` bigint unsigned NOT NULL,
  `product_id` bigint unsigned NOT NULL,
  PRIMARY KEY (`product_label_id`,`product_id`),
  KEY `ec_product_label_products_product_label_id_index` (`product_label_id`),
  KEY `ec_product_label_products_product_id_index` (`product_id`)
) ENGINE=InnoDB DEFAULT CHARSET=utf8mb4 COLLATE=utf8mb4_unicode_ci;
/*!40101 SET character_set_client = @saved_cs_client */;

--
-- Dumping data for table `ec_product_label_products`
--

LOCK TABLES `ec_product_label_products` WRITE;
/*!40000 ALTER TABLE `ec_product_label_products` DISABLE KEYS */;
INSERT INTO `ec_product_label_products` VALUES (1,6),(1,9),(1,12),(1,15),(2,3),(2,21),(3,18);
/*!40000 ALTER TABLE `ec_product_label_products` ENABLE KEYS */;
UNLOCK TABLES;

--
-- Table structure for table `ec_product_labels`
--

DROP TABLE IF EXISTS `ec_product_labels`;
/*!40101 SET @saved_cs_client     = @@character_set_client */;
/*!50503 SET character_set_client = utf8mb4 */;
CREATE TABLE `ec_product_labels` (
  `id` bigint unsigned NOT NULL AUTO_INCREMENT,
  `name` varchar(255) COLLATE utf8mb4_unicode_ci NOT NULL,
  `color` varchar(120) COLLATE utf8mb4_unicode_ci DEFAULT NULL,
  `status` varchar(60) COLLATE utf8mb4_unicode_ci NOT NULL DEFAULT 'published',
  `created_at` timestamp NULL DEFAULT NULL,
  `updated_at` timestamp NULL DEFAULT NULL,
  PRIMARY KEY (`id`)
) ENGINE=InnoDB AUTO_INCREMENT=4 DEFAULT CHARSET=utf8mb4 COLLATE=utf8mb4_unicode_ci;
/*!40101 SET character_set_client = @saved_cs_client */;

--
-- Dumping data for table `ec_product_labels`
--

LOCK TABLES `ec_product_labels` WRITE;
/*!40000 ALTER TABLE `ec_product_labels` DISABLE KEYS */;
INSERT INTO `ec_product_labels` VALUES (1,'Hot','#ec2434','published','2023-03-01 01:08:14','2023-03-01 01:08:14'),(2,'New','#00c9a7','published','2023-03-01 01:08:14','2023-03-01 01:08:14'),(3,'Sale','#fe9931','published','2023-03-01 01:08:14','2023-03-01 01:08:14');
/*!40000 ALTER TABLE `ec_product_labels` ENABLE KEYS */;
UNLOCK TABLES;

--
-- Table structure for table `ec_product_labels_translations`
--

DROP TABLE IF EXISTS `ec_product_labels_translations`;
/*!40101 SET @saved_cs_client     = @@character_set_client */;
/*!50503 SET character_set_client = utf8mb4 */;
CREATE TABLE `ec_product_labels_translations` (
  `lang_code` varchar(191) COLLATE utf8mb4_unicode_ci NOT NULL,
  `ec_product_labels_id` bigint unsigned NOT NULL,
  `name` varchar(191) COLLATE utf8mb4_unicode_ci DEFAULT NULL,
  `description` varchar(191) COLLATE utf8mb4_unicode_ci DEFAULT NULL,
  PRIMARY KEY (`lang_code`,`ec_product_labels_id`)
) ENGINE=InnoDB DEFAULT CHARSET=utf8mb4 COLLATE=utf8mb4_unicode_ci;
/*!40101 SET character_set_client = @saved_cs_client */;

--
-- Dumping data for table `ec_product_labels_translations`
--

LOCK TABLES `ec_product_labels_translations` WRITE;
/*!40000 ALTER TABLE `ec_product_labels_translations` DISABLE KEYS */;
INSERT INTO `ec_product_labels_translations` VALUES ('vi',1,'Nổi bật',NULL),('vi',2,'Mới',NULL),('vi',3,'Giảm giá',NULL);
/*!40000 ALTER TABLE `ec_product_labels_translations` ENABLE KEYS */;
UNLOCK TABLES;

--
-- Table structure for table `ec_product_related_relations`
--

DROP TABLE IF EXISTS `ec_product_related_relations`;
/*!40101 SET @saved_cs_client     = @@character_set_client */;
/*!50503 SET character_set_client = utf8mb4 */;
CREATE TABLE `ec_product_related_relations` (
  `from_product_id` bigint unsigned NOT NULL,
  `to_product_id` bigint unsigned NOT NULL,
  PRIMARY KEY (`from_product_id`,`to_product_id`),
  KEY `ec_product_related_relations_from_product_id_index` (`from_product_id`),
  KEY `ec_product_related_relations_to_product_id_index` (`to_product_id`)
) ENGINE=InnoDB DEFAULT CHARSET=utf8mb4 COLLATE=utf8mb4_unicode_ci;
/*!40101 SET character_set_client = @saved_cs_client */;

--
-- Dumping data for table `ec_product_related_relations`
--

LOCK TABLES `ec_product_related_relations` WRITE;
/*!40000 ALTER TABLE `ec_product_related_relations` DISABLE KEYS */;
/*!40000 ALTER TABLE `ec_product_related_relations` ENABLE KEYS */;
UNLOCK TABLES;

--
-- Table structure for table `ec_product_tag_product`
--

DROP TABLE IF EXISTS `ec_product_tag_product`;
/*!40101 SET @saved_cs_client     = @@character_set_client */;
/*!50503 SET character_set_client = utf8mb4 */;
CREATE TABLE `ec_product_tag_product` (
  `product_id` bigint unsigned NOT NULL,
  `tag_id` bigint unsigned NOT NULL,
  PRIMARY KEY (`product_id`,`tag_id`),
  KEY `ec_product_tag_product_product_id_index` (`product_id`),
  KEY `ec_product_tag_product_tag_id_index` (`tag_id`)
) ENGINE=InnoDB DEFAULT CHARSET=utf8mb4 COLLATE=utf8mb4_unicode_ci;
/*!40101 SET character_set_client = @saved_cs_client */;

--
-- Dumping data for table `ec_product_tag_product`
--

LOCK TABLES `ec_product_tag_product` WRITE;
/*!40000 ALTER TABLE `ec_product_tag_product` DISABLE KEYS */;
INSERT INTO `ec_product_tag_product` VALUES (1,2),(1,4),(2,2),(2,5),(3,1),(3,2),(3,6),(4,2),(4,3),(4,4),(5,3),(5,4),(5,5),(6,2),(6,4),(7,3),(7,5),(8,2),(8,6),(9,1),(9,2),(9,5),(10,3),(10,5),(11,1),(11,2),(11,3),(12,4),(12,5),(13,3),(13,4),(14,1),(14,2),(14,3),(15,1),(15,4),(16,1),(16,5),(16,6),(17,1),(17,3),(18,1),(19,1),(19,5),(19,6),(20,2),(20,5),(21,4),(21,5),(22,2),(22,5),(22,6),(23,3),(23,4),(23,6);
/*!40000 ALTER TABLE `ec_product_tag_product` ENABLE KEYS */;
UNLOCK TABLES;

--
-- Table structure for table `ec_product_tags`
--

DROP TABLE IF EXISTS `ec_product_tags`;
/*!40101 SET @saved_cs_client     = @@character_set_client */;
/*!50503 SET character_set_client = utf8mb4 */;
CREATE TABLE `ec_product_tags` (
  `id` bigint unsigned NOT NULL AUTO_INCREMENT,
  `name` varchar(120) COLLATE utf8mb4_unicode_ci NOT NULL,
  `description` varchar(400) COLLATE utf8mb4_unicode_ci DEFAULT NULL,
  `status` varchar(60) COLLATE utf8mb4_unicode_ci NOT NULL DEFAULT 'published',
  `created_at` timestamp NULL DEFAULT NULL,
  `updated_at` timestamp NULL DEFAULT NULL,
  PRIMARY KEY (`id`)
) ENGINE=InnoDB AUTO_INCREMENT=7 DEFAULT CHARSET=utf8mb4 COLLATE=utf8mb4_unicode_ci;
/*!40101 SET character_set_client = @saved_cs_client */;

--
-- Dumping data for table `ec_product_tags`
--

LOCK TABLES `ec_product_tags` WRITE;
/*!40000 ALTER TABLE `ec_product_tags` DISABLE KEYS */;
INSERT INTO `ec_product_tags` VALUES (1,'Electronic',NULL,'published','2023-03-01 01:08:20','2023-03-01 01:08:20'),(2,'Mobile',NULL,'published','2023-03-01 01:08:20','2023-03-01 01:08:20'),(3,'Iphone',NULL,'published','2023-03-01 01:08:20','2023-03-01 01:08:20'),(4,'Printer',NULL,'published','2023-03-01 01:08:20','2023-03-01 01:08:20'),(5,'Office',NULL,'published','2023-03-01 01:08:20','2023-03-01 01:08:20'),(6,'IT',NULL,'published','2023-03-01 01:08:20','2023-03-01 01:08:20');
/*!40000 ALTER TABLE `ec_product_tags` ENABLE KEYS */;
UNLOCK TABLES;

--
-- Table structure for table `ec_product_tags_translations`
--

DROP TABLE IF EXISTS `ec_product_tags_translations`;
/*!40101 SET @saved_cs_client     = @@character_set_client */;
/*!50503 SET character_set_client = utf8mb4 */;
CREATE TABLE `ec_product_tags_translations` (
  `lang_code` varchar(191) COLLATE utf8mb4_unicode_ci NOT NULL,
  `ec_product_tags_id` bigint unsigned NOT NULL,
  `name` varchar(191) COLLATE utf8mb4_unicode_ci DEFAULT NULL,
  PRIMARY KEY (`lang_code`,`ec_product_tags_id`)
) ENGINE=InnoDB DEFAULT CHARSET=utf8mb4 COLLATE=utf8mb4_unicode_ci;
/*!40101 SET character_set_client = @saved_cs_client */;

--
-- Dumping data for table `ec_product_tags_translations`
--

LOCK TABLES `ec_product_tags_translations` WRITE;
/*!40000 ALTER TABLE `ec_product_tags_translations` DISABLE KEYS */;
INSERT INTO `ec_product_tags_translations` VALUES ('vi',1,'Electronic'),('vi',2,'Mobile'),('vi',3,'Iphone'),('vi',4,'Printer'),('vi',5,'Office'),('vi',6,'IT');
/*!40000 ALTER TABLE `ec_product_tags_translations` ENABLE KEYS */;
UNLOCK TABLES;

--
-- Table structure for table `ec_product_up_sale_relations`
--

DROP TABLE IF EXISTS `ec_product_up_sale_relations`;
/*!40101 SET @saved_cs_client     = @@character_set_client */;
/*!50503 SET character_set_client = utf8mb4 */;
CREATE TABLE `ec_product_up_sale_relations` (
  `from_product_id` bigint unsigned NOT NULL,
  `to_product_id` bigint unsigned NOT NULL,
  PRIMARY KEY (`from_product_id`,`to_product_id`),
  KEY `ec_product_up_sale_relations_from_product_id_index` (`from_product_id`),
  KEY `ec_product_up_sale_relations_to_product_id_index` (`to_product_id`)
) ENGINE=InnoDB DEFAULT CHARSET=utf8mb4 COLLATE=utf8mb4_unicode_ci;
/*!40101 SET character_set_client = @saved_cs_client */;

--
-- Dumping data for table `ec_product_up_sale_relations`
--

LOCK TABLES `ec_product_up_sale_relations` WRITE;
/*!40000 ALTER TABLE `ec_product_up_sale_relations` DISABLE KEYS */;
/*!40000 ALTER TABLE `ec_product_up_sale_relations` ENABLE KEYS */;
UNLOCK TABLES;

--
-- Table structure for table `ec_product_variation_items`
--

DROP TABLE IF EXISTS `ec_product_variation_items`;
/*!40101 SET @saved_cs_client     = @@character_set_client */;
/*!50503 SET character_set_client = utf8mb4 */;
CREATE TABLE `ec_product_variation_items` (
  `id` bigint unsigned NOT NULL AUTO_INCREMENT,
  `attribute_id` bigint unsigned NOT NULL,
  `variation_id` bigint unsigned NOT NULL,
  PRIMARY KEY (`id`),
  KEY `ec_product_variation_items_attribute_id_variation_id_index` (`attribute_id`,`variation_id`)
) ENGINE=InnoDB AUTO_INCREMENT=103 DEFAULT CHARSET=utf8mb4 COLLATE=utf8mb4_unicode_ci;
/*!40101 SET character_set_client = @saved_cs_client */;

--
-- Dumping data for table `ec_product_variation_items`
--

LOCK TABLES `ec_product_variation_items` WRITE;
/*!40000 ALTER TABLE `ec_product_variation_items` DISABLE KEYS */;
INSERT INTO `ec_product_variation_items` VALUES (11,1,6),(25,1,13),(63,1,32),(69,1,35),(73,1,37),(79,1,40),(81,1,41),(95,1,48),(97,1,49),(3,2,2),(5,2,3),(13,2,7),(27,2,14),(31,2,16),(41,2,21),(45,2,23),(49,2,25),(61,2,31),(67,2,34),(87,2,44),(101,2,51),(1,3,1),(7,3,4),(9,3,5),(33,3,17),(35,3,18),(37,3,19),(47,3,24),(51,3,26),(83,3,42),(91,3,46),(19,4,10),(23,4,12),(43,4,22),(57,4,29),(75,4,38),(89,4,45),(93,4,47),(99,4,50),(15,5,8),(17,5,9),(21,5,11),(29,5,15),(39,5,20),(53,5,27),(55,5,28),(59,5,30),(65,5,33),(71,5,36),(77,5,39),(85,5,43),(14,6,7),(32,6,16),(34,6,17),(40,6,20),(50,6,25),(62,6,31),(78,6,39),(88,6,44),(92,6,46),(96,6,48),(100,6,50),(6,7,3),(18,7,9),(36,7,18),(58,7,29),(74,7,37),(76,7,38),(80,7,40),(4,8,2),(8,8,4),(10,8,5),(16,8,8),(42,8,21),(48,8,24),(52,8,26),(54,8,27),(56,8,28),(60,8,30),(64,8,32),(72,8,36),(82,8,41),(84,8,42),(98,8,49),(22,9,11),(24,9,12),(26,9,13),(44,9,22),(70,9,35),(86,9,43),(102,9,51),(2,10,1),(12,10,6),(20,10,10),(28,10,14),(30,10,15),(38,10,19),(46,10,23),(66,10,33),(68,10,34),(90,10,45),(94,10,47);
/*!40000 ALTER TABLE `ec_product_variation_items` ENABLE KEYS */;
UNLOCK TABLES;

--
-- Table structure for table `ec_product_variations`
--

DROP TABLE IF EXISTS `ec_product_variations`;
/*!40101 SET @saved_cs_client     = @@character_set_client */;
/*!50503 SET character_set_client = utf8mb4 */;
CREATE TABLE `ec_product_variations` (
  `id` bigint unsigned NOT NULL AUTO_INCREMENT,
  `product_id` bigint unsigned DEFAULT NULL,
  `configurable_product_id` bigint unsigned NOT NULL,
  `is_default` tinyint NOT NULL DEFAULT '0',
  PRIMARY KEY (`id`),
  KEY `ec_product_variations_product_id_configurable_product_id_index` (`product_id`,`configurable_product_id`)
) ENGINE=InnoDB AUTO_INCREMENT=52 DEFAULT CHARSET=utf8mb4 COLLATE=utf8mb4_unicode_ci;
/*!40101 SET character_set_client = @saved_cs_client */;

--
-- Dumping data for table `ec_product_variations`
--

LOCK TABLES `ec_product_variations` WRITE;
/*!40000 ALTER TABLE `ec_product_variations` DISABLE KEYS */;
INSERT INTO `ec_product_variations` VALUES (1,24,1,1),(2,25,1,0),(3,26,2,1),(4,27,2,0),(5,28,3,1),(6,29,3,0),(7,30,3,0),(8,31,4,1),(9,32,5,1),(10,33,5,0),(11,34,6,1),(12,35,6,0),(13,36,6,0),(14,37,6,0),(15,38,7,1),(16,39,7,0),(17,40,7,0),(18,41,8,1),(19,42,9,1),(20,43,9,0),(21,44,10,1),(22,45,10,0),(23,46,10,0),(24,47,11,1),(25,48,12,1),(26,49,12,0),(27,50,12,0),(28,51,13,1),(29,52,14,1),(30,53,14,0),(31,54,15,1),(32,55,16,1),(33,56,16,0),(34,57,16,0),(35,58,17,1),(36,59,18,1),(37,60,18,0),(38,61,18,0),(39,62,18,0),(40,63,19,1),(41,64,19,0),(42,65,20,1),(43,66,20,0),(44,67,21,1),(45,68,22,1),(46,69,22,0),(47,70,22,0),(48,71,23,1),(49,72,23,0),(50,73,23,0),(51,74,23,0);
/*!40000 ALTER TABLE `ec_product_variations` ENABLE KEYS */;
UNLOCK TABLES;

--
-- Table structure for table `ec_product_views`
--

DROP TABLE IF EXISTS `ec_product_views`;
/*!40101 SET @saved_cs_client     = @@character_set_client */;
/*!50503 SET character_set_client = utf8mb4 */;
CREATE TABLE `ec_product_views` (
  `id` bigint unsigned NOT NULL AUTO_INCREMENT,
  `product_id` bigint unsigned NOT NULL,
  `views` int NOT NULL DEFAULT '1',
  `date` date NOT NULL DEFAULT '2023-03-01',
  PRIMARY KEY (`id`),
  UNIQUE KEY `ec_product_views_product_id_date_unique` (`product_id`,`date`),
  KEY `ec_product_views_product_id_index` (`product_id`)
) ENGINE=InnoDB DEFAULT CHARSET=utf8mb4 COLLATE=utf8mb4_unicode_ci;
/*!40101 SET character_set_client = @saved_cs_client */;

--
-- Dumping data for table `ec_product_views`
--

LOCK TABLES `ec_product_views` WRITE;
/*!40000 ALTER TABLE `ec_product_views` DISABLE KEYS */;
/*!40000 ALTER TABLE `ec_product_views` ENABLE KEYS */;
UNLOCK TABLES;

--
-- Table structure for table `ec_product_with_attribute_set`
--

DROP TABLE IF EXISTS `ec_product_with_attribute_set`;
/*!40101 SET @saved_cs_client     = @@character_set_client */;
/*!50503 SET character_set_client = utf8mb4 */;
CREATE TABLE `ec_product_with_attribute_set` (
  `attribute_set_id` bigint unsigned NOT NULL,
  `product_id` bigint unsigned NOT NULL,
  `order` tinyint unsigned NOT NULL DEFAULT '0',
  PRIMARY KEY (`product_id`,`attribute_set_id`)
) ENGINE=InnoDB DEFAULT CHARSET=utf8mb4 COLLATE=utf8mb4_unicode_ci;
/*!40101 SET character_set_client = @saved_cs_client */;

--
-- Dumping data for table `ec_product_with_attribute_set`
--

LOCK TABLES `ec_product_with_attribute_set` WRITE;
/*!40000 ALTER TABLE `ec_product_with_attribute_set` DISABLE KEYS */;
INSERT INTO `ec_product_with_attribute_set` VALUES (1,1,0),(2,1,0),(1,2,0),(2,2,0),(1,3,0),(2,3,0),(1,4,0),(2,4,0),(1,5,0),(2,5,0),(1,6,0),(2,6,0),(1,7,0),(2,7,0),(1,8,0),(2,8,0),(1,9,0),(2,9,0),(1,10,0),(2,10,0),(1,11,0),(2,11,0),(1,12,0),(2,12,0),(1,13,0),(2,13,0),(1,14,0),(2,14,0),(1,15,0),(2,15,0),(1,16,0),(2,16,0),(1,17,0),(2,17,0),(1,18,0),(2,18,0),(1,19,0),(2,19,0),(1,20,0),(2,20,0),(1,21,0),(2,21,0),(1,22,0),(2,22,0),(1,23,0),(2,23,0);
/*!40000 ALTER TABLE `ec_product_with_attribute_set` ENABLE KEYS */;
UNLOCK TABLES;

--
-- Table structure for table `ec_products`
--

DROP TABLE IF EXISTS `ec_products`;
/*!40101 SET @saved_cs_client     = @@character_set_client */;
/*!50503 SET character_set_client = utf8mb4 */;
CREATE TABLE `ec_products` (
  `id` bigint unsigned NOT NULL AUTO_INCREMENT,
  `name` varchar(191) COLLATE utf8mb4_unicode_ci NOT NULL,
  `description` text COLLATE utf8mb4_unicode_ci,
  `content` longtext COLLATE utf8mb4_unicode_ci,
  `status` varchar(60) COLLATE utf8mb4_unicode_ci NOT NULL DEFAULT 'published',
  `images` text COLLATE utf8mb4_unicode_ci,
  `sku` varchar(191) COLLATE utf8mb4_unicode_ci DEFAULT NULL,
  `order` int unsigned NOT NULL DEFAULT '0',
  `quantity` int unsigned DEFAULT NULL,
  `allow_checkout_when_out_of_stock` tinyint unsigned NOT NULL DEFAULT '0',
  `with_storehouse_management` tinyint unsigned NOT NULL DEFAULT '0',
  `is_featured` tinyint unsigned NOT NULL DEFAULT '0',
  `brand_id` bigint unsigned DEFAULT NULL,
  `is_variation` tinyint NOT NULL DEFAULT '0',
  `sale_type` tinyint NOT NULL DEFAULT '0',
  `price` double unsigned DEFAULT NULL,
  `sale_price` double unsigned DEFAULT NULL,
  `start_date` timestamp NULL DEFAULT NULL,
  `end_date` timestamp NULL DEFAULT NULL,
  `length` double(8,2) DEFAULT NULL,
  `wide` double(8,2) DEFAULT NULL,
  `height` double(8,2) DEFAULT NULL,
  `weight` double(8,2) DEFAULT NULL,
  `tax_id` bigint unsigned DEFAULT NULL,
  `views` bigint NOT NULL DEFAULT '0',
  `created_at` timestamp NULL DEFAULT NULL,
  `updated_at` timestamp NULL DEFAULT NULL,
  `stock_status` varchar(191) COLLATE utf8mb4_unicode_ci DEFAULT 'in_stock',
  `created_by_id` bigint unsigned DEFAULT '0',
  `created_by_type` varchar(255) COLLATE utf8mb4_unicode_ci NOT NULL DEFAULT 'Botble\\ACL\\Models\\User',
  `image` varchar(255) COLLATE utf8mb4_unicode_ci DEFAULT NULL,
  `product_type` varchar(60) COLLATE utf8mb4_unicode_ci DEFAULT 'physical',
  `barcode` varchar(50) COLLATE utf8mb4_unicode_ci DEFAULT NULL,
  `cost_per_item` double DEFAULT NULL,
  `store_id` bigint unsigned DEFAULT NULL,
  `approved_by` bigint unsigned DEFAULT '0',
  PRIMARY KEY (`id`),
  UNIQUE KEY `ec_products_barcode_unique` (`barcode`),
  KEY `ec_products_brand_id_status_is_variation_created_at_index` (`brand_id`,`status`,`is_variation`,`created_at`),
  KEY `ec_products_sale_type_index` (`sale_type`),
  KEY `ec_products_start_date_index` (`start_date`),
  KEY `ec_products_end_date_index` (`end_date`),
  KEY `ec_products_sale_price_index` (`sale_price`),
  KEY `ec_products_is_variation_index` (`is_variation`)
) ENGINE=InnoDB AUTO_INCREMENT=75 DEFAULT CHARSET=utf8mb4 COLLATE=utf8mb4_unicode_ci;
/*!40101 SET character_set_client = @saved_cs_client */;

--
-- Dumping data for table `ec_products`
--

LOCK TABLES `ec_products` WRITE;
/*!40000 ALTER TABLE `ec_products` DISABLE KEYS */;
INSERT INTO `ec_products` VALUES (1,'Dual Camera 20MP (Digital)','<ul><li> Unrestrained and portable active stereo speaker</li>\n            <li> Free from the confines of wires and chords</li>\n            <li> 20 hours of portable capabilities</li>\n            <li> Double-ended Coil Cord with 3.5mm Stereo Plugs Included</li>\n            <li> 3/4″ Dome Tweeters: 2X and 4″ Woofer: 1X</li></ul>','<p>Short Hooded Coat features a straight body, large pockets with button flaps, ventilation air holes, and a string detail along the hemline. The style is completed with a drawstring hood, featuring Rains’ signature built-in cap. Made from waterproof, matte PU, this lightweight unisex rain jacket is an ode to nostalgia through its classic silhouette and utilitarian design details.</p>\n                                <p>- Casual unisex fit</p>\n\n                                <p>- 64% polyester, 36% polyurethane</p>\n\n                                <p>- Water column pressure: 4000 mm</p>\n\n                                <p>- Model is 187cm tall and wearing a size S / M</p>\n\n                                <p>- Unisex fit</p>\n\n                                <p>- Drawstring hood with built-in cap</p>\n\n                                <p>- Front placket with snap buttons</p>\n\n                                <p>- Ventilation under armpit</p>\n\n                                <p>- Adjustable cuffs</p>\n\n                                <p>- Double welted front pockets</p>\n\n                                <p>- Adjustable elastic string at hempen</p>\n\n                                <p>- Ultrasonically welded seams</p>\n\n                                <p>This is a unisex item, please check our clothing &amp; footwear sizing guide for specific Rains jacket sizing information. RAINS comes from the rainy nation of Denmark at the edge of the European continent, close to the ocean and with prevailing westerly winds; all factors that contribute to an average of 121 rain days each year. Arising from these rainy weather conditions comes the attitude that a quick rain shower may be beautiful, as well as moody- but first and foremost requires the right outfit. Rains focus on the whole experience of going outside on rainy days, issuing an invitation to explore even in the most mercurial weather.</p>','published','[\"products\\/1.jpg\"]','SW-151-A0',0,10,0,1,1,4,0,0,80.25,NULL,NULL,NULL,20.00,11.00,14.00,678.00,NULL,117668,'2023-03-01 01:08:17','2023-03-01 01:08:23','in_stock',0,'Botble\\ACL\\Models\\User',NULL,'digital',NULL,NULL,3,0),(2,'Smart Watches','<ul><li> Unrestrained and portable active stereo speaker</li>\n            <li> Free from the confines of wires and chords</li>\n            <li> 20 hours of portable capabilities</li>\n            <li> Double-ended Coil Cord with 3.5mm Stereo Plugs Included</li>\n            <li> 3/4″ Dome Tweeters: 2X and 4″ Woofer: 1X</li></ul>','<p>Short Hooded Coat features a straight body, large pockets with button flaps, ventilation air holes, and a string detail along the hemline. The style is completed with a drawstring hood, featuring Rains’ signature built-in cap. Made from waterproof, matte PU, this lightweight unisex rain jacket is an ode to nostalgia through its classic silhouette and utilitarian design details.</p>\n                                <p>- Casual unisex fit</p>\n\n                                <p>- 64% polyester, 36% polyurethane</p>\n\n                                <p>- Water column pressure: 4000 mm</p>\n\n                                <p>- Model is 187cm tall and wearing a size S / M</p>\n\n                                <p>- Unisex fit</p>\n\n                                <p>- Drawstring hood with built-in cap</p>\n\n                                <p>- Front placket with snap buttons</p>\n\n                                <p>- Ventilation under armpit</p>\n\n                                <p>- Adjustable cuffs</p>\n\n                                <p>- Double welted front pockets</p>\n\n                                <p>- Adjustable elastic string at hempen</p>\n\n                                <p>- Ultrasonically welded seams</p>\n\n                                <p>This is a unisex item, please check our clothing &amp; footwear sizing guide for specific Rains jacket sizing information. RAINS comes from the rainy nation of Denmark at the edge of the European continent, close to the ocean and with prevailing westerly winds; all factors that contribute to an average of 121 rain days each year. Arising from these rainy weather conditions comes the attitude that a quick rain shower may be beautiful, as well as moody- but first and foremost requires the right outfit. Rains focus on the whole experience of going outside on rainy days, issuing an invitation to explore even in the most mercurial weather.</p>','published','[\"products\\/2.jpg\",\"products\\/2-1.jpg\",\"products\\/2-2.jpg\",\"products\\/2-3.jpg\"]','SW-140-A0',0,13,0,1,1,1,0,0,40.5,NULL,NULL,NULL,14.00,15.00,20.00,789.00,NULL,130919,'2023-03-01 01:08:17','2023-03-01 01:08:23','in_stock',0,'Botble\\ACL\\Models\\User',NULL,'physical',NULL,NULL,4,0),(3,'Beat Headphone','<ul><li> Unrestrained and portable active stereo speaker</li>\n            <li> Free from the confines of wires and chords</li>\n            <li> 20 hours of portable capabilities</li>\n            <li> Double-ended Coil Cord with 3.5mm Stereo Plugs Included</li>\n            <li> 3/4″ Dome Tweeters: 2X and 4″ Woofer: 1X</li></ul>','<p>Short Hooded Coat features a straight body, large pockets with button flaps, ventilation air holes, and a string detail along the hemline. The style is completed with a drawstring hood, featuring Rains’ signature built-in cap. Made from waterproof, matte PU, this lightweight unisex rain jacket is an ode to nostalgia through its classic silhouette and utilitarian design details.</p>\n                                <p>- Casual unisex fit</p>\n\n                                <p>- 64% polyester, 36% polyurethane</p>\n\n                                <p>- Water column pressure: 4000 mm</p>\n\n                                <p>- Model is 187cm tall and wearing a size S / M</p>\n\n                                <p>- Unisex fit</p>\n\n                                <p>- Drawstring hood with built-in cap</p>\n\n                                <p>- Front placket with snap buttons</p>\n\n                                <p>- Ventilation under armpit</p>\n\n                                <p>- Adjustable cuffs</p>\n\n                                <p>- Double welted front pockets</p>\n\n                                <p>- Adjustable elastic string at hempen</p>\n\n                                <p>- Ultrasonically welded seams</p>\n\n                                <p>This is a unisex item, please check our clothing &amp; footwear sizing guide for specific Rains jacket sizing information. RAINS comes from the rainy nation of Denmark at the edge of the European continent, close to the ocean and with prevailing westerly winds; all factors that contribute to an average of 121 rain days each year. Arising from these rainy weather conditions comes the attitude that a quick rain shower may be beautiful, as well as moody- but first and foremost requires the right outfit. Rains focus on the whole experience of going outside on rainy days, issuing an invitation to explore even in the most mercurial weather.</p>','published','[\"products\\/3.jpg\"]','SW-118-A0',0,16,0,1,1,7,0,0,20,NULL,NULL,NULL,10.00,10.00,12.00,635.00,NULL,187842,'2023-03-01 01:08:17','2023-03-01 01:08:23','in_stock',0,'Botble\\ACL\\Models\\User',NULL,'physical',NULL,NULL,1,0),(4,'Red &amp; Black Headphone','<ul><li> Unrestrained and portable active stereo speaker</li>\n            <li> Free from the confines of wires and chords</li>\n            <li> 20 hours of portable capabilities</li>\n            <li> Double-ended Coil Cord with 3.5mm Stereo Plugs Included</li>\n            <li> 3/4″ Dome Tweeters: 2X and 4″ Woofer: 1X</li></ul>','<p>Short Hooded Coat features a straight body, large pockets with button flaps, ventilation air holes, and a string detail along the hemline. The style is completed with a drawstring hood, featuring Rains’ signature built-in cap. Made from waterproof, matte PU, this lightweight unisex rain jacket is an ode to nostalgia through its classic silhouette and utilitarian design details.</p>\n                                <p>- Casual unisex fit</p>\n\n                                <p>- 64% polyester, 36% polyurethane</p>\n\n                                <p>- Water column pressure: 4000 mm</p>\n\n                                <p>- Model is 187cm tall and wearing a size S / M</p>\n\n                                <p>- Unisex fit</p>\n\n                                <p>- Drawstring hood with built-in cap</p>\n\n                                <p>- Front placket with snap buttons</p>\n\n                                <p>- Ventilation under armpit</p>\n\n                                <p>- Adjustable cuffs</p>\n\n                                <p>- Double welted front pockets</p>\n\n                                <p>- Adjustable elastic string at hempen</p>\n\n                                <p>- Ultrasonically welded seams</p>\n\n                                <p>This is a unisex item, please check our clothing &amp; footwear sizing guide for specific Rains jacket sizing information. RAINS comes from the rainy nation of Denmark at the edge of the European continent, close to the ocean and with prevailing westerly winds; all factors that contribute to an average of 121 rain days each year. Arising from these rainy weather conditions comes the attitude that a quick rain shower may be beautiful, as well as moody- but first and foremost requires the right outfit. Rains focus on the whole experience of going outside on rainy days, issuing an invitation to explore even in the most mercurial weather.</p>','published','[\"products\\/4.jpg\",\"products\\/4-1.jpg\",\"products\\/4-2.jpg\",\"products\\/4-3.jpg\"]','SW-104-A0',0,14,0,1,1,5,0,0,600,492,NULL,NULL,20.00,10.00,16.00,713.00,NULL,40010,'2023-03-01 01:08:17','2023-03-01 01:08:23','in_stock',0,'Botble\\ACL\\Models\\User',NULL,'physical',NULL,NULL,2,0),(5,'Smart Watch External (Digital)','<ul><li> Unrestrained and portable active stereo speaker</li>\n            <li> Free from the confines of wires and chords</li>\n            <li> 20 hours of portable capabilities</li>\n            <li> Double-ended Coil Cord with 3.5mm Stereo Plugs Included</li>\n            <li> 3/4″ Dome Tweeters: 2X and 4″ Woofer: 1X</li></ul>','<p>Short Hooded Coat features a straight body, large pockets with button flaps, ventilation air holes, and a string detail along the hemline. The style is completed with a drawstring hood, featuring Rains’ signature built-in cap. Made from waterproof, matte PU, this lightweight unisex rain jacket is an ode to nostalgia through its classic silhouette and utilitarian design details.</p>\n                                <p>- Casual unisex fit</p>\n\n                                <p>- 64% polyester, 36% polyurethane</p>\n\n                                <p>- Water column pressure: 4000 mm</p>\n\n                                <p>- Model is 187cm tall and wearing a size S / M</p>\n\n                                <p>- Unisex fit</p>\n\n                                <p>- Drawstring hood with built-in cap</p>\n\n                                <p>- Front placket with snap buttons</p>\n\n                                <p>- Ventilation under armpit</p>\n\n                                <p>- Adjustable cuffs</p>\n\n                                <p>- Double welted front pockets</p>\n\n                                <p>- Adjustable elastic string at hempen</p>\n\n                                <p>- Ultrasonically welded seams</p>\n\n                                <p>This is a unisex item, please check our clothing &amp; footwear sizing guide for specific Rains jacket sizing information. RAINS comes from the rainy nation of Denmark at the edge of the European continent, close to the ocean and with prevailing westerly winds; all factors that contribute to an average of 121 rain days each year. Arising from these rainy weather conditions comes the attitude that a quick rain shower may be beautiful, as well as moody- but first and foremost requires the right outfit. Rains focus on the whole experience of going outside on rainy days, issuing an invitation to explore even in the most mercurial weather.</p>','published','[\"products\\/5.jpg\",\"products\\/5-1.jpg\",\"products\\/5-2.jpg\",\"products\\/5-3.jpg\"]','SW-162-A0',0,18,0,1,1,3,0,0,857,NULL,NULL,NULL,12.00,19.00,12.00,754.00,NULL,33333,'2023-03-01 01:08:17','2023-03-01 01:08:23','in_stock',0,'Botble\\ACL\\Models\\User',NULL,'digital',NULL,NULL,2,0),(6,'Nikon HD camera','<ul><li> Unrestrained and portable active stereo speaker</li>\n            <li> Free from the confines of wires and chords</li>\n            <li> 20 hours of portable capabilities</li>\n            <li> Double-ended Coil Cord with 3.5mm Stereo Plugs Included</li>\n            <li> 3/4″ Dome Tweeters: 2X and 4″ Woofer: 1X</li></ul>','<p>Short Hooded Coat features a straight body, large pockets with button flaps, ventilation air holes, and a string detail along the hemline. The style is completed with a drawstring hood, featuring Rains’ signature built-in cap. Made from waterproof, matte PU, this lightweight unisex rain jacket is an ode to nostalgia through its classic silhouette and utilitarian design details.</p>\n                                <p>- Casual unisex fit</p>\n\n                                <p>- 64% polyester, 36% polyurethane</p>\n\n                                <p>- Water column pressure: 4000 mm</p>\n\n                                <p>- Model is 187cm tall and wearing a size S / M</p>\n\n                                <p>- Unisex fit</p>\n\n                                <p>- Drawstring hood with built-in cap</p>\n\n                                <p>- Front placket with snap buttons</p>\n\n                                <p>- Ventilation under armpit</p>\n\n                                <p>- Adjustable cuffs</p>\n\n                                <p>- Double welted front pockets</p>\n\n                                <p>- Adjustable elastic string at hempen</p>\n\n                                <p>- Ultrasonically welded seams</p>\n\n                                <p>This is a unisex item, please check our clothing &amp; footwear sizing guide for specific Rains jacket sizing information. RAINS comes from the rainy nation of Denmark at the edge of the European continent, close to the ocean and with prevailing westerly winds; all factors that contribute to an average of 121 rain days each year. Arising from these rainy weather conditions comes the attitude that a quick rain shower may be beautiful, as well as moody- but first and foremost requires the right outfit. Rains focus on the whole experience of going outside on rainy days, issuing an invitation to explore even in the most mercurial weather.</p>','published','[\"products\\/6.jpg\"]','SW-172-A0',0,11,0,1,1,2,0,0,423,NULL,NULL,NULL,15.00,12.00,20.00,698.00,NULL,15660,'2023-03-01 01:08:17','2023-03-01 01:08:23','in_stock',0,'Botble\\ACL\\Models\\User',NULL,'physical',NULL,NULL,4,0),(7,'Audio Equipment','<ul><li> Unrestrained and portable active stereo speaker</li>\n            <li> Free from the confines of wires and chords</li>\n            <li> 20 hours of portable capabilities</li>\n            <li> Double-ended Coil Cord with 3.5mm Stereo Plugs Included</li>\n            <li> 3/4″ Dome Tweeters: 2X and 4″ Woofer: 1X</li></ul>','<p>Short Hooded Coat features a straight body, large pockets with button flaps, ventilation air holes, and a string detail along the hemline. The style is completed with a drawstring hood, featuring Rains’ signature built-in cap. Made from waterproof, matte PU, this lightweight unisex rain jacket is an ode to nostalgia through its classic silhouette and utilitarian design details.</p>\n                                <p>- Casual unisex fit</p>\n\n                                <p>- 64% polyester, 36% polyurethane</p>\n\n                                <p>- Water column pressure: 4000 mm</p>\n\n                                <p>- Model is 187cm tall and wearing a size S / M</p>\n\n                                <p>- Unisex fit</p>\n\n                                <p>- Drawstring hood with built-in cap</p>\n\n                                <p>- Front placket with snap buttons</p>\n\n                                <p>- Ventilation under armpit</p>\n\n                                <p>- Adjustable cuffs</p>\n\n                                <p>- Double welted front pockets</p>\n\n                                <p>- Adjustable elastic string at hempen</p>\n\n                                <p>- Ultrasonically welded seams</p>\n\n                                <p>This is a unisex item, please check our clothing &amp; footwear sizing guide for specific Rains jacket sizing information. RAINS comes from the rainy nation of Denmark at the edge of the European continent, close to the ocean and with prevailing westerly winds; all factors that contribute to an average of 121 rain days each year. Arising from these rainy weather conditions comes the attitude that a quick rain shower may be beautiful, as well as moody- but first and foremost requires the right outfit. Rains focus on the whole experience of going outside on rainy days, issuing an invitation to explore even in the most mercurial weather.</p>','published','[\"products\\/7.jpg\"]','SW-124-A0',0,13,0,1,1,7,0,0,598,NULL,NULL,NULL,12.00,19.00,19.00,829.00,NULL,163723,'2023-03-01 01:08:17','2023-03-01 01:08:23','in_stock',0,'Botble\\ACL\\Models\\User',NULL,'physical',NULL,NULL,2,0),(8,'Smart Televisions','<ul><li> Unrestrained and portable active stereo speaker</li>\n            <li> Free from the confines of wires and chords</li>\n            <li> 20 hours of portable capabilities</li>\n            <li> Double-ended Coil Cord with 3.5mm Stereo Plugs Included</li>\n            <li> 3/4″ Dome Tweeters: 2X and 4″ Woofer: 1X</li></ul>','<p>Short Hooded Coat features a straight body, large pockets with button flaps, ventilation air holes, and a string detail along the hemline. The style is completed with a drawstring hood, featuring Rains’ signature built-in cap. Made from waterproof, matte PU, this lightweight unisex rain jacket is an ode to nostalgia through its classic silhouette and utilitarian design details.</p>\n                                <p>- Casual unisex fit</p>\n\n                                <p>- 64% polyester, 36% polyurethane</p>\n\n                                <p>- Water column pressure: 4000 mm</p>\n\n                                <p>- Model is 187cm tall and wearing a size S / M</p>\n\n                                <p>- Unisex fit</p>\n\n                                <p>- Drawstring hood with built-in cap</p>\n\n                                <p>- Front placket with snap buttons</p>\n\n                                <p>- Ventilation under armpit</p>\n\n                                <p>- Adjustable cuffs</p>\n\n                                <p>- Double welted front pockets</p>\n\n                                <p>- Adjustable elastic string at hempen</p>\n\n                                <p>- Ultrasonically welded seams</p>\n\n                                <p>This is a unisex item, please check our clothing &amp; footwear sizing guide for specific Rains jacket sizing information. RAINS comes from the rainy nation of Denmark at the edge of the European continent, close to the ocean and with prevailing westerly winds; all factors that contribute to an average of 121 rain days each year. Arising from these rainy weather conditions comes the attitude that a quick rain shower may be beautiful, as well as moody- but first and foremost requires the right outfit. Rains focus on the whole experience of going outside on rainy days, issuing an invitation to explore even in the most mercurial weather.</p>','published','[\"products\\/8.jpg\",\"products\\/8-1.jpg\",\"products\\/8-2.jpg\",\"products\\/8-3.jpg\"]','SW-146-A0',0,19,0,1,1,4,0,0,1115,925.45,NULL,NULL,14.00,10.00,10.00,650.00,NULL,128585,'2023-03-01 01:08:17','2023-03-01 01:08:23','in_stock',0,'Botble\\ACL\\Models\\User',NULL,'physical',NULL,NULL,1,0),(9,'Samsung Smart Phone (Digital)','<ul><li> Unrestrained and portable active stereo speaker</li>\n            <li> Free from the confines of wires and chords</li>\n            <li> 20 hours of portable capabilities</li>\n            <li> Double-ended Coil Cord with 3.5mm Stereo Plugs Included</li>\n            <li> 3/4″ Dome Tweeters: 2X and 4″ Woofer: 1X</li></ul>','<p>Short Hooded Coat features a straight body, large pockets with button flaps, ventilation air holes, and a string detail along the hemline. The style is completed with a drawstring hood, featuring Rains’ signature built-in cap. Made from waterproof, matte PU, this lightweight unisex rain jacket is an ode to nostalgia through its classic silhouette and utilitarian design details.</p>\n                                <p>- Casual unisex fit</p>\n\n                                <p>- 64% polyester, 36% polyurethane</p>\n\n                                <p>- Water column pressure: 4000 mm</p>\n\n                                <p>- Model is 187cm tall and wearing a size S / M</p>\n\n                                <p>- Unisex fit</p>\n\n                                <p>- Drawstring hood with built-in cap</p>\n\n                                <p>- Front placket with snap buttons</p>\n\n                                <p>- Ventilation under armpit</p>\n\n                                <p>- Adjustable cuffs</p>\n\n                                <p>- Double welted front pockets</p>\n\n                                <p>- Adjustable elastic string at hempen</p>\n\n                                <p>- Ultrasonically welded seams</p>\n\n                                <p>This is a unisex item, please check our clothing &amp; footwear sizing guide for specific Rains jacket sizing information. RAINS comes from the rainy nation of Denmark at the edge of the European continent, close to the ocean and with prevailing westerly winds; all factors that contribute to an average of 121 rain days each year. Arising from these rainy weather conditions comes the attitude that a quick rain shower may be beautiful, as well as moody- but first and foremost requires the right outfit. Rains focus on the whole experience of going outside on rainy days, issuing an invitation to explore even in the most mercurial weather.</p>','published','[\"products\\/9.jpg\",\"products\\/9-1.jpg\",\"products\\/9-2.jpg\"]','SW-140-A0',0,18,0,1,1,4,0,0,517,NULL,NULL,NULL,20.00,14.00,16.00,540.00,NULL,72774,'2023-03-01 01:08:17','2023-03-01 01:08:23','in_stock',0,'Botble\\ACL\\Models\\User',NULL,'digital',NULL,NULL,3,0),(10,'Herschel Leather Duffle Bag In Brown Color','<ul><li> Unrestrained and portable active stereo speaker</li>\n            <li> Free from the confines of wires and chords</li>\n            <li> 20 hours of portable capabilities</li>\n            <li> Double-ended Coil Cord with 3.5mm Stereo Plugs Included</li>\n            <li> 3/4″ Dome Tweeters: 2X and 4″ Woofer: 1X</li></ul>','<p>Short Hooded Coat features a straight body, large pockets with button flaps, ventilation air holes, and a string detail along the hemline. The style is completed with a drawstring hood, featuring Rains’ signature built-in cap. Made from waterproof, matte PU, this lightweight unisex rain jacket is an ode to nostalgia through its classic silhouette and utilitarian design details.</p>\n                                <p>- Casual unisex fit</p>\n\n                                <p>- 64% polyester, 36% polyurethane</p>\n\n                                <p>- Water column pressure: 4000 mm</p>\n\n                                <p>- Model is 187cm tall and wearing a size S / M</p>\n\n                                <p>- Unisex fit</p>\n\n                                <p>- Drawstring hood with built-in cap</p>\n\n                                <p>- Front placket with snap buttons</p>\n\n                                <p>- Ventilation under armpit</p>\n\n                                <p>- Adjustable cuffs</p>\n\n                                <p>- Double welted front pockets</p>\n\n                                <p>- Adjustable elastic string at hempen</p>\n\n                                <p>- Ultrasonically welded seams</p>\n\n                                <p>This is a unisex item, please check our clothing &amp; footwear sizing guide for specific Rains jacket sizing information. RAINS comes from the rainy nation of Denmark at the edge of the European continent, close to the ocean and with prevailing westerly winds; all factors that contribute to an average of 121 rain days each year. Arising from these rainy weather conditions comes the attitude that a quick rain shower may be beautiful, as well as moody- but first and foremost requires the right outfit. Rains focus on the whole experience of going outside on rainy days, issuing an invitation to explore even in the most mercurial weather.</p>','published','[\"products\\/10.jpg\",\"products\\/10-1.jpg\",\"products\\/10-2.jpg\"]','SW-195-A0',0,12,0,1,0,4,0,0,1206,NULL,NULL,NULL,15.00,16.00,15.00,810.00,NULL,178396,'2023-03-01 01:08:17','2023-03-01 01:08:23','in_stock',0,'Botble\\ACL\\Models\\User',NULL,'physical',NULL,NULL,2,0),(11,'Xbox One Wireless Controller Black Color','<ul><li> Unrestrained and portable active stereo speaker</li>\n            <li> Free from the confines of wires and chords</li>\n            <li> 20 hours of portable capabilities</li>\n            <li> Double-ended Coil Cord with 3.5mm Stereo Plugs Included</li>\n            <li> 3/4″ Dome Tweeters: 2X and 4″ Woofer: 1X</li></ul>','<p>Short Hooded Coat features a straight body, large pockets with button flaps, ventilation air holes, and a string detail along the hemline. The style is completed with a drawstring hood, featuring Rains’ signature built-in cap. Made from waterproof, matte PU, this lightweight unisex rain jacket is an ode to nostalgia through its classic silhouette and utilitarian design details.</p>\n                                <p>- Casual unisex fit</p>\n\n                                <p>- 64% polyester, 36% polyurethane</p>\n\n                                <p>- Water column pressure: 4000 mm</p>\n\n                                <p>- Model is 187cm tall and wearing a size S / M</p>\n\n                                <p>- Unisex fit</p>\n\n                                <p>- Drawstring hood with built-in cap</p>\n\n                                <p>- Front placket with snap buttons</p>\n\n                                <p>- Ventilation under armpit</p>\n\n                                <p>- Adjustable cuffs</p>\n\n                                <p>- Double welted front pockets</p>\n\n                                <p>- Adjustable elastic string at hempen</p>\n\n                                <p>- Ultrasonically welded seams</p>\n\n                                <p>This is a unisex item, please check our clothing &amp; footwear sizing guide for specific Rains jacket sizing information. RAINS comes from the rainy nation of Denmark at the edge of the European continent, close to the ocean and with prevailing westerly winds; all factors that contribute to an average of 121 rain days each year. Arising from these rainy weather conditions comes the attitude that a quick rain shower may be beautiful, as well as moody- but first and foremost requires the right outfit. Rains focus on the whole experience of going outside on rainy days, issuing an invitation to explore even in the most mercurial weather.</p>','published','[\"products\\/11.jpg\",\"products\\/11-1.jpg\",\"products\\/11-2.jpg\",\"products\\/11-3.jpg\"]','SW-184-A0',0,18,0,1,0,3,0,0,1165,NULL,NULL,NULL,12.00,15.00,19.00,785.00,NULL,119059,'2023-03-01 01:08:17','2023-03-01 01:08:23','in_stock',0,'Botble\\ACL\\Models\\User',NULL,'physical',NULL,NULL,3,0),(12,'EPSION Plaster Printer','<ul><li> Unrestrained and portable active stereo speaker</li>\n            <li> Free from the confines of wires and chords</li>\n            <li> 20 hours of portable capabilities</li>\n            <li> Double-ended Coil Cord with 3.5mm Stereo Plugs Included</li>\n            <li> 3/4″ Dome Tweeters: 2X and 4″ Woofer: 1X</li></ul>','<p>Short Hooded Coat features a straight body, large pockets with button flaps, ventilation air holes, and a string detail along the hemline. The style is completed with a drawstring hood, featuring Rains’ signature built-in cap. Made from waterproof, matte PU, this lightweight unisex rain jacket is an ode to nostalgia through its classic silhouette and utilitarian design details.</p>\n                                <p>- Casual unisex fit</p>\n\n                                <p>- 64% polyester, 36% polyurethane</p>\n\n                                <p>- Water column pressure: 4000 mm</p>\n\n                                <p>- Model is 187cm tall and wearing a size S / M</p>\n\n                                <p>- Unisex fit</p>\n\n                                <p>- Drawstring hood with built-in cap</p>\n\n                                <p>- Front placket with snap buttons</p>\n\n                                <p>- Ventilation under armpit</p>\n\n                                <p>- Adjustable cuffs</p>\n\n                                <p>- Double welted front pockets</p>\n\n                                <p>- Adjustable elastic string at hempen</p>\n\n                                <p>- Ultrasonically welded seams</p>\n\n                                <p>This is a unisex item, please check our clothing &amp; footwear sizing guide for specific Rains jacket sizing information. RAINS comes from the rainy nation of Denmark at the edge of the European continent, close to the ocean and with prevailing westerly winds; all factors that contribute to an average of 121 rain days each year. Arising from these rainy weather conditions comes the attitude that a quick rain shower may be beautiful, as well as moody- but first and foremost requires the right outfit. Rains focus on the whole experience of going outside on rainy days, issuing an invitation to explore even in the most mercurial weather.</p>','published','[\"products\\/12.jpg\",\"products\\/12-1.jpg\",\"products\\/12-2.jpg\",\"products\\/12-3.jpg\"]','SW-172-A0',0,10,0,1,0,5,0,0,557,423.32,NULL,NULL,19.00,12.00,14.00,703.00,NULL,18885,'2023-03-01 01:08:17','2023-03-01 01:08:23','in_stock',0,'Botble\\ACL\\Models\\User',NULL,'physical',NULL,NULL,1,0),(13,'Sound Intone I65 Earphone White Version (Digital)','<ul><li> Unrestrained and portable active stereo speaker</li>\n            <li> Free from the confines of wires and chords</li>\n            <li> 20 hours of portable capabilities</li>\n            <li> Double-ended Coil Cord with 3.5mm Stereo Plugs Included</li>\n            <li> 3/4″ Dome Tweeters: 2X and 4″ Woofer: 1X</li></ul>','<p>Short Hooded Coat features a straight body, large pockets with button flaps, ventilation air holes, and a string detail along the hemline. The style is completed with a drawstring hood, featuring Rains’ signature built-in cap. Made from waterproof, matte PU, this lightweight unisex rain jacket is an ode to nostalgia through its classic silhouette and utilitarian design details.</p>\n                                <p>- Casual unisex fit</p>\n\n                                <p>- 64% polyester, 36% polyurethane</p>\n\n                                <p>- Water column pressure: 4000 mm</p>\n\n                                <p>- Model is 187cm tall and wearing a size S / M</p>\n\n                                <p>- Unisex fit</p>\n\n                                <p>- Drawstring hood with built-in cap</p>\n\n                                <p>- Front placket with snap buttons</p>\n\n                                <p>- Ventilation under armpit</p>\n\n                                <p>- Adjustable cuffs</p>\n\n                                <p>- Double welted front pockets</p>\n\n                                <p>- Adjustable elastic string at hempen</p>\n\n                                <p>- Ultrasonically welded seams</p>\n\n                                <p>This is a unisex item, please check our clothing &amp; footwear sizing guide for specific Rains jacket sizing information. RAINS comes from the rainy nation of Denmark at the edge of the European continent, close to the ocean and with prevailing westerly winds; all factors that contribute to an average of 121 rain days each year. Arising from these rainy weather conditions comes the attitude that a quick rain shower may be beautiful, as well as moody- but first and foremost requires the right outfit. Rains focus on the whole experience of going outside on rainy days, issuing an invitation to explore even in the most mercurial weather.</p>','published','[\"products\\/13.jpg\",\"products\\/13-1.jpg\"]','SW-122-A0',0,20,0,1,0,3,0,0,508,NULL,NULL,NULL,10.00,12.00,13.00,693.00,NULL,195599,'2023-03-01 01:08:17','2023-03-01 01:08:23','in_stock',0,'Botble\\ACL\\Models\\User',NULL,'digital',NULL,NULL,1,0),(14,'B&amp;O Play Mini Bluetooth Speaker','<ul><li> Unrestrained and portable active stereo speaker</li>\n            <li> Free from the confines of wires and chords</li>\n            <li> 20 hours of portable capabilities</li>\n            <li> Double-ended Coil Cord with 3.5mm Stereo Plugs Included</li>\n            <li> 3/4″ Dome Tweeters: 2X and 4″ Woofer: 1X</li></ul>','<p>Short Hooded Coat features a straight body, large pockets with button flaps, ventilation air holes, and a string detail along the hemline. The style is completed with a drawstring hood, featuring Rains’ signature built-in cap. Made from waterproof, matte PU, this lightweight unisex rain jacket is an ode to nostalgia through its classic silhouette and utilitarian design details.</p>\n                                <p>- Casual unisex fit</p>\n\n                                <p>- 64% polyester, 36% polyurethane</p>\n\n                                <p>- Water column pressure: 4000 mm</p>\n\n                                <p>- Model is 187cm tall and wearing a size S / M</p>\n\n                                <p>- Unisex fit</p>\n\n                                <p>- Drawstring hood with built-in cap</p>\n\n                                <p>- Front placket with snap buttons</p>\n\n                                <p>- Ventilation under armpit</p>\n\n                                <p>- Adjustable cuffs</p>\n\n                                <p>- Double welted front pockets</p>\n\n                                <p>- Adjustable elastic string at hempen</p>\n\n                                <p>- Ultrasonically welded seams</p>\n\n                                <p>This is a unisex item, please check our clothing &amp; footwear sizing guide for specific Rains jacket sizing information. RAINS comes from the rainy nation of Denmark at the edge of the European continent, close to the ocean and with prevailing westerly winds; all factors that contribute to an average of 121 rain days each year. Arising from these rainy weather conditions comes the attitude that a quick rain shower may be beautiful, as well as moody- but first and foremost requires the right outfit. Rains focus on the whole experience of going outside on rainy days, issuing an invitation to explore even in the most mercurial weather.</p>','published','[\"products\\/14.jpg\"]','SW-150-A0',0,14,0,1,0,5,0,0,537,NULL,NULL,NULL,18.00,16.00,20.00,727.00,NULL,83285,'2023-03-01 01:08:17','2023-03-01 01:08:23','in_stock',0,'Botble\\ACL\\Models\\User',NULL,'physical',NULL,NULL,2,0),(15,'Apple MacBook Air Retina 13.3-Inch Laptop','<ul><li> Unrestrained and portable active stereo speaker</li>\n            <li> Free from the confines of wires and chords</li>\n            <li> 20 hours of portable capabilities</li>\n            <li> Double-ended Coil Cord with 3.5mm Stereo Plugs Included</li>\n            <li> 3/4″ Dome Tweeters: 2X and 4″ Woofer: 1X</li></ul>','<p>Short Hooded Coat features a straight body, large pockets with button flaps, ventilation air holes, and a string detail along the hemline. The style is completed with a drawstring hood, featuring Rains’ signature built-in cap. Made from waterproof, matte PU, this lightweight unisex rain jacket is an ode to nostalgia through its classic silhouette and utilitarian design details.</p>\n                                <p>- Casual unisex fit</p>\n\n                                <p>- 64% polyester, 36% polyurethane</p>\n\n                                <p>- Water column pressure: 4000 mm</p>\n\n                                <p>- Model is 187cm tall and wearing a size S / M</p>\n\n                                <p>- Unisex fit</p>\n\n                                <p>- Drawstring hood with built-in cap</p>\n\n                                <p>- Front placket with snap buttons</p>\n\n                                <p>- Ventilation under armpit</p>\n\n                                <p>- Adjustable cuffs</p>\n\n                                <p>- Double welted front pockets</p>\n\n                                <p>- Adjustable elastic string at hempen</p>\n\n                                <p>- Ultrasonically welded seams</p>\n\n                                <p>This is a unisex item, please check our clothing &amp; footwear sizing guide for specific Rains jacket sizing information. RAINS comes from the rainy nation of Denmark at the edge of the European continent, close to the ocean and with prevailing westerly winds; all factors that contribute to an average of 121 rain days each year. Arising from these rainy weather conditions comes the attitude that a quick rain shower may be beautiful, as well as moody- but first and foremost requires the right outfit. Rains focus on the whole experience of going outside on rainy days, issuing an invitation to explore even in the most mercurial weather.</p>','published','[\"products\\/15.jpg\",\"products\\/15-1.jpg\"]','SW-156-A0',0,15,0,1,0,7,0,0,590,NULL,NULL,NULL,17.00,13.00,16.00,520.00,NULL,112468,'2023-03-01 01:08:18','2023-03-01 01:08:23','in_stock',0,'Botble\\ACL\\Models\\User',NULL,'physical',NULL,NULL,4,0),(16,'Apple MacBook Air Retina 12-Inch Laptop','<ul><li> Unrestrained and portable active stereo speaker</li>\n            <li> Free from the confines of wires and chords</li>\n            <li> 20 hours of portable capabilities</li>\n            <li> Double-ended Coil Cord with 3.5mm Stereo Plugs Included</li>\n            <li> 3/4″ Dome Tweeters: 2X and 4″ Woofer: 1X</li></ul>','<p>Short Hooded Coat features a straight body, large pockets with button flaps, ventilation air holes, and a string detail along the hemline. The style is completed with a drawstring hood, featuring Rains’ signature built-in cap. Made from waterproof, matte PU, this lightweight unisex rain jacket is an ode to nostalgia through its classic silhouette and utilitarian design details.</p>\n                                <p>- Casual unisex fit</p>\n\n                                <p>- 64% polyester, 36% polyurethane</p>\n\n                                <p>- Water column pressure: 4000 mm</p>\n\n                                <p>- Model is 187cm tall and wearing a size S / M</p>\n\n                                <p>- Unisex fit</p>\n\n                                <p>- Drawstring hood with built-in cap</p>\n\n                                <p>- Front placket with snap buttons</p>\n\n                                <p>- Ventilation under armpit</p>\n\n                                <p>- Adjustable cuffs</p>\n\n                                <p>- Double welted front pockets</p>\n\n                                <p>- Adjustable elastic string at hempen</p>\n\n                                <p>- Ultrasonically welded seams</p>\n\n                                <p>This is a unisex item, please check our clothing &amp; footwear sizing guide for specific Rains jacket sizing information. RAINS comes from the rainy nation of Denmark at the edge of the European continent, close to the ocean and with prevailing westerly winds; all factors that contribute to an average of 121 rain days each year. Arising from these rainy weather conditions comes the attitude that a quick rain shower may be beautiful, as well as moody- but first and foremost requires the right outfit. Rains focus on the whole experience of going outside on rainy days, issuing an invitation to explore even in the most mercurial weather.</p>','published','[\"products\\/16.jpg\"]','SW-115-A0',0,12,0,1,0,1,0,0,538,473.44,NULL,NULL,10.00,17.00,19.00,680.00,NULL,19628,'2023-03-01 01:08:18','2023-03-01 01:08:23','in_stock',0,'Botble\\ACL\\Models\\User',NULL,'physical',NULL,NULL,1,0),(17,'Samsung Gear VR Virtual Reality Headset (Digital)','<ul><li> Unrestrained and portable active stereo speaker</li>\n            <li> Free from the confines of wires and chords</li>\n            <li> 20 hours of portable capabilities</li>\n            <li> Double-ended Coil Cord with 3.5mm Stereo Plugs Included</li>\n            <li> 3/4″ Dome Tweeters: 2X and 4″ Woofer: 1X</li></ul>','<p>Short Hooded Coat features a straight body, large pockets with button flaps, ventilation air holes, and a string detail along the hemline. The style is completed with a drawstring hood, featuring Rains’ signature built-in cap. Made from waterproof, matte PU, this lightweight unisex rain jacket is an ode to nostalgia through its classic silhouette and utilitarian design details.</p>\n                                <p>- Casual unisex fit</p>\n\n                                <p>- 64% polyester, 36% polyurethane</p>\n\n                                <p>- Water column pressure: 4000 mm</p>\n\n                                <p>- Model is 187cm tall and wearing a size S / M</p>\n\n                                <p>- Unisex fit</p>\n\n                                <p>- Drawstring hood with built-in cap</p>\n\n                                <p>- Front placket with snap buttons</p>\n\n                                <p>- Ventilation under armpit</p>\n\n                                <p>- Adjustable cuffs</p>\n\n                                <p>- Double welted front pockets</p>\n\n                                <p>- Adjustable elastic string at hempen</p>\n\n                                <p>- Ultrasonically welded seams</p>\n\n                                <p>This is a unisex item, please check our clothing &amp; footwear sizing guide for specific Rains jacket sizing information. RAINS comes from the rainy nation of Denmark at the edge of the European continent, close to the ocean and with prevailing westerly winds; all factors that contribute to an average of 121 rain days each year. Arising from these rainy weather conditions comes the attitude that a quick rain shower may be beautiful, as well as moody- but first and foremost requires the right outfit. Rains focus on the whole experience of going outside on rainy days, issuing an invitation to explore even in the most mercurial weather.</p>','published','[\"products\\/17.jpg\",\"products\\/17-1.jpg\",\"products\\/17-2.jpg\",\"products\\/17-3.jpg\"]','SW-190-A0',0,14,0,1,0,7,0,0,556,NULL,NULL,NULL,12.00,17.00,14.00,523.00,NULL,56615,'2023-03-01 01:08:18','2023-03-01 01:08:23','in_stock',0,'Botble\\ACL\\Models\\User',NULL,'digital',NULL,NULL,2,0),(18,'Aveeno Moisturizing Body Shower 450ml','<ul><li> Unrestrained and portable active stereo speaker</li>\n            <li> Free from the confines of wires and chords</li>\n            <li> 20 hours of portable capabilities</li>\n            <li> Double-ended Coil Cord with 3.5mm Stereo Plugs Included</li>\n            <li> 3/4″ Dome Tweeters: 2X and 4″ Woofer: 1X</li></ul>','<p>Short Hooded Coat features a straight body, large pockets with button flaps, ventilation air holes, and a string detail along the hemline. The style is completed with a drawstring hood, featuring Rains’ signature built-in cap. Made from waterproof, matte PU, this lightweight unisex rain jacket is an ode to nostalgia through its classic silhouette and utilitarian design details.</p>\n                                <p>- Casual unisex fit</p>\n\n                                <p>- 64% polyester, 36% polyurethane</p>\n\n                                <p>- Water column pressure: 4000 mm</p>\n\n                                <p>- Model is 187cm tall and wearing a size S / M</p>\n\n                                <p>- Unisex fit</p>\n\n                                <p>- Drawstring hood with built-in cap</p>\n\n                                <p>- Front placket with snap buttons</p>\n\n                                <p>- Ventilation under armpit</p>\n\n                                <p>- Adjustable cuffs</p>\n\n                                <p>- Double welted front pockets</p>\n\n                                <p>- Adjustable elastic string at hempen</p>\n\n                                <p>- Ultrasonically welded seams</p>\n\n                                <p>This is a unisex item, please check our clothing &amp; footwear sizing guide for specific Rains jacket sizing information. RAINS comes from the rainy nation of Denmark at the edge of the European continent, close to the ocean and with prevailing westerly winds; all factors that contribute to an average of 121 rain days each year. Arising from these rainy weather conditions comes the attitude that a quick rain shower may be beautiful, as well as moody- but first and foremost requires the right outfit. Rains focus on the whole experience of going outside on rainy days, issuing an invitation to explore even in the most mercurial weather.</p>','published','[\"products\\/18.jpg\",\"products\\/18-1.jpg\",\"products\\/18-2.jpg\",\"products\\/18-3.jpg\"]','SW-179-A0',0,12,0,1,0,3,0,0,938,NULL,NULL,NULL,12.00,18.00,10.00,661.00,NULL,189039,'2023-03-01 01:08:18','2023-03-01 01:08:23','in_stock',0,'Botble\\ACL\\Models\\User',NULL,'physical',NULL,NULL,3,0),(19,'NYX Beauty Couton Pallete Makeup 12','<ul><li> Unrestrained and portable active stereo speaker</li>\n            <li> Free from the confines of wires and chords</li>\n            <li> 20 hours of portable capabilities</li>\n            <li> Double-ended Coil Cord with 3.5mm Stereo Plugs Included</li>\n            <li> 3/4″ Dome Tweeters: 2X and 4″ Woofer: 1X</li></ul>','<p>Short Hooded Coat features a straight body, large pockets with button flaps, ventilation air holes, and a string detail along the hemline. The style is completed with a drawstring hood, featuring Rains’ signature built-in cap. Made from waterproof, matte PU, this lightweight unisex rain jacket is an ode to nostalgia through its classic silhouette and utilitarian design details.</p>\n                                <p>- Casual unisex fit</p>\n\n                                <p>- 64% polyester, 36% polyurethane</p>\n\n                                <p>- Water column pressure: 4000 mm</p>\n\n                                <p>- Model is 187cm tall and wearing a size S / M</p>\n\n                                <p>- Unisex fit</p>\n\n                                <p>- Drawstring hood with built-in cap</p>\n\n                                <p>- Front placket with snap buttons</p>\n\n                                <p>- Ventilation under armpit</p>\n\n                                <p>- Adjustable cuffs</p>\n\n                                <p>- Double welted front pockets</p>\n\n                                <p>- Adjustable elastic string at hempen</p>\n\n                                <p>- Ultrasonically welded seams</p>\n\n                                <p>This is a unisex item, please check our clothing &amp; footwear sizing guide for specific Rains jacket sizing information. RAINS comes from the rainy nation of Denmark at the edge of the European continent, close to the ocean and with prevailing westerly winds; all factors that contribute to an average of 121 rain days each year. Arising from these rainy weather conditions comes the attitude that a quick rain shower may be beautiful, as well as moody- but first and foremost requires the right outfit. Rains focus on the whole experience of going outside on rainy days, issuing an invitation to explore even in the most mercurial weather.</p>','published','[\"products\\/19.jpg\",\"products\\/19-1.jpg\",\"products\\/19-2.jpg\",\"products\\/19-3.jpg\"]','SW-139-A0',0,14,0,1,0,4,0,0,1213,NULL,NULL,NULL,17.00,12.00,19.00,573.00,NULL,172873,'2023-03-01 01:08:18','2023-03-01 01:08:23','in_stock',0,'Botble\\ACL\\Models\\User',NULL,'physical',NULL,NULL,3,0),(20,'NYX Beauty Couton Pallete Makeup 12','<ul><li> Unrestrained and portable active stereo speaker</li>\n            <li> Free from the confines of wires and chords</li>\n            <li> 20 hours of portable capabilities</li>\n            <li> Double-ended Coil Cord with 3.5mm Stereo Plugs Included</li>\n            <li> 3/4″ Dome Tweeters: 2X and 4″ Woofer: 1X</li></ul>','<p>Short Hooded Coat features a straight body, large pockets with button flaps, ventilation air holes, and a string detail along the hemline. The style is completed with a drawstring hood, featuring Rains’ signature built-in cap. Made from waterproof, matte PU, this lightweight unisex rain jacket is an ode to nostalgia through its classic silhouette and utilitarian design details.</p>\n                                <p>- Casual unisex fit</p>\n\n                                <p>- 64% polyester, 36% polyurethane</p>\n\n                                <p>- Water column pressure: 4000 mm</p>\n\n                                <p>- Model is 187cm tall and wearing a size S / M</p>\n\n                                <p>- Unisex fit</p>\n\n                                <p>- Drawstring hood with built-in cap</p>\n\n                                <p>- Front placket with snap buttons</p>\n\n                                <p>- Ventilation under armpit</p>\n\n                                <p>- Adjustable cuffs</p>\n\n                                <p>- Double welted front pockets</p>\n\n                                <p>- Adjustable elastic string at hempen</p>\n\n                                <p>- Ultrasonically welded seams</p>\n\n                                <p>This is a unisex item, please check our clothing &amp; footwear sizing guide for specific Rains jacket sizing information. RAINS comes from the rainy nation of Denmark at the edge of the European continent, close to the ocean and with prevailing westerly winds; all factors that contribute to an average of 121 rain days each year. Arising from these rainy weather conditions comes the attitude that a quick rain shower may be beautiful, as well as moody- but first and foremost requires the right outfit. Rains focus on the whole experience of going outside on rainy days, issuing an invitation to explore even in the most mercurial weather.</p>','published','[\"products\\/20.jpg\",\"products\\/20-1.jpg\",\"products\\/20-2.jpg\",\"products\\/20-3.jpg\"]','SW-163-A0',0,13,0,1,0,2,0,0,818,605.32,NULL,NULL,18.00,14.00,15.00,612.00,NULL,113169,'2023-03-01 01:08:18','2023-03-01 01:08:23','in_stock',0,'Botble\\ACL\\Models\\User',NULL,'physical',NULL,NULL,1,0),(21,'MVMTH Classical Leather Watch In Black (Digital)','<ul><li> Unrestrained and portable active stereo speaker</li>\n            <li> Free from the confines of wires and chords</li>\n            <li> 20 hours of portable capabilities</li>\n            <li> Double-ended Coil Cord with 3.5mm Stereo Plugs Included</li>\n            <li> 3/4″ Dome Tweeters: 2X and 4″ Woofer: 1X</li></ul>','<p>Short Hooded Coat features a straight body, large pockets with button flaps, ventilation air holes, and a string detail along the hemline. The style is completed with a drawstring hood, featuring Rains’ signature built-in cap. Made from waterproof, matte PU, this lightweight unisex rain jacket is an ode to nostalgia through its classic silhouette and utilitarian design details.</p>\n                                <p>- Casual unisex fit</p>\n\n                                <p>- 64% polyester, 36% polyurethane</p>\n\n                                <p>- Water column pressure: 4000 mm</p>\n\n                                <p>- Model is 187cm tall and wearing a size S / M</p>\n\n                                <p>- Unisex fit</p>\n\n                                <p>- Drawstring hood with built-in cap</p>\n\n                                <p>- Front placket with snap buttons</p>\n\n                                <p>- Ventilation under armpit</p>\n\n                                <p>- Adjustable cuffs</p>\n\n                                <p>- Double welted front pockets</p>\n\n                                <p>- Adjustable elastic string at hempen</p>\n\n                                <p>- Ultrasonically welded seams</p>\n\n                                <p>This is a unisex item, please check our clothing &amp; footwear sizing guide for specific Rains jacket sizing information. RAINS comes from the rainy nation of Denmark at the edge of the European continent, close to the ocean and with prevailing westerly winds; all factors that contribute to an average of 121 rain days each year. Arising from these rainy weather conditions comes the attitude that a quick rain shower may be beautiful, as well as moody- but first and foremost requires the right outfit. Rains focus on the whole experience of going outside on rainy days, issuing an invitation to explore even in the most mercurial weather.</p>','published','[\"products\\/21.jpg\",\"products\\/21-1.jpg\",\"products\\/21-2.jpg\"]','SW-182-A0',0,11,0,1,0,2,0,0,997,NULL,NULL,NULL,11.00,18.00,12.00,627.00,NULL,159642,'2023-03-01 01:08:18','2023-03-01 01:08:23','in_stock',0,'Botble\\ACL\\Models\\User',NULL,'digital',NULL,NULL,1,0),(22,'Baxter Care Hair Kit For Bearded Mens','<ul><li> Unrestrained and portable active stereo speaker</li>\n            <li> Free from the confines of wires and chords</li>\n            <li> 20 hours of portable capabilities</li>\n            <li> Double-ended Coil Cord with 3.5mm Stereo Plugs Included</li>\n            <li> 3/4″ Dome Tweeters: 2X and 4″ Woofer: 1X</li></ul>','<p>Short Hooded Coat features a straight body, large pockets with button flaps, ventilation air holes, and a string detail along the hemline. The style is completed with a drawstring hood, featuring Rains’ signature built-in cap. Made from waterproof, matte PU, this lightweight unisex rain jacket is an ode to nostalgia through its classic silhouette and utilitarian design details.</p>\n                                <p>- Casual unisex fit</p>\n\n                                <p>- 64% polyester, 36% polyurethane</p>\n\n                                <p>- Water column pressure: 4000 mm</p>\n\n                                <p>- Model is 187cm tall and wearing a size S / M</p>\n\n                                <p>- Unisex fit</p>\n\n                                <p>- Drawstring hood with built-in cap</p>\n\n                                <p>- Front placket with snap buttons</p>\n\n                                <p>- Ventilation under armpit</p>\n\n                                <p>- Adjustable cuffs</p>\n\n                                <p>- Double welted front pockets</p>\n\n                                <p>- Adjustable elastic string at hempen</p>\n\n                                <p>- Ultrasonically welded seams</p>\n\n                                <p>This is a unisex item, please check our clothing &amp; footwear sizing guide for specific Rains jacket sizing information. RAINS comes from the rainy nation of Denmark at the edge of the European continent, close to the ocean and with prevailing westerly winds; all factors that contribute to an average of 121 rain days each year. Arising from these rainy weather conditions comes the attitude that a quick rain shower may be beautiful, as well as moody- but first and foremost requires the right outfit. Rains focus on the whole experience of going outside on rainy days, issuing an invitation to explore even in the most mercurial weather.</p>','published','[\"products\\/22.jpg\",\"products\\/22-1.jpg\",\"products\\/22-2.jpg\",\"products\\/22-3.jpg\"]','SW-139-A0',0,20,0,1,0,7,0,0,635,NULL,NULL,NULL,12.00,11.00,12.00,825.00,NULL,105311,'2023-03-01 01:08:18','2023-03-01 01:08:23','in_stock',0,'Botble\\ACL\\Models\\User',NULL,'physical',NULL,NULL,1,0),(23,'Ciate Palemore Lipstick Bold Red Color','<ul><li> Unrestrained and portable active stereo speaker</li>\n            <li> Free from the confines of wires and chords</li>\n            <li> 20 hours of portable capabilities</li>\n            <li> Double-ended Coil Cord with 3.5mm Stereo Plugs Included</li>\n            <li> 3/4″ Dome Tweeters: 2X and 4″ Woofer: 1X</li></ul>','<p>Short Hooded Coat features a straight body, large pockets with button flaps, ventilation air holes, and a string detail along the hemline. The style is completed with a drawstring hood, featuring Rains’ signature built-in cap. Made from waterproof, matte PU, this lightweight unisex rain jacket is an ode to nostalgia through its classic silhouette and utilitarian design details.</p>\n                                <p>- Casual unisex fit</p>\n\n                                <p>- 64% polyester, 36% polyurethane</p>\n\n                                <p>- Water column pressure: 4000 mm</p>\n\n                                <p>- Model is 187cm tall and wearing a size S / M</p>\n\n                                <p>- Unisex fit</p>\n\n                                <p>- Drawstring hood with built-in cap</p>\n\n                                <p>- Front placket with snap buttons</p>\n\n                                <p>- Ventilation under armpit</p>\n\n                                <p>- Adjustable cuffs</p>\n\n                                <p>- Double welted front pockets</p>\n\n                                <p>- Adjustable elastic string at hempen</p>\n\n                                <p>- Ultrasonically welded seams</p>\n\n                                <p>This is a unisex item, please check our clothing &amp; footwear sizing guide for specific Rains jacket sizing information. RAINS comes from the rainy nation of Denmark at the edge of the European continent, close to the ocean and with prevailing westerly winds; all factors that contribute to an average of 121 rain days each year. Arising from these rainy weather conditions comes the attitude that a quick rain shower may be beautiful, as well as moody- but first and foremost requires the right outfit. Rains focus on the whole experience of going outside on rainy days, issuing an invitation to explore even in the most mercurial weather.</p>','published','[\"products\\/23.jpg\",\"products\\/23-1.jpg\",\"products\\/23-2.jpg\",\"products\\/23-3.jpg\"]','SW-120-A0',0,12,0,1,0,2,0,0,1118,NULL,NULL,NULL,15.00,12.00,17.00,629.00,NULL,146334,'2023-03-01 01:08:18','2023-03-01 01:08:23','in_stock',0,'Botble\\ACL\\Models\\User',NULL,'physical',NULL,NULL,2,0),(24,'Dual Camera 20MP (Digital)',NULL,NULL,'published','[\"products\\/1.jpg\"]','SW-151-A0',0,10,0,1,0,4,1,0,80.25,NULL,NULL,NULL,20.00,11.00,14.00,678.00,NULL,0,'2023-03-01 01:08:18','2023-03-01 01:08:23','in_stock',0,'Botble\\ACL\\Models\\User',NULL,'digital',NULL,NULL,NULL,0),(25,'Dual Camera 20MP (Digital)',NULL,NULL,'published','[\"products\\/1.jpg\"]','SW-151-A0-A1',0,10,0,1,0,4,1,0,80.25,NULL,NULL,NULL,20.00,11.00,14.00,678.00,NULL,0,'2023-03-01 01:08:18','2023-03-01 01:08:23','in_stock',0,'Botble\\ACL\\Models\\User',NULL,'digital',NULL,NULL,NULL,0),(26,'Smart Watches',NULL,NULL,'published','[\"products\\/2.jpg\"]','SW-140-A0',0,13,0,1,0,1,1,0,40.5,NULL,NULL,NULL,14.00,15.00,20.00,789.00,NULL,0,'2023-03-01 01:08:18','2023-03-01 01:08:23','in_stock',0,'Botble\\ACL\\Models\\User',NULL,'physical',NULL,NULL,NULL,0),(27,'Smart Watches',NULL,NULL,'published','[\"products\\/2-1.jpg\"]','SW-140-A0-A1',0,13,0,1,0,1,1,0,40.5,NULL,NULL,NULL,14.00,15.00,20.00,789.00,NULL,0,'2023-03-01 01:08:18','2023-03-01 01:08:23','in_stock',0,'Botble\\ACL\\Models\\User',NULL,'physical',NULL,NULL,NULL,0),(28,'Beat Headphone',NULL,NULL,'published','[\"products\\/3.jpg\"]','SW-118-A0',0,16,0,1,0,7,1,0,20,NULL,NULL,NULL,10.00,10.00,12.00,635.00,NULL,0,'2023-03-01 01:08:18','2023-03-01 01:08:23','in_stock',0,'Botble\\ACL\\Models\\User',NULL,'physical',NULL,NULL,NULL,0),(29,'Beat Headphone',NULL,NULL,'published','[\"products\\/3.jpg\"]','SW-118-A0-A1',0,16,0,1,0,7,1,0,20,NULL,NULL,NULL,10.00,10.00,12.00,635.00,NULL,0,'2023-03-01 01:08:18','2023-03-01 01:08:23','in_stock',0,'Botble\\ACL\\Models\\User',NULL,'physical',NULL,NULL,NULL,0),(30,'Beat Headphone',NULL,NULL,'published','[\"products\\/3.jpg\"]','SW-118-A0-A2',0,16,0,1,0,7,1,0,20,NULL,NULL,NULL,10.00,10.00,12.00,635.00,NULL,0,'2023-03-01 01:08:18','2023-03-01 01:08:23','in_stock',0,'Botble\\ACL\\Models\\User',NULL,'physical',NULL,NULL,NULL,0),(31,'Red &amp; Black Headphone',NULL,NULL,'published','[\"products\\/4.jpg\"]','SW-104-A0',0,14,0,1,0,5,1,0,600,492,NULL,NULL,20.00,10.00,16.00,713.00,NULL,0,'2023-03-01 01:08:18','2023-03-01 01:08:23','in_stock',0,'Botble\\ACL\\Models\\User',NULL,'physical',NULL,NULL,NULL,0),(32,'Smart Watch External (Digital)',NULL,NULL,'published','[\"products\\/5.jpg\"]','SW-162-A0',0,18,0,1,0,3,1,0,857,NULL,NULL,NULL,12.00,19.00,12.00,754.00,NULL,0,'2023-03-01 01:08:18','2023-03-01 01:08:23','in_stock',0,'Botble\\ACL\\Models\\User',NULL,'digital',NULL,NULL,NULL,0),(33,'Smart Watch External (Digital)',NULL,NULL,'published','[\"products\\/5-1.jpg\"]','SW-162-A0-A1',0,18,0,1,0,3,1,0,857,NULL,NULL,NULL,12.00,19.00,12.00,754.00,NULL,0,'2023-03-01 01:08:18','2023-03-01 01:08:23','in_stock',0,'Botble\\ACL\\Models\\User',NULL,'digital',NULL,NULL,NULL,0),(34,'Nikon HD camera',NULL,NULL,'published','[\"products\\/6.jpg\"]','SW-172-A0',0,11,0,1,0,2,1,0,423,NULL,NULL,NULL,15.00,12.00,20.00,698.00,NULL,0,'2023-03-01 01:08:18','2023-03-01 01:08:23','in_stock',0,'Botble\\ACL\\Models\\User',NULL,'physical',NULL,NULL,NULL,0),(35,'Nikon HD camera',NULL,NULL,'published','[\"products\\/6.jpg\"]','SW-172-A0-A1',0,11,0,1,0,2,1,0,423,NULL,NULL,NULL,15.00,12.00,20.00,698.00,NULL,0,'2023-03-01 01:08:18','2023-03-01 01:08:23','in_stock',0,'Botble\\ACL\\Models\\User',NULL,'physical',NULL,NULL,NULL,0),(36,'Nikon HD camera',NULL,NULL,'published','[\"products\\/6.jpg\"]','SW-172-A0-A2',0,11,0,1,0,2,1,0,423,NULL,NULL,NULL,15.00,12.00,20.00,698.00,NULL,0,'2023-03-01 01:08:18','2023-03-01 01:08:23','in_stock',0,'Botble\\ACL\\Models\\User',NULL,'physical',NULL,NULL,NULL,0),(37,'Nikon HD camera',NULL,NULL,'published','[\"products\\/6.jpg\"]','SW-172-A0-A3',0,11,0,1,0,2,1,0,423,NULL,NULL,NULL,15.00,12.00,20.00,698.00,NULL,0,'2023-03-01 01:08:18','2023-03-01 01:08:23','in_stock',0,'Botble\\ACL\\Models\\User',NULL,'physical',NULL,NULL,NULL,0),(38,'Audio Equipment',NULL,NULL,'published','[\"products\\/7.jpg\"]','SW-124-A0',0,13,0,1,0,7,1,0,598,NULL,NULL,NULL,12.00,19.00,19.00,829.00,NULL,0,'2023-03-01 01:08:18','2023-03-01 01:08:23','in_stock',0,'Botble\\ACL\\Models\\User',NULL,'physical',NULL,NULL,NULL,0),(39,'Audio Equipment',NULL,NULL,'published','[\"products\\/7.jpg\"]','SW-124-A0-A1',0,13,0,1,0,7,1,0,598,NULL,NULL,NULL,12.00,19.00,19.00,829.00,NULL,0,'2023-03-01 01:08:18','2023-03-01 01:08:23','in_stock',0,'Botble\\ACL\\Models\\User',NULL,'physical',NULL,NULL,NULL,0),(40,'Audio Equipment',NULL,NULL,'published','[\"products\\/7.jpg\"]','SW-124-A0-A2',0,13,0,1,0,7,1,0,598,NULL,NULL,NULL,12.00,19.00,19.00,829.00,NULL,0,'2023-03-01 01:08:18','2023-03-01 01:08:23','in_stock',0,'Botble\\ACL\\Models\\User',NULL,'physical',NULL,NULL,NULL,0),(41,'Smart Televisions',NULL,NULL,'published','[\"products\\/8.jpg\"]','SW-146-A0',0,19,0,1,0,4,1,0,1115,925.45,NULL,NULL,14.00,10.00,10.00,650.00,NULL,0,'2023-03-01 01:08:18','2023-03-01 01:08:23','in_stock',0,'Botble\\ACL\\Models\\User',NULL,'physical',NULL,NULL,NULL,0),(42,'Samsung Smart Phone (Digital)',NULL,NULL,'published','[\"products\\/9.jpg\"]','SW-140-A0',0,18,0,1,0,4,1,0,517,NULL,NULL,NULL,20.00,14.00,16.00,540.00,NULL,0,'2023-03-01 01:08:18','2023-03-01 01:08:23','in_stock',0,'Botble\\ACL\\Models\\User',NULL,'digital',NULL,NULL,NULL,0),(43,'Samsung Smart Phone (Digital)',NULL,NULL,'published','[\"products\\/9-1.jpg\"]','SW-140-A0-A1',0,18,0,1,0,4,1,0,517,NULL,NULL,NULL,20.00,14.00,16.00,540.00,NULL,0,'2023-03-01 01:08:18','2023-03-01 01:08:23','in_stock',0,'Botble\\ACL\\Models\\User',NULL,'digital',NULL,NULL,NULL,0),(44,'Herschel Leather Duffle Bag In Brown Color',NULL,NULL,'published','[\"products\\/10.jpg\"]','SW-195-A0',0,12,0,1,0,4,1,0,1206,NULL,NULL,NULL,15.00,16.00,15.00,810.00,NULL,0,'2023-03-01 01:08:18','2023-03-01 01:08:23','in_stock',0,'Botble\\ACL\\Models\\User',NULL,'physical',NULL,NULL,NULL,0),(45,'Herschel Leather Duffle Bag In Brown Color',NULL,NULL,'published','[\"products\\/10-1.jpg\"]','SW-195-A0-A1',0,12,0,1,0,4,1,0,1206,NULL,NULL,NULL,15.00,16.00,15.00,810.00,NULL,0,'2023-03-01 01:08:18','2023-03-01 01:08:23','in_stock',0,'Botble\\ACL\\Models\\User',NULL,'physical',NULL,NULL,NULL,0),(46,'Herschel Leather Duffle Bag In Brown Color',NULL,NULL,'published','[\"products\\/10-2.jpg\"]','SW-195-A0-A2',0,12,0,1,0,4,1,0,1206,NULL,NULL,NULL,15.00,16.00,15.00,810.00,NULL,0,'2023-03-01 01:08:18','2023-03-01 01:08:23','in_stock',0,'Botble\\ACL\\Models\\User',NULL,'physical',NULL,NULL,NULL,0),(47,'Xbox One Wireless Controller Black Color',NULL,NULL,'published','[\"products\\/11.jpg\"]','SW-184-A0',0,18,0,1,0,3,1,0,1165,NULL,NULL,NULL,12.00,15.00,19.00,785.00,NULL,0,'2023-03-01 01:08:18','2023-03-01 01:08:23','in_stock',0,'Botble\\ACL\\Models\\User',NULL,'physical',NULL,NULL,NULL,0),(48,'EPSION Plaster Printer',NULL,NULL,'published','[\"products\\/12.jpg\"]','SW-172-A0',0,10,0,1,0,5,1,0,557,423.32,NULL,NULL,19.00,12.00,14.00,703.00,NULL,0,'2023-03-01 01:08:18','2023-03-01 01:08:23','in_stock',0,'Botble\\ACL\\Models\\User',NULL,'physical',NULL,NULL,NULL,0),(49,'EPSION Plaster Printer',NULL,NULL,'published','[\"products\\/12-1.jpg\"]','SW-172-A0-A1',0,10,0,1,0,5,1,0,557,445.6,NULL,NULL,19.00,12.00,14.00,703.00,NULL,0,'2023-03-01 01:08:18','2023-03-01 01:08:23','in_stock',0,'Botble\\ACL\\Models\\User',NULL,'physical',NULL,NULL,NULL,0),(50,'EPSION Plaster Printer',NULL,NULL,'published','[\"products\\/12-2.jpg\"]','SW-172-A0-A2',0,10,0,1,0,5,1,0,557,484.59,NULL,NULL,19.00,12.00,14.00,703.00,NULL,0,'2023-03-01 01:08:18','2023-03-01 01:08:23','in_stock',0,'Botble\\ACL\\Models\\User',NULL,'physical',NULL,NULL,NULL,0),(51,'Sound Intone I65 Earphone White Version (Digital)',NULL,NULL,'published','[\"products\\/13.jpg\"]','SW-122-A0',0,20,0,1,0,3,1,0,508,NULL,NULL,NULL,10.00,12.00,13.00,693.00,NULL,0,'2023-03-01 01:08:18','2023-03-01 01:08:23','in_stock',0,'Botble\\ACL\\Models\\User',NULL,'digital',NULL,NULL,NULL,0),(52,'B&amp;O Play Mini Bluetooth Speaker',NULL,NULL,'published','[\"products\\/14.jpg\"]','SW-150-A0',0,14,0,1,0,5,1,0,537,NULL,NULL,NULL,18.00,16.00,20.00,727.00,NULL,0,'2023-03-01 01:08:18','2023-03-01 01:08:23','in_stock',0,'Botble\\ACL\\Models\\User',NULL,'physical',NULL,NULL,NULL,0),(53,'B&amp;O Play Mini Bluetooth Speaker',NULL,NULL,'published','[\"products\\/14.jpg\"]','SW-150-A0-A1',0,14,0,1,0,5,1,0,537,NULL,NULL,NULL,18.00,16.00,20.00,727.00,NULL,0,'2023-03-01 01:08:18','2023-03-01 01:08:23','in_stock',0,'Botble\\ACL\\Models\\User',NULL,'physical',NULL,NULL,NULL,0),(54,'Apple MacBook Air Retina 13.3-Inch Laptop',NULL,NULL,'published','[\"products\\/15.jpg\"]','SW-156-A0',0,15,0,1,0,7,1,0,590,NULL,NULL,NULL,17.00,13.00,16.00,520.00,NULL,0,'2023-03-01 01:08:18','2023-03-01 01:08:23','in_stock',0,'Botble\\ACL\\Models\\User',NULL,'physical',NULL,NULL,NULL,0),(55,'Apple MacBook Air Retina 12-Inch Laptop',NULL,NULL,'published','[\"products\\/16.jpg\"]','SW-115-A0',0,12,0,1,0,1,1,0,538,473.44,NULL,NULL,10.00,17.00,19.00,680.00,NULL,0,'2023-03-01 01:08:18','2023-03-01 01:08:23','in_stock',0,'Botble\\ACL\\Models\\User',NULL,'physical',NULL,NULL,NULL,0),(56,'Apple MacBook Air Retina 12-Inch Laptop',NULL,NULL,'published','[\"products\\/16.jpg\"]','SW-115-A0-A1',0,12,0,1,0,1,1,0,538,462.68,NULL,NULL,10.00,17.00,19.00,680.00,NULL,0,'2023-03-01 01:08:18','2023-03-01 01:08:23','in_stock',0,'Botble\\ACL\\Models\\User',NULL,'physical',NULL,NULL,NULL,0),(57,'Apple MacBook Air Retina 12-Inch Laptop',NULL,NULL,'published','[\"products\\/16.jpg\"]','SW-115-A0-A2',0,12,0,1,0,1,1,0,538,408.88,NULL,NULL,10.00,17.00,19.00,680.00,NULL,0,'2023-03-01 01:08:18','2023-03-01 01:08:23','in_stock',0,'Botble\\ACL\\Models\\User',NULL,'physical',NULL,NULL,NULL,0),(58,'Samsung Gear VR Virtual Reality Headset (Digital)',NULL,NULL,'published','[\"products\\/17.jpg\"]','SW-190-A0',0,14,0,1,0,7,1,0,556,NULL,NULL,NULL,12.00,17.00,14.00,523.00,NULL,0,'2023-03-01 01:08:18','2023-03-01 01:08:23','in_stock',0,'Botble\\ACL\\Models\\User',NULL,'digital',NULL,NULL,NULL,0),(59,'Aveeno Moisturizing Body Shower 450ml',NULL,NULL,'published','[\"products\\/18.jpg\"]','SW-179-A0',0,12,0,1,0,3,1,0,938,NULL,NULL,NULL,12.00,18.00,10.00,661.00,NULL,0,'2023-03-01 01:08:18','2023-03-01 01:08:23','in_stock',0,'Botble\\ACL\\Models\\User',NULL,'physical',NULL,NULL,NULL,0),(60,'Aveeno Moisturizing Body Shower 450ml',NULL,NULL,'published','[\"products\\/18-1.jpg\"]','SW-179-A0-A1',0,12,0,1,0,3,1,0,938,NULL,NULL,NULL,12.00,18.00,10.00,661.00,NULL,0,'2023-03-01 01:08:18','2023-03-01 01:08:23','in_stock',0,'Botble\\ACL\\Models\\User',NULL,'physical',NULL,NULL,NULL,0),(61,'Aveeno Moisturizing Body Shower 450ml',NULL,NULL,'published','[\"products\\/18-2.jpg\"]','SW-179-A0-A2',0,12,0,1,0,3,1,0,938,NULL,NULL,NULL,12.00,18.00,10.00,661.00,NULL,0,'2023-03-01 01:08:18','2023-03-01 01:08:23','in_stock',0,'Botble\\ACL\\Models\\User',NULL,'physical',NULL,NULL,NULL,0),(62,'Aveeno Moisturizing Body Shower 450ml',NULL,NULL,'published','[\"products\\/18-3.jpg\"]','SW-179-A0-A3',0,12,0,1,0,3,1,0,938,NULL,NULL,NULL,12.00,18.00,10.00,661.00,NULL,0,'2023-03-01 01:08:18','2023-03-01 01:08:23','in_stock',0,'Botble\\ACL\\Models\\User',NULL,'physical',NULL,NULL,NULL,0),(63,'NYX Beauty Couton Pallete Makeup 12',NULL,NULL,'published','[\"products\\/19.jpg\"]','SW-139-A0',0,14,0,1,0,4,1,0,1213,NULL,NULL,NULL,17.00,12.00,19.00,573.00,NULL,0,'2023-03-01 01:08:18','2023-03-01 01:08:23','in_stock',0,'Botble\\ACL\\Models\\User',NULL,'physical',NULL,NULL,NULL,0),(64,'NYX Beauty Couton Pallete Makeup 12',NULL,NULL,'published','[\"products\\/19-1.jpg\"]','SW-139-A0-A1',0,14,0,1,0,4,1,0,1213,NULL,NULL,NULL,17.00,12.00,19.00,573.00,NULL,0,'2023-03-01 01:08:18','2023-03-01 01:08:23','in_stock',0,'Botble\\ACL\\Models\\User',NULL,'physical',NULL,NULL,NULL,0),(65,'NYX Beauty Couton Pallete Makeup 12',NULL,NULL,'published','[\"products\\/20.jpg\"]','SW-163-A0',0,13,0,1,0,2,1,0,818,605.32,NULL,NULL,18.00,14.00,15.00,612.00,NULL,0,'2023-03-01 01:08:18','2023-03-01 01:08:23','in_stock',0,'Botble\\ACL\\Models\\User',NULL,'physical',NULL,NULL,NULL,0),(66,'NYX Beauty Couton Pallete Makeup 12',NULL,NULL,'published','[\"products\\/20-1.jpg\"]','SW-163-A0-A1',0,13,0,1,0,2,1,0,818,678.94,NULL,NULL,18.00,14.00,15.00,612.00,NULL,0,'2023-03-01 01:08:18','2023-03-01 01:08:23','in_stock',0,'Botble\\ACL\\Models\\User',NULL,'physical',NULL,NULL,NULL,0),(67,'MVMTH Classical Leather Watch In Black (Digital)',NULL,NULL,'published','[\"products\\/21.jpg\"]','SW-182-A0',0,11,0,1,0,2,1,0,997,NULL,NULL,NULL,11.00,18.00,12.00,627.00,NULL,0,'2023-03-01 01:08:18','2023-03-01 01:08:23','in_stock',0,'Botble\\ACL\\Models\\User',NULL,'digital',NULL,NULL,NULL,0),(68,'Baxter Care Hair Kit For Bearded Mens',NULL,NULL,'published','[\"products\\/22.jpg\"]','SW-139-A0',0,20,0,1,0,7,1,0,635,NULL,NULL,NULL,12.00,11.00,12.00,825.00,NULL,0,'2023-03-01 01:08:18','2023-03-01 01:08:23','in_stock',0,'Botble\\ACL\\Models\\User',NULL,'physical',NULL,NULL,NULL,0),(69,'Baxter Care Hair Kit For Bearded Mens',NULL,NULL,'published','[\"products\\/22-1.jpg\"]','SW-139-A0-A1',0,20,0,1,0,7,1,0,635,NULL,NULL,NULL,12.00,11.00,12.00,825.00,NULL,0,'2023-03-01 01:08:18','2023-03-01 01:08:23','in_stock',0,'Botble\\ACL\\Models\\User',NULL,'physical',NULL,NULL,NULL,0),(70,'Baxter Care Hair Kit For Bearded Mens',NULL,NULL,'published','[\"products\\/22-2.jpg\"]','SW-139-A0-A2',0,20,0,1,0,7,1,0,635,NULL,NULL,NULL,12.00,11.00,12.00,825.00,NULL,0,'2023-03-01 01:08:18','2023-03-01 01:08:23','in_stock',0,'Botble\\ACL\\Models\\User',NULL,'physical',NULL,NULL,NULL,0),(71,'Ciate Palemore Lipstick Bold Red Color',NULL,NULL,'published','[\"products\\/23.jpg\"]','SW-120-A0',0,12,0,1,0,2,1,0,1118,NULL,NULL,NULL,15.00,12.00,17.00,629.00,NULL,0,'2023-03-01 01:08:18','2023-03-01 01:08:23','in_stock',0,'Botble\\ACL\\Models\\User',NULL,'physical',NULL,NULL,NULL,0),(72,'Ciate Palemore Lipstick Bold Red Color',NULL,NULL,'published','[\"products\\/23-1.jpg\"]','SW-120-A0-A1',0,12,0,1,0,2,1,0,1118,NULL,NULL,NULL,15.00,12.00,17.00,629.00,NULL,0,'2023-03-01 01:08:18','2023-03-01 01:08:23','in_stock',0,'Botble\\ACL\\Models\\User',NULL,'physical',NULL,NULL,NULL,0),(73,'Ciate Palemore Lipstick Bold Red Color',NULL,NULL,'published','[\"products\\/23-2.jpg\"]','SW-120-A0-A2',0,12,0,1,0,2,1,0,1118,NULL,NULL,NULL,15.00,12.00,17.00,629.00,NULL,0,'2023-03-01 01:08:18','2023-03-01 01:08:23','in_stock',0,'Botble\\ACL\\Models\\User',NULL,'physical',NULL,NULL,NULL,0),(74,'Ciate Palemore Lipstick Bold Red Color',NULL,NULL,'published','[\"products\\/23-3.jpg\"]','SW-120-A0-A3',0,12,0,1,0,2,1,0,1118,NULL,NULL,NULL,15.00,12.00,17.00,629.00,NULL,0,'2023-03-01 01:08:18','2023-03-01 01:08:23','in_stock',0,'Botble\\ACL\\Models\\User',NULL,'physical',NULL,NULL,NULL,0);
/*!40000 ALTER TABLE `ec_products` ENABLE KEYS */;
UNLOCK TABLES;

--
-- Table structure for table `ec_products_translations`
--

DROP TABLE IF EXISTS `ec_products_translations`;
/*!40101 SET @saved_cs_client     = @@character_set_client */;
/*!50503 SET character_set_client = utf8mb4 */;
CREATE TABLE `ec_products_translations` (
  `lang_code` varchar(191) COLLATE utf8mb4_unicode_ci NOT NULL,
  `ec_products_id` bigint unsigned NOT NULL,
  `name` varchar(191) COLLATE utf8mb4_unicode_ci DEFAULT NULL,
  `description` text COLLATE utf8mb4_unicode_ci,
  `content` text COLLATE utf8mb4_unicode_ci,
  PRIMARY KEY (`lang_code`,`ec_products_id`)
) ENGINE=InnoDB DEFAULT CHARSET=utf8mb4 COLLATE=utf8mb4_unicode_ci;
/*!40101 SET character_set_client = @saved_cs_client */;

--
-- Dumping data for table `ec_products_translations`
--

LOCK TABLES `ec_products_translations` WRITE;
/*!40000 ALTER TABLE `ec_products_translations` DISABLE KEYS */;
INSERT INTO `ec_products_translations` VALUES ('vi',1,'Dual Camera 20MP',NULL,NULL),('vi',2,'Smart Watches',NULL,NULL),('vi',3,'Beat Headphone',NULL,NULL),('vi',4,'Red & Black Headphone',NULL,NULL),('vi',5,'Smart Watch External',NULL,NULL),('vi',6,'Nikon HD camera',NULL,NULL),('vi',7,'Audio Equipment',NULL,NULL),('vi',8,'Smart Televisions',NULL,NULL),('vi',9,'Samsung Smart Phone',NULL,NULL),('vi',10,'Herschel Leather Duffle Bag In Brown Color',NULL,NULL),('vi',11,'Xbox One Wireless Controller Black Color',NULL,NULL),('vi',12,'EPSION Plaster Printer',NULL,NULL),('vi',13,'Sound Intone I65 Earphone White Version',NULL,NULL),('vi',14,'B&O Play Mini Bluetooth Speaker',NULL,NULL),('vi',15,'Apple MacBook Air Retina 13.3-Inch Laptop',NULL,NULL),('vi',16,'Apple MacBook Air Retina 12-Inch Laptop',NULL,NULL),('vi',17,'Samsung Gear VR Virtual Reality Headset',NULL,NULL),('vi',18,'Aveeno Moisturizing Body Shower 450ml',NULL,NULL),('vi',19,'NYX Beauty Couton Pallete Makeup 12',NULL,NULL),('vi',20,'NYX Beauty Couton Pallete Makeup 12',NULL,NULL),('vi',21,'MVMTH Classical Leather Watch In Black',NULL,NULL),('vi',22,'Baxter Care Hair Kit For Bearded Mens',NULL,NULL),('vi',23,'Ciate Palemore Lipstick Bold Red Color',NULL,NULL),('vi',24,'Dual Camera 20MP',NULL,NULL),('vi',25,'Dual Camera 20MP',NULL,NULL),('vi',26,'Smart Watches',NULL,NULL),('vi',27,'Smart Watches',NULL,NULL),('vi',28,'Beat Headphone',NULL,NULL),('vi',29,'Beat Headphone',NULL,NULL),('vi',30,'Beat Headphone',NULL,NULL),('vi',31,'Red & Black Headphone',NULL,NULL),('vi',32,'Smart Watch External',NULL,NULL),('vi',33,'Smart Watch External',NULL,NULL),('vi',34,'Nikon HD camera',NULL,NULL),('vi',35,'Nikon HD camera',NULL,NULL),('vi',36,'Nikon HD camera',NULL,NULL),('vi',37,'Nikon HD camera',NULL,NULL),('vi',38,'Audio Equipment',NULL,NULL),('vi',39,'Audio Equipment',NULL,NULL),('vi',40,'Audio Equipment',NULL,NULL),('vi',41,'Smart Televisions',NULL,NULL),('vi',42,'Samsung Smart Phone',NULL,NULL),('vi',43,'Samsung Smart Phone',NULL,NULL),('vi',44,'Herschel Leather Duffle Bag In Brown Color',NULL,NULL),('vi',45,'Herschel Leather Duffle Bag In Brown Color',NULL,NULL),('vi',46,'Herschel Leather Duffle Bag In Brown Color',NULL,NULL),('vi',47,'Xbox One Wireless Controller Black Color',NULL,NULL),('vi',48,'EPSION Plaster Printer',NULL,NULL),('vi',49,'EPSION Plaster Printer',NULL,NULL),('vi',50,'EPSION Plaster Printer',NULL,NULL),('vi',51,'Sound Intone I65 Earphone White Version',NULL,NULL),('vi',52,'B&O Play Mini Bluetooth Speaker',NULL,NULL),('vi',53,'B&O Play Mini Bluetooth Speaker',NULL,NULL),('vi',54,'Apple MacBook Air Retina 13.3-Inch Laptop',NULL,NULL),('vi',55,'Apple MacBook Air Retina 12-Inch Laptop',NULL,NULL),('vi',56,'Apple MacBook Air Retina 12-Inch Laptop',NULL,NULL),('vi',57,'Apple MacBook Air Retina 12-Inch Laptop',NULL,NULL),('vi',58,'Samsung Gear VR Virtual Reality Headset',NULL,NULL),('vi',59,'Aveeno Moisturizing Body Shower 450ml',NULL,NULL),('vi',60,'Aveeno Moisturizing Body Shower 450ml',NULL,NULL),('vi',61,'Aveeno Moisturizing Body Shower 450ml',NULL,NULL),('vi',62,'Aveeno Moisturizing Body Shower 450ml',NULL,NULL),('vi',63,'NYX Beauty Couton Pallete Makeup 12',NULL,NULL),('vi',64,'NYX Beauty Couton Pallete Makeup 12',NULL,NULL),('vi',65,'NYX Beauty Couton Pallete Makeup 12',NULL,NULL),('vi',66,'NYX Beauty Couton Pallete Makeup 12',NULL,NULL),('vi',67,'MVMTH Classical Leather Watch In Black',NULL,NULL),('vi',68,'Baxter Care Hair Kit For Bearded Mens',NULL,NULL),('vi',69,'Baxter Care Hair Kit For Bearded Mens',NULL,NULL),('vi',70,'Baxter Care Hair Kit For Bearded Mens',NULL,NULL),('vi',71,'Ciate Palemore Lipstick Bold Red Color',NULL,NULL),('vi',72,'Ciate Palemore Lipstick Bold Red Color',NULL,NULL),('vi',73,'Ciate Palemore Lipstick Bold Red Color',NULL,NULL),('vi',74,'Ciate Palemore Lipstick Bold Red Color',NULL,NULL);
/*!40000 ALTER TABLE `ec_products_translations` ENABLE KEYS */;
UNLOCK TABLES;

--
-- Table structure for table `ec_reviews`
--

DROP TABLE IF EXISTS `ec_reviews`;
/*!40101 SET @saved_cs_client     = @@character_set_client */;
/*!50503 SET character_set_client = utf8mb4 */;
CREATE TABLE `ec_reviews` (
  `id` bigint unsigned NOT NULL AUTO_INCREMENT,
  `customer_id` bigint unsigned NOT NULL,
  `product_id` bigint unsigned NOT NULL,
  `star` double(8,2) NOT NULL,
  `comment` text CHARACTER SET utf8mb4 COLLATE utf8mb4_unicode_ci NOT NULL,
  `status` varchar(60) COLLATE utf8mb4_unicode_ci NOT NULL DEFAULT 'published',
  `created_at` timestamp NULL DEFAULT NULL,
  `updated_at` timestamp NULL DEFAULT NULL,
  `images` text COLLATE utf8mb4_unicode_ci,
  PRIMARY KEY (`id`),
  UNIQUE KEY `ec_reviews_product_id_customer_id_unique` (`product_id`,`customer_id`),
  KEY `ec_reviews_product_id_customer_id_status_created_at_index` (`product_id`,`customer_id`,`status`,`created_at`),
  KEY `ec_reviews_product_id_customer_id_status_index` (`product_id`,`customer_id`,`status`)
) ENGINE=InnoDB AUTO_INCREMENT=101 DEFAULT CHARSET=utf8mb4 COLLATE=utf8mb4_unicode_ci;
/*!40101 SET character_set_client = @saved_cs_client */;

--
-- Dumping data for table `ec_reviews`
--

LOCK TABLES `ec_reviews` WRITE;
/*!40000 ALTER TABLE `ec_reviews` DISABLE KEYS */;
INSERT INTO `ec_reviews` VALUES (1,3,5,2.00,'The best store template! Excellent coding! Very good support! Thank you so much for all the help, I really appreciated.','published','2023-03-01 01:08:19','2023-03-01 01:08:19','[\"products\\/3.jpg\",\"products\\/5.jpg\"]'),(2,3,18,4.00,'Great system, great support, good job Botble. I\'m looking forward to more great functional plugins.','published','2023-03-01 01:08:19','2023-03-01 01:08:19','[\"products\\/2.jpg\",\"products\\/6.jpg\"]'),(3,1,6,4.00,'Cool template. Excellent code quality. The support responds very quickly, which is very rare on themeforest and codecanyon.net, I buy a lot of templates, and everyone will have a response from technical support for two or three days. Thanks to tech support. I recommend to buy.','published','2023-03-01 01:08:19','2023-03-01 01:08:19','{\"0\":\"products\\/4.jpg\",\"2\":\"products\\/13.jpg\"}'),(4,7,5,1.00,'The script is the best of its class, fast, easy to implement and work with , and the most important thing is the great support team , Recommend with no doubt.','published','2023-03-01 01:08:19','2023-03-01 01:08:19','{\"0\":\"products\\/1.jpg\",\"2\":\"products\\/22.jpg\"}'),(5,3,20,3.00,'For me the best eCommerce script on Envato at this moment: modern, clean code, a lot of great features. The customer support is great too: I always get an answer within hours!','published','2023-03-01 01:08:19','2023-03-01 01:08:19','{\"0\":\"products\\/3.jpg\",\"2\":\"products\\/12.jpg\"}'),(6,4,16,5.00,'Amazing code, amazing support. Overall, im really confident in Botble and im happy I made the right choice! Thank you so much guys for coding this masterpiece','published','2023-03-01 01:08:19','2023-03-01 01:08:19','[\"products\\/3.jpg\"]'),(7,7,13,3.00,'Best ecommerce CMS online store!','published','2023-03-01 01:08:19','2023-03-01 01:08:19','[\"products\\/1.jpg\",\"products\\/5.jpg\"]'),(8,5,7,5.00,'Cool template. Excellent code quality. The support responds very quickly, which is very rare on themeforest and codecanyon.net, I buy a lot of templates, and everyone will have a response from technical support for two or three days. Thanks to tech support. I recommend to buy.','published','2023-03-01 01:08:19','2023-03-01 01:08:19','[\"products\\/4.jpg\",\"products\\/7.jpg\"]'),(9,2,21,5.00,'Good app, good backup service and support. Good documentation.','published','2023-03-01 01:08:19','2023-03-01 01:08:19','[\"products\\/1.jpg\",\"products\\/6.jpg\"]'),(10,9,19,3.00,'Perfect +++++++++ i love it really also i get to fast ticket answers... Thanks Lot BOTBLE Teams','published','2023-03-01 01:08:19','2023-03-01 01:08:19','[\"products\\/4.jpg\",\"products\\/7.jpg\"]'),(11,7,18,5.00,'I Love this Script. I also found how to add other fees. Now I just wait the BIG update for the Marketplace with the Bulk Import. Just do not forget to make it to be Multi-language for us the Botble Fans.','published','2023-03-01 01:08:19','2023-03-01 01:08:19','{\"0\":\"products\\/3.jpg\",\"2\":\"products\\/19.jpg\"}'),(12,2,7,2.00,'I Love this Script. I also found how to add other fees. Now I just wait the BIG update for the Marketplace with the Bulk Import. Just do not forget to make it to be Multi-language for us the Botble Fans.','published','2023-03-01 01:08:19','2023-03-01 01:08:19','{\"0\":\"products\\/1.jpg\",\"2\":\"products\\/21.jpg\"}'),(13,4,1,2.00,'Great E-commerce system. And much more : Wonderful Customer Support.','published','2023-03-01 01:08:19','2023-03-01 01:08:19','[\"products\\/1.jpg\",\"products\\/7.jpg\",\"products\\/9.jpg\"]'),(14,8,10,2.00,'The best store template! Excellent coding! Very good support! Thank you so much for all the help, I really appreciated.','published','2023-03-01 01:08:19','2023-03-01 01:08:19','[\"products\\/2.jpg\"]'),(15,1,18,5.00,'For me the best eCommerce script on Envato at this moment: modern, clean code, a lot of great features. The customer support is great too: I always get an answer within hours!','published','2023-03-01 01:08:19','2023-03-01 01:08:19','[\"products\\/3.jpg\",\"products\\/6.jpg\",\"products\\/15.jpg\"]'),(16,8,5,4.00,'Those guys now what they are doing, the release such a good product that it\'s a pleasure to work with ! Even when I was stuck on the project, I created a ticket and the next day it was replied by the team. GOOD JOB guys. I love working with them :)','published','2023-03-01 01:08:19','2023-03-01 01:08:19','[\"products\\/4.jpg\",\"products\\/6.jpg\"]'),(17,5,6,3.00,'This script is well coded and is super fast. The support is pretty quick. Very patient and helpful team. I strongly recommend it and they deserve more than 5 stars.','published','2023-03-01 01:08:19','2023-03-01 01:08:19','[\"products\\/3.jpg\",\"products\\/5.jpg\",\"products\\/11.jpg\"]'),(18,8,21,4.00,'It\'s not my first experience here on Codecanyon and I can honestly tell you all that Botble puts a LOT of effort into the support. They answer so fast, they helped me tons of times. REALLY by far THE BEST EXPERIENCE on Codecanyon. Those guys at Botble are so good that they deserve 5 stars. I recommend them, I trust them and I can\'t wait to see what they will sell in a near future. Thank you Botble :)','published','2023-03-01 01:08:19','2023-03-01 01:08:19','{\"0\":\"products\\/1.jpg\",\"2\":\"products\\/10.jpg\"}'),(19,7,1,1.00,'I Love this Script. I also found how to add other fees. Now I just wait the BIG update for the Marketplace with the Bulk Import. Just do not forget to make it to be Multi-language for us the Botble Fans.','published','2023-03-01 01:08:19','2023-03-01 01:08:19','[\"products\\/4.jpg\",\"products\\/6.jpg\",\"products\\/22.jpg\"]'),(20,3,19,5.00,'The best store template! Excellent coding! Very good support! Thank you so much for all the help, I really appreciated.','published','2023-03-01 01:08:19','2023-03-01 01:08:19','[\"products\\/3.jpg\",\"products\\/6.jpg\",\"products\\/14.jpg\"]'),(21,6,21,5.00,'This web app is really good in design, code quality & features. Besides, the customer support provided by the Botble team was really fast & helpful. You guys are awesome!','published','2023-03-01 01:08:19','2023-03-01 01:08:19','{\"0\":\"products\\/1.jpg\",\"2\":\"products\\/14.jpg\"}'),(22,10,2,2.00,'Solution is too robust for our purpose so we didn\'t use it at the end. But I appreciate customer support during initial configuration.','published','2023-03-01 01:08:19','2023-03-01 01:08:19','[\"products\\/2.jpg\",\"products\\/6.jpg\"]'),(23,1,16,1.00,'The script is the best of its class, fast, easy to implement and work with , and the most important thing is the great support team , Recommend with no doubt.','published','2023-03-01 01:08:19','2023-03-01 01:08:19','[\"products\\/3.jpg\"]'),(24,7,7,3.00,'The best ecommerce CMS! Excellent coding! best support service! Thank you so much..... I really like your hard work.','published','2023-03-01 01:08:19','2023-03-01 01:08:19','[\"products\\/2.jpg\",\"products\\/7.jpg\"]'),(25,1,4,1.00,'These guys are amazing! Responses immediately, amazing support and help... I immediately feel at ease after Purchasing..','published','2023-03-01 01:08:19','2023-03-01 01:08:19','{\"0\":\"products\\/3.jpg\",\"2\":\"products\\/12.jpg\"}'),(26,5,12,3.00,'Clean & perfect source code','published','2023-03-01 01:08:19','2023-03-01 01:08:19','[\"products\\/2.jpg\",\"products\\/5.jpg\"]'),(27,1,20,3.00,'These guys are amazing! Responses immediately, amazing support and help... I immediately feel at ease after Purchasing..','published','2023-03-01 01:08:19','2023-03-01 01:08:19','[\"products\\/2.jpg\",\"products\\/5.jpg\"]'),(28,2,11,2.00,'Perfect +++++++++ i love it really also i get to fast ticket answers... Thanks Lot BOTBLE Teams','published','2023-03-01 01:08:19','2023-03-01 01:08:19','[\"products\\/3.jpg\"]'),(29,10,3,3.00,'Clean & perfect source code','published','2023-03-01 01:08:19','2023-03-01 01:08:19','[\"products\\/4.jpg\",\"products\\/7.jpg\"]'),(30,5,13,5.00,'We have received brilliant service support and will be expanding the features with the developer. Nice product!','published','2023-03-01 01:08:19','2023-03-01 01:08:19','[\"products\\/3.jpg\",\"products\\/5.jpg\",\"products\\/12.jpg\"]'),(31,8,1,3.00,'Good app, good backup service and support. Good documentation.','published','2023-03-01 01:08:19','2023-03-01 01:08:19','[\"products\\/4.jpg\",\"products\\/6.jpg\"]'),(32,6,8,3.00,'The script is the best of its class, fast, easy to implement and work with , and the most important thing is the great support team , Recommend with no doubt.','published','2023-03-01 01:08:19','2023-03-01 01:08:19','{\"0\":\"products\\/2.jpg\",\"2\":\"products\\/9.jpg\"}'),(33,9,21,3.00,'Clean & perfect source code','published','2023-03-01 01:08:19','2023-03-01 01:08:19','[\"products\\/4.jpg\"]'),(34,2,6,2.00,'Ok good product. I have some issues in customizations. But its not correct to blame the developer. The product is good. Good luck for your business.','published','2023-03-01 01:08:19','2023-03-01 01:08:19','[\"products\\/3.jpg\"]'),(35,3,7,3.00,'Great E-commerce system. And much more : Wonderful Customer Support.','published','2023-03-01 01:08:19','2023-03-01 01:08:19','[\"products\\/1.jpg\"]'),(37,2,19,1.00,'Ok good product. I have some issues in customizations. But its not correct to blame the developer. The product is good. Good luck for your business.','published','2023-03-01 01:08:19','2023-03-01 01:08:19','[\"products\\/3.jpg\",\"products\\/6.jpg\"]'),(38,2,12,4.00,'Ok good product. I have some issues in customizations. But its not correct to blame the developer. The product is good. Good luck for your business.','published','2023-03-01 01:08:19','2023-03-01 01:08:19','[\"products\\/4.jpg\",\"products\\/6.jpg\"]'),(39,2,2,4.00,'This web app is really good in design, code quality & features. Besides, the customer support provided by the Botble team was really fast & helpful. You guys are awesome!','published','2023-03-01 01:08:19','2023-03-01 01:08:19','[\"products\\/3.jpg\",\"products\\/6.jpg\",\"products\\/14.jpg\"]'),(40,4,6,5.00,'We have received brilliant service support and will be expanding the features with the developer. Nice product!','published','2023-03-01 01:08:19','2023-03-01 01:08:19','{\"0\":\"products\\/4.jpg\",\"2\":\"products\\/19.jpg\"}'),(41,8,11,5.00,'The script is the best of its class, fast, easy to implement and work with , and the most important thing is the great support team , Recommend with no doubt.','published','2023-03-01 01:08:19','2023-03-01 01:08:19','[\"products\\/4.jpg\",\"products\\/6.jpg\"]'),(43,3,17,1.00,'Second or third time that I buy a Botble product, happy with the products and support. You guys do a good job :)','published','2023-03-01 01:08:19','2023-03-01 01:08:19','{\"0\":\"products\\/1.jpg\",\"2\":\"products\\/8.jpg\"}'),(44,4,17,5.00,'The best ecommerce CMS! Excellent coding! best support service! Thank you so much..... I really like your hard work.','published','2023-03-01 01:08:20','2023-03-01 01:08:20','[\"products\\/4.jpg\",\"products\\/5.jpg\"]'),(45,2,15,3.00,'Customer Support are grade (A*), however the code is a way too over engineered for it\'s purpose.','published','2023-03-01 01:08:20','2023-03-01 01:08:20','[\"products\\/3.jpg\",\"products\\/6.jpg\"]'),(46,2,4,2.00,'Amazing code, amazing support. Overall, im really confident in Botble and im happy I made the right choice! Thank you so much guys for coding this masterpiece','published','2023-03-01 01:08:20','2023-03-01 01:08:20','[\"products\\/4.jpg\",\"products\\/7.jpg\",\"products\\/13.jpg\"]'),(49,1,1,1.00,'Customer Support are grade (A*), however the code is a way too over engineered for it\'s purpose.','published','2023-03-01 01:08:20','2023-03-01 01:08:20','[\"products\\/1.jpg\",\"products\\/6.jpg\"]'),(50,6,6,3.00,'Perfect +++++++++ i love it really also i get to fast ticket answers... Thanks Lot BOTBLE Teams','published','2023-03-01 01:08:20','2023-03-01 01:08:20','{\"0\":\"products\\/1.jpg\",\"2\":\"products\\/16.jpg\"}'),(51,8,16,2.00,'This web app is really good in design, code quality & features. Besides, the customer support provided by the Botble team was really fast & helpful. You guys are awesome!','published','2023-03-01 01:08:20','2023-03-01 01:08:20','[\"products\\/2.jpg\"]'),(52,5,16,4.00,'For me the best eCommerce script on Envato at this moment: modern, clean code, a lot of great features. The customer support is great too: I always get an answer within hours!','published','2023-03-01 01:08:20','2023-03-01 01:08:20','[\"products\\/4.jpg\",\"products\\/5.jpg\",\"products\\/16.jpg\"]'),(53,6,14,1.00,'Customer Support are grade (A*), however the code is a way too over engineered for it\'s purpose.','published','2023-03-01 01:08:20','2023-03-01 01:08:20','[\"products\\/4.jpg\"]'),(54,1,14,4.00,'It\'s not my first experience here on Codecanyon and I can honestly tell you all that Botble puts a LOT of effort into the support. They answer so fast, they helped me tons of times. REALLY by far THE BEST EXPERIENCE on Codecanyon. Those guys at Botble are so good that they deserve 5 stars. I recommend them, I trust them and I can\'t wait to see what they will sell in a near future. Thank you Botble :)','published','2023-03-01 01:08:20','2023-03-01 01:08:20','[\"products\\/4.jpg\",\"products\\/7.jpg\",\"products\\/15.jpg\"]'),(55,1,19,2.00,'Good app, good backup service and support. Good documentation.','published','2023-03-01 01:08:20','2023-03-01 01:08:20','[\"products\\/4.jpg\",\"products\\/6.jpg\"]'),(56,4,3,5.00,'The best store template! Excellent coding! Very good support! Thank you so much for all the help, I really appreciated.','published','2023-03-01 01:08:20','2023-03-01 01:08:20','[\"products\\/3.jpg\",\"products\\/5.jpg\",\"products\\/14.jpg\"]'),(57,7,19,5.00,'Very enthusiastic support! Excellent code is written. It\'s a true pleasure working with.','published','2023-03-01 01:08:20','2023-03-01 01:08:20','{\"0\":\"products\\/4.jpg\",\"2\":\"products\\/13.jpg\"}'),(59,9,20,4.00,'We have received brilliant service support and will be expanding the features with the developer. Nice product!','published','2023-03-01 01:08:20','2023-03-01 01:08:20','[\"products\\/4.jpg\",\"products\\/6.jpg\",\"products\\/20.jpg\"]'),(60,1,12,2.00,'These guys are amazing! Responses immediately, amazing support and help... I immediately feel at ease after Purchasing..','published','2023-03-01 01:08:20','2023-03-01 01:08:20','[\"products\\/1.jpg\",\"products\\/7.jpg\"]'),(62,10,11,5.00,'Ok good product. I have some issues in customizations. But its not correct to blame the developer. The product is good. Good luck for your business.','published','2023-03-01 01:08:20','2023-03-01 01:08:20','[\"products\\/4.jpg\",\"products\\/5.jpg\"]'),(64,7,23,4.00,'For me the best eCommerce script on Envato at this moment: modern, clean code, a lot of great features. The customer support is great too: I always get an answer within hours!','published','2023-03-01 01:08:20','2023-03-01 01:08:20','[\"products\\/3.jpg\",\"products\\/6.jpg\"]'),(65,8,15,5.00,'Very enthusiastic support! Excellent code is written. It\'s a true pleasure working with.','published','2023-03-01 01:08:20','2023-03-01 01:08:20','[\"products\\/1.jpg\",\"products\\/7.jpg\"]'),(68,1,22,3.00,'Solution is too robust for our purpose so we didn\'t use it at the end. But I appreciate customer support during initial configuration.','published','2023-03-01 01:08:20','2023-03-01 01:08:20','[\"products\\/1.jpg\",\"products\\/7.jpg\"]'),(70,6,1,1.00,'The best ecommerce CMS! Excellent coding! best support service! Thank you so much..... I really like your hard work.','published','2023-03-01 01:08:20','2023-03-01 01:08:20','[\"products\\/1.jpg\",\"products\\/5.jpg\"]'),(71,3,12,5.00,'Second or third time that I buy a Botble product, happy with the products and support. You guys do a good job :)','published','2023-03-01 01:08:20','2023-03-01 01:08:20','[\"products\\/3.jpg\",\"products\\/6.jpg\",\"products\\/11.jpg\"]'),(73,6,9,3.00,'I Love this Script. I also found how to add other fees. Now I just wait the BIG update for the Marketplace with the Bulk Import. Just do not forget to make it to be Multi-language for us the Botble Fans.','published','2023-03-01 01:08:20','2023-03-01 01:08:20','[\"products\\/3.jpg\",\"products\\/6.jpg\",\"products\\/21.jpg\"]'),(75,5,8,1.00,'It\'s not my first experience here on Codecanyon and I can honestly tell you all that Botble puts a LOT of effort into the support. They answer so fast, they helped me tons of times. REALLY by far THE BEST EXPERIENCE on Codecanyon. Those guys at Botble are so good that they deserve 5 stars. I recommend them, I trust them and I can\'t wait to see what they will sell in a near future. Thank you Botble :)','published','2023-03-01 01:08:20','2023-03-01 01:08:20','[\"products\\/2.jpg\",\"products\\/6.jpg\"]'),(78,10,21,4.00,'Ok good product. I have some issues in customizations. But its not correct to blame the developer. The product is good. Good luck for your business.','published','2023-03-01 01:08:20','2023-03-01 01:08:20','{\"0\":\"products\\/4.jpg\",\"2\":\"products\\/12.jpg\"}'),(79,2,14,1.00,'As a developer I reviewed this script. This is really awesome ecommerce script. I have convinced when I noticed that it\'s built on fully WordPress concept.','published','2023-03-01 01:08:20','2023-03-01 01:08:20','[\"products\\/2.jpg\"]'),(80,2,22,5.00,'We have received brilliant service support and will be expanding the features with the developer. Nice product!','published','2023-03-01 01:08:20','2023-03-01 01:08:20','[\"products\\/2.jpg\"]'),(81,3,9,3.00,'As a developer I reviewed this script. This is really awesome ecommerce script. I have convinced when I noticed that it\'s built on fully WordPress concept.','published','2023-03-01 01:08:20','2023-03-01 01:08:20','[\"products\\/1.jpg\",\"products\\/6.jpg\"]'),(82,9,16,5.00,'Amazing code, amazing support. Overall, im really confident in Botble and im happy I made the right choice! Thank you so much guys for coding this masterpiece','published','2023-03-01 01:08:20','2023-03-01 01:08:20','{\"0\":\"products\\/1.jpg\",\"2\":\"products\\/13.jpg\"}'),(84,3,8,2.00,'We have received brilliant service support and will be expanding the features with the developer. Nice product!','published','2023-03-01 01:08:20','2023-03-01 01:08:20','[\"products\\/1.jpg\",\"products\\/7.jpg\"]'),(87,9,3,2.00,'The best ecommerce CMS! Excellent coding! best support service! Thank you so much..... I really like your hard work.','published','2023-03-01 01:08:20','2023-03-01 01:08:20','[\"products\\/3.jpg\",\"products\\/5.jpg\",\"products\\/19.jpg\"]'),(89,4,21,2.00,'Very enthusiastic support! Excellent code is written. It\'s a true pleasure working with.','published','2023-03-01 01:08:20','2023-03-01 01:08:20','[\"products\\/4.jpg\",\"products\\/5.jpg\",\"products\\/23.jpg\"]'),(90,7,2,5.00,'Good app, good backup service and support. Good documentation.','published','2023-03-01 01:08:20','2023-03-01 01:08:20','[\"products\\/1.jpg\",\"products\\/6.jpg\"]'),(91,5,4,5.00,'As a developer I reviewed this script. This is really awesome ecommerce script. I have convinced when I noticed that it\'s built on fully WordPress concept.','published','2023-03-01 01:08:20','2023-03-01 01:08:20','[\"products\\/1.jpg\",\"products\\/6.jpg\"]'),(94,9,14,5.00,'Great system, great support, good job Botble. I\'m looking forward to more great functional plugins.','published','2023-03-01 01:08:20','2023-03-01 01:08:20','[\"products\\/4.jpg\"]'),(95,1,5,2.00,'I Love this Script. I also found how to add other fees. Now I just wait the BIG update for the Marketplace with the Bulk Import. Just do not forget to make it to be Multi-language for us the Botble Fans.','published','2023-03-01 01:08:20','2023-03-01 01:08:20','[\"products\\/3.jpg\",\"products\\/7.jpg\",\"products\\/20.jpg\"]'),(96,9,7,4.00,'Great E-commerce system. And much more : Wonderful Customer Support.','published','2023-03-01 01:08:20','2023-03-01 01:08:20','[\"products\\/2.jpg\",\"products\\/6.jpg\",\"products\\/18.jpg\"]'),(97,9,8,4.00,'Solution is too robust for our purpose so we didn\'t use it at the end. But I appreciate customer support during initial configuration.','published','2023-03-01 01:08:20','2023-03-01 01:08:20','[\"products\\/1.jpg\"]'),(100,6,10,5.00,'Second or third time that I buy a Botble product, happy with the products and support. You guys do a good job :)','published','2023-03-01 01:08:20','2023-03-01 01:08:20','[\"products\\/3.jpg\",\"products\\/6.jpg\"]');
/*!40000 ALTER TABLE `ec_reviews` ENABLE KEYS */;
UNLOCK TABLES;

--
-- Table structure for table `ec_shipment_histories`
--

DROP TABLE IF EXISTS `ec_shipment_histories`;
/*!40101 SET @saved_cs_client     = @@character_set_client */;
/*!50503 SET character_set_client = utf8mb4 */;
CREATE TABLE `ec_shipment_histories` (
  `id` bigint unsigned NOT NULL AUTO_INCREMENT,
  `action` varchar(120) COLLATE utf8mb4_unicode_ci NOT NULL,
  `description` varchar(255) COLLATE utf8mb4_unicode_ci NOT NULL,
  `user_id` bigint unsigned DEFAULT NULL,
  `shipment_id` bigint unsigned NOT NULL,
  `order_id` bigint unsigned NOT NULL,
  `created_at` timestamp NULL DEFAULT NULL,
  `updated_at` timestamp NULL DEFAULT NULL,
  PRIMARY KEY (`id`)
) ENGINE=InnoDB AUTO_INCREMENT=112 DEFAULT CHARSET=utf8mb4 COLLATE=utf8mb4_unicode_ci;
/*!40101 SET character_set_client = @saved_cs_client */;

--
-- Dumping data for table `ec_shipment_histories`
--

LOCK TABLES `ec_shipment_histories` WRITE;
/*!40000 ALTER TABLE `ec_shipment_histories` DISABLE KEYS */;
INSERT INTO `ec_shipment_histories` VALUES (1,'create_from_order','Shipping was created from order %order_id%',0,1,1,'2023-02-24 01:08:23','2023-02-24 01:08:23'),(2,'update_status','Changed status of shipping to: Approved. Updated by: %user_name%',0,1,1,'2023-02-27 09:08:23','2023-03-01 01:08:23'),(3,'create_from_order','Shipping was created from order %order_id%',0,2,2,'2023-02-25 17:08:23','2023-02-25 17:08:23'),(4,'update_status','Changed status of shipping to: Approved. Updated by: %user_name%',0,2,2,'2023-02-27 09:08:23','2023-03-01 01:08:23'),(5,'create_from_order','Shipping was created from order %order_id%',0,3,3,'2023-02-17 09:08:23','2023-02-17 09:08:23'),(6,'update_status','Changed status of shipping to: Approved. Updated by: %user_name%',0,3,3,'2023-02-27 09:08:23','2023-03-01 01:08:23'),(7,'update_cod_status','Updated COD status to Completed . Updated by: %user_name%',0,3,3,'2023-03-01 01:08:23','2023-03-01 01:08:23'),(8,'update_status','Changed status of shipping to: Delivered. Updated by: %user_name%',0,3,3,'2023-03-01 01:08:23','2023-03-01 01:08:23'),(9,'create_from_order','Shipping was created from order %order_id%',0,4,4,'2023-02-22 17:08:23','2023-02-22 17:08:23'),(10,'update_status','Changed status of shipping to: Approved. Updated by: %user_name%',0,4,4,'2023-02-27 11:08:23','2023-03-01 01:08:23'),(11,'update_status','Changed status of shipping to: Delivered. Updated by: %user_name%',0,4,4,'2023-03-01 01:08:23','2023-03-01 01:08:23'),(12,'create_from_order','Shipping was created from order %order_id%',0,5,5,'2023-02-17 23:08:23','2023-02-17 23:08:23'),(13,'update_status','Changed status of shipping to: Approved. Updated by: %user_name%',0,5,5,'2023-02-27 11:08:23','2023-03-01 01:08:23'),(14,'update_status','Changed status of shipping to: Delivered. Updated by: %user_name%',0,5,5,'2023-03-01 01:08:23','2023-03-01 01:08:23'),(15,'create_from_order','Shipping was created from order %order_id%',0,6,6,'2023-02-27 13:08:23','2023-02-27 13:08:23'),(16,'update_status','Changed status of shipping to: Approved. Updated by: %user_name%',0,6,6,'2023-02-27 13:08:23','2023-03-01 01:08:23'),(17,'update_status','Changed status of shipping to: Delivered. Updated by: %user_name%',0,6,6,'2023-03-01 01:08:23','2023-03-01 01:08:23'),(18,'create_from_order','Shipping was created from order %order_id%',0,7,7,'2023-02-24 13:08:23','2023-02-24 13:08:23'),(19,'update_status','Changed status of shipping to: Approved. Updated by: %user_name%',0,7,7,'2023-02-27 13:08:23','2023-03-01 01:08:23'),(20,'create_from_order','Shipping was created from order %order_id%',0,8,8,'2023-02-14 01:08:23','2023-02-14 01:08:23'),(21,'update_status','Changed status of shipping to: Approved. Updated by: %user_name%',0,8,8,'2023-02-27 13:08:23','2023-03-01 01:08:23'),(22,'update_status','Changed status of shipping to: Delivered. Updated by: %user_name%',0,8,8,'2023-03-01 01:08:23','2023-03-01 01:08:23'),(23,'create_from_order','Shipping was created from order %order_id%',0,9,9,'2023-02-23 09:08:23','2023-02-23 09:08:23'),(24,'update_status','Changed status of shipping to: Approved. Updated by: %user_name%',0,9,9,'2023-02-27 15:08:23','2023-03-01 01:08:23'),(25,'update_status','Changed status of shipping to: Delivered. Updated by: %user_name%',0,9,9,'2023-03-01 01:08:23','2023-03-01 01:08:23'),(26,'create_from_order','Shipping was created from order %order_id%',0,10,10,'2023-02-20 13:08:23','2023-02-20 13:08:23'),(27,'update_status','Changed status of shipping to: Approved. Updated by: %user_name%',0,10,10,'2023-02-27 15:08:23','2023-03-01 01:08:23'),(28,'create_from_order','Shipping was created from order %order_id%',0,11,11,'2023-02-19 17:08:23','2023-02-19 17:08:23'),(29,'update_status','Changed status of shipping to: Approved. Updated by: %user_name%',0,11,11,'2023-02-27 17:08:23','2023-03-01 01:08:23'),(30,'update_status','Changed status of shipping to: Delivered. Updated by: %user_name%',0,11,11,'2023-03-01 01:08:23','2023-03-01 01:08:23'),(31,'create_from_order','Shipping was created from order %order_id%',0,12,12,'2023-02-26 09:08:23','2023-02-26 09:08:23'),(32,'update_status','Changed status of shipping to: Approved. Updated by: %user_name%',0,12,12,'2023-02-27 17:08:23','2023-03-01 01:08:23'),(33,'create_from_order','Shipping was created from order %order_id%',0,13,13,'2023-02-27 17:08:23','2023-02-27 17:08:23'),(34,'update_status','Changed status of shipping to: Approved. Updated by: %user_name%',0,13,13,'2023-02-27 17:08:23','2023-03-01 01:08:23'),(35,'update_cod_status','Updated COD status to Completed . Updated by: %user_name%',0,13,13,'2023-03-01 01:08:23','2023-03-01 01:08:23'),(36,'update_status','Changed status of shipping to: Delivered. Updated by: %user_name%',0,13,13,'2023-03-01 01:08:23','2023-03-01 01:08:23'),(37,'create_from_order','Shipping was created from order %order_id%',0,14,14,'2023-02-17 19:08:23','2023-02-17 19:08:23'),(38,'update_status','Changed status of shipping to: Approved. Updated by: %user_name%',0,14,14,'2023-02-27 19:08:23','2023-03-01 01:08:23'),(39,'update_status','Changed status of shipping to: Delivered. Updated by: %user_name%',0,14,14,'2023-03-01 01:08:23','2023-03-01 01:08:23'),(40,'create_from_order','Shipping was created from order %order_id%',0,15,15,'2023-02-25 07:08:23','2023-02-25 07:08:23'),(41,'update_status','Changed status of shipping to: Approved. Updated by: %user_name%',0,15,15,'2023-02-27 19:08:23','2023-03-01 01:08:23'),(42,'create_from_order','Shipping was created from order %order_id%',0,16,16,'2023-02-24 09:08:23','2023-02-24 09:08:23'),(43,'update_status','Changed status of shipping to: Approved. Updated by: %user_name%',0,16,16,'2023-02-27 21:08:23','2023-03-01 01:08:23'),(44,'create_from_order','Shipping was created from order %order_id%',0,17,17,'2023-02-25 13:08:23','2023-02-25 13:08:23'),(45,'update_status','Changed status of shipping to: Approved. Updated by: %user_name%',0,17,17,'2023-02-27 21:08:23','2023-03-01 01:08:23'),(46,'create_from_order','Shipping was created from order %order_id%',0,18,18,'2023-02-25 19:08:23','2023-02-25 19:08:23'),(47,'update_status','Changed status of shipping to: Approved. Updated by: %user_name%',0,18,18,'2023-02-27 23:08:23','2023-03-01 01:08:23'),(48,'create_from_order','Shipping was created from order %order_id%',0,19,19,'2023-02-24 01:08:23','2023-02-24 01:08:23'),(49,'update_status','Changed status of shipping to: Approved. Updated by: %user_name%',0,19,19,'2023-02-28 01:08:23','2023-03-01 01:08:23'),(50,'create_from_order','Shipping was created from order %order_id%',0,20,20,'2023-02-24 01:08:23','2023-02-24 01:08:23'),(51,'update_status','Changed status of shipping to: Approved. Updated by: %user_name%',0,20,20,'2023-02-28 01:08:23','2023-03-01 01:08:23'),(52,'create_from_order','Shipping was created from order %order_id%',0,21,21,'2023-02-20 19:08:23','2023-02-20 19:08:23'),(53,'update_status','Changed status of shipping to: Approved. Updated by: %user_name%',0,21,21,'2023-02-28 03:08:23','2023-03-01 01:08:23'),(54,'create_from_order','Shipping was created from order %order_id%',0,22,22,'2023-02-24 11:08:23','2023-02-24 11:08:23'),(55,'update_status','Changed status of shipping to: Approved. Updated by: %user_name%',0,22,22,'2023-02-28 03:08:24','2023-03-01 01:08:24'),(56,'update_status','Changed status of shipping to: Delivered. Updated by: %user_name%',0,22,22,'2023-03-01 01:08:24','2023-03-01 01:08:24'),(57,'create_from_order','Shipping was created from order %order_id%',0,23,23,'2023-02-25 09:08:24','2023-02-25 09:08:24'),(58,'update_status','Changed status of shipping to: Approved. Updated by: %user_name%',0,23,23,'2023-02-28 03:08:24','2023-03-01 01:08:24'),(59,'update_status','Changed status of shipping to: Delivered. Updated by: %user_name%',0,23,23,'2023-03-01 01:08:24','2023-03-01 01:08:24'),(60,'create_from_order','Shipping was created from order %order_id%',0,24,24,'2023-02-28 05:08:24','2023-02-28 05:08:24'),(61,'update_status','Changed status of shipping to: Approved. Updated by: %user_name%',0,24,24,'2023-02-28 05:08:24','2023-03-01 01:08:24'),(62,'create_from_order','Shipping was created from order %order_id%',0,25,25,'2023-02-22 09:08:24','2023-02-22 09:08:24'),(63,'update_status','Changed status of shipping to: Approved. Updated by: %user_name%',0,25,25,'2023-02-28 05:08:24','2023-03-01 01:08:24'),(64,'update_status','Changed status of shipping to: Delivered. Updated by: %user_name%',0,25,25,'2023-03-01 01:08:24','2023-03-01 01:08:24'),(65,'create_from_order','Shipping was created from order %order_id%',0,26,26,'2023-02-22 07:08:24','2023-02-22 07:08:24'),(66,'update_status','Changed status of shipping to: Approved. Updated by: %user_name%',0,26,26,'2023-02-28 07:08:24','2023-03-01 01:08:24'),(67,'update_status','Changed status of shipping to: Delivered. Updated by: %user_name%',0,26,26,'2023-03-01 01:08:24','2023-03-01 01:08:24'),(68,'create_from_order','Shipping was created from order %order_id%',0,27,27,'2023-02-25 07:08:24','2023-02-25 07:08:24'),(69,'update_status','Changed status of shipping to: Approved. Updated by: %user_name%',0,27,27,'2023-02-28 07:08:24','2023-03-01 01:08:24'),(70,'update_status','Changed status of shipping to: Delivered. Updated by: %user_name%',0,27,27,'2023-03-01 01:08:24','2023-03-01 01:08:24'),(71,'create_from_order','Shipping was created from order %order_id%',0,28,28,'2023-02-25 01:08:24','2023-02-25 01:08:24'),(72,'update_status','Changed status of shipping to: Approved. Updated by: %user_name%',0,28,28,'2023-02-28 09:08:24','2023-03-01 01:08:24'),(73,'update_status','Changed status of shipping to: Delivered. Updated by: %user_name%',0,28,28,'2023-03-01 01:08:24','2023-03-01 01:08:24'),(74,'create_from_order','Shipping was created from order %order_id%',0,29,29,'2023-02-27 01:08:24','2023-02-27 01:08:24'),(75,'update_status','Changed status of shipping to: Approved. Updated by: %user_name%',0,29,29,'2023-02-28 09:08:24','2023-03-01 01:08:24'),(76,'create_from_order','Shipping was created from order %order_id%',0,30,30,'2023-02-25 13:08:24','2023-02-25 13:08:24'),(77,'update_status','Changed status of shipping to: Approved. Updated by: %user_name%',0,30,30,'2023-02-28 11:08:24','2023-03-01 01:08:24'),(78,'create_from_order','Shipping was created from order %order_id%',0,31,31,'2023-02-28 11:08:24','2023-02-28 11:08:24'),(79,'update_status','Changed status of shipping to: Approved. Updated by: %user_name%',0,31,31,'2023-02-28 11:08:24','2023-03-01 01:08:24'),(80,'create_from_order','Shipping was created from order %order_id%',0,32,32,'2023-02-26 01:08:24','2023-02-26 01:08:24'),(81,'update_status','Changed status of shipping to: Approved. Updated by: %user_name%',0,32,32,'2023-02-28 13:08:24','2023-03-01 01:08:24'),(82,'update_status','Changed status of shipping to: Delivered. Updated by: %user_name%',0,32,32,'2023-03-01 01:08:24','2023-03-01 01:08:24'),(83,'create_from_order','Shipping was created from order %order_id%',0,33,33,'2023-02-26 01:08:24','2023-02-26 01:08:24'),(84,'update_status','Changed status of shipping to: Approved. Updated by: %user_name%',0,33,33,'2023-02-28 13:08:24','2023-03-01 01:08:24'),(85,'create_from_order','Shipping was created from order %order_id%',0,34,34,'2023-02-24 21:08:24','2023-02-24 21:08:24'),(86,'update_status','Changed status of shipping to: Approved. Updated by: %user_name%',0,34,34,'2023-02-28 15:08:24','2023-03-01 01:08:24'),(87,'update_status','Changed status of shipping to: Delivered. Updated by: %user_name%',0,34,34,'2023-03-01 01:08:24','2023-03-01 01:08:24'),(88,'create_from_order','Shipping was created from order %order_id%',0,35,35,'2023-02-26 23:08:24','2023-02-26 23:08:24'),(89,'update_status','Changed status of shipping to: Approved. Updated by: %user_name%',0,35,35,'2023-02-28 15:08:24','2023-03-01 01:08:24'),(90,'create_from_order','Shipping was created from order %order_id%',0,36,36,'2023-02-26 17:08:24','2023-02-26 17:08:24'),(91,'update_status','Changed status of shipping to: Approved. Updated by: %user_name%',0,36,36,'2023-02-28 17:08:24','2023-03-01 01:08:24'),(92,'update_status','Changed status of shipping to: Delivered. Updated by: %user_name%',0,36,36,'2023-03-01 01:08:24','2023-03-01 01:08:24'),(93,'create_from_order','Shipping was created from order %order_id%',0,37,37,'2023-02-27 17:08:24','2023-02-27 17:08:24'),(94,'update_status','Changed status of shipping to: Approved. Updated by: %user_name%',0,37,37,'2023-02-28 17:08:24','2023-03-01 01:08:24'),(95,'update_cod_status','Updated COD status to Completed . Updated by: %user_name%',0,37,37,'2023-03-01 01:08:24','2023-03-01 01:08:24'),(96,'update_status','Changed status of shipping to: Delivered. Updated by: %user_name%',0,37,37,'2023-03-01 01:08:24','2023-03-01 01:08:24'),(97,'create_from_order','Shipping was created from order %order_id%',0,38,38,'2023-02-26 19:08:24','2023-02-26 19:08:24'),(98,'update_status','Changed status of shipping to: Approved. Updated by: %user_name%',0,38,38,'2023-02-28 19:08:24','2023-03-01 01:08:24'),(99,'update_status','Changed status of shipping to: Delivered. Updated by: %user_name%',0,38,38,'2023-03-01 01:08:24','2023-03-01 01:08:24'),(100,'create_from_order','Shipping was created from order %order_id%',0,39,39,'2023-02-28 07:08:24','2023-02-28 07:08:24'),(101,'update_status','Changed status of shipping to: Approved. Updated by: %user_name%',0,39,39,'2023-02-28 19:08:24','2023-03-01 01:08:24'),(102,'create_from_order','Shipping was created from order %order_id%',0,40,40,'2023-02-28 17:08:24','2023-02-28 17:08:24'),(103,'update_status','Changed status of shipping to: Approved. Updated by: %user_name%',0,40,40,'2023-02-28 21:08:24','2023-03-01 01:08:24'),(104,'create_from_order','Shipping was created from order %order_id%',0,41,41,'2023-02-27 09:08:24','2023-02-27 09:08:24'),(105,'update_status','Changed status of shipping to: Approved. Updated by: %user_name%',0,41,41,'2023-02-28 21:08:24','2023-03-01 01:08:24'),(106,'create_from_order','Shipping was created from order %order_id%',0,42,42,'2023-02-28 17:08:24','2023-02-28 17:08:24'),(107,'update_status','Changed status of shipping to: Approved. Updated by: %user_name%',0,42,42,'2023-02-28 23:08:24','2023-03-01 01:08:24'),(108,'update_status','Changed status of shipping to: Delivered. Updated by: %user_name%',0,42,42,'2023-03-01 01:08:24','2023-03-01 01:08:24'),(109,'create_from_order','Shipping was created from order %order_id%',0,43,43,'2023-02-28 05:08:24','2023-02-28 05:08:24'),(110,'update_status','Changed status of shipping to: Approved. Updated by: %user_name%',0,43,43,'2023-02-28 23:08:24','2023-03-01 01:08:24'),(111,'update_status','Changed status of shipping to: Delivered. Updated by: %user_name%',0,43,43,'2023-03-01 01:08:24','2023-03-01 01:08:24');
/*!40000 ALTER TABLE `ec_shipment_histories` ENABLE KEYS */;
UNLOCK TABLES;

--
-- Table structure for table `ec_shipments`
--

DROP TABLE IF EXISTS `ec_shipments`;
/*!40101 SET @saved_cs_client     = @@character_set_client */;
/*!50503 SET character_set_client = utf8mb4 */;
CREATE TABLE `ec_shipments` (
  `id` bigint unsigned NOT NULL AUTO_INCREMENT,
  `order_id` bigint unsigned NOT NULL,
  `user_id` bigint unsigned DEFAULT NULL,
  `weight` double(8,2) DEFAULT '0.00',
  `shipment_id` varchar(120) COLLATE utf8mb4_unicode_ci DEFAULT NULL,
  `rate_id` varchar(120) COLLATE utf8mb4_unicode_ci DEFAULT NULL,
  `note` varchar(120) COLLATE utf8mb4_unicode_ci DEFAULT NULL,
  `status` varchar(120) COLLATE utf8mb4_unicode_ci NOT NULL DEFAULT 'pending',
  `cod_amount` decimal(15,2) DEFAULT '0.00',
  `cod_status` varchar(60) COLLATE utf8mb4_unicode_ci NOT NULL DEFAULT 'pending',
  `cross_checking_status` varchar(60) COLLATE utf8mb4_unicode_ci NOT NULL DEFAULT 'pending',
  `price` decimal(15,2) DEFAULT '0.00',
  `store_id` bigint unsigned DEFAULT NULL,
  `created_at` timestamp NULL DEFAULT NULL,
  `updated_at` timestamp NULL DEFAULT NULL,
  `tracking_id` varchar(191) COLLATE utf8mb4_unicode_ci DEFAULT NULL,
  `shipping_company_name` varchar(191) COLLATE utf8mb4_unicode_ci DEFAULT NULL,
  `tracking_link` varchar(191) COLLATE utf8mb4_unicode_ci DEFAULT NULL,
  `estimate_date_shipped` datetime DEFAULT NULL,
  `date_shipped` datetime DEFAULT NULL,
  `label_url` text COLLATE utf8mb4_unicode_ci,
  `metadata` mediumtext COLLATE utf8mb4_unicode_ci,
  PRIMARY KEY (`id`)
) ENGINE=InnoDB AUTO_INCREMENT=44 DEFAULT CHARSET=utf8mb4 COLLATE=utf8mb4_unicode_ci;
/*!40101 SET character_set_client = @saved_cs_client */;

--
-- Dumping data for table `ec_shipments`
--

LOCK TABLES `ec_shipments` WRITE;
/*!40000 ALTER TABLE `ec_shipments` DISABLE KEYS */;
INSERT INTO `ec_shipments` VALUES (1,1,NULL,1201.00,NULL,NULL,'','approved',0.00,'completed','pending',0.00,0,'2023-03-01 01:08:23','2023-03-01 01:08:23','JJD0051810959','DHL','https://mydhl.express.dhl/us/en/tracking.html#/track-by-reference','2023-03-02 08:08:23',NULL,NULL,NULL),(2,2,NULL,627.00,NULL,NULL,'','approved',0.00,'completed','pending',0.00,0,'2023-03-01 01:08:23','2023-03-01 01:08:23','JJD0020054266','GHN','https://mydhl.express.dhl/us/en/tracking.html#/track-by-reference','2023-03-02 08:08:23',NULL,NULL,NULL),(3,3,NULL,1887.00,NULL,NULL,'','delivered',3354.00,'completed','pending',0.00,0,'2023-03-01 01:08:23','2023-03-01 01:08:23','JJD008639977','GHN','https://mydhl.express.dhl/us/en/tracking.html#/track-by-reference','2023-03-06 08:08:23','2023-03-01 08:08:23',NULL,NULL),(4,4,NULL,2094.00,NULL,NULL,'','delivered',0.00,'completed','pending',0.00,0,'2023-03-01 01:08:23','2023-03-01 01:08:23','JJD0086646207','GHN','https://mydhl.express.dhl/us/en/tracking.html#/track-by-reference','2023-03-02 08:08:23','2023-03-01 08:08:23',NULL,NULL),(5,5,NULL,3603.00,NULL,NULL,'','delivered',0.00,'completed','pending',0.00,0,'2023-03-01 01:08:23','2023-03-01 01:08:23','JJD0062131431','DHL','https://mydhl.express.dhl/us/en/tracking.html#/track-by-reference','2023-03-10 08:08:23','2023-03-01 08:08:23',NULL,NULL),(6,6,NULL,1658.00,NULL,NULL,'','delivered',0.00,'completed','pending',0.00,0,'2023-03-01 01:08:23','2023-03-01 01:08:23','JJD006227623','AliExpress','https://mydhl.express.dhl/us/en/tracking.html#/track-by-reference','2023-03-06 08:08:23','2023-03-01 08:08:23',NULL,NULL),(7,7,NULL,540.00,NULL,NULL,'','approved',0.00,'completed','pending',0.00,0,'2023-03-01 01:08:23','2023-03-01 01:08:23','JJD0086116166','DHL','https://mydhl.express.dhl/us/en/tracking.html#/track-by-reference','2023-03-02 08:08:23',NULL,NULL,NULL),(8,8,NULL,1836.00,NULL,NULL,'','delivered',0.00,'completed','pending',0.00,0,'2023-03-01 01:08:23','2023-03-01 01:08:23','JJD0063400332','FastShipping','https://mydhl.express.dhl/us/en/tracking.html#/track-by-reference','2023-03-06 08:08:23','2023-03-01 08:08:23',NULL,NULL),(9,9,NULL,698.00,NULL,NULL,'','delivered',0.00,'completed','pending',0.00,0,'2023-03-01 01:08:23','2023-03-01 01:08:23','JJD0045598615','AliExpress','https://mydhl.express.dhl/us/en/tracking.html#/track-by-reference','2023-03-06 08:08:23','2023-03-01 08:08:23',NULL,NULL),(10,10,NULL,612.00,NULL,NULL,'','approved',0.00,'completed','pending',0.00,0,'2023-03-01 01:08:23','2023-03-01 01:08:23','JJD0031671030','GHN','https://mydhl.express.dhl/us/en/tracking.html#/track-by-reference','2023-03-03 08:08:23',NULL,NULL,NULL),(11,11,NULL,4017.00,NULL,NULL,'','delivered',0.00,'completed','pending',0.00,0,'2023-03-01 01:08:23','2023-03-01 01:08:23','JJD009522683','AliExpress','https://mydhl.express.dhl/us/en/tracking.html#/track-by-reference','2023-03-10 08:08:23','2023-03-01 08:08:23',NULL,NULL),(12,12,NULL,754.00,NULL,NULL,'','approved',0.00,'completed','pending',0.00,0,'2023-03-01 01:08:23','2023-03-01 01:08:23','JJD0080279352','AliExpress','https://mydhl.express.dhl/us/en/tracking.html#/track-by-reference','2023-03-05 08:08:23',NULL,NULL,NULL),(13,13,NULL,612.00,NULL,NULL,'','delivered',818.00,'completed','pending',0.00,0,'2023-03-01 01:08:23','2023-03-01 01:08:23','JJD0063682199','DHL','https://mydhl.express.dhl/us/en/tracking.html#/track-by-reference','2023-03-11 08:08:23','2023-03-01 08:08:23',NULL,NULL),(14,14,NULL,2139.00,NULL,NULL,'','delivered',0.00,'completed','pending',0.00,0,'2023-03-01 01:08:23','2023-03-01 01:08:23','JJD0067179880','FastShipping','https://mydhl.express.dhl/us/en/tracking.html#/track-by-reference','2023-03-08 08:08:23','2023-03-01 08:08:23',NULL,NULL),(15,15,NULL,2143.00,NULL,NULL,'','approved',0.00,'completed','pending',0.00,0,'2023-03-01 01:08:23','2023-03-01 01:08:23','JJD0058523095','AliExpress','https://mydhl.express.dhl/us/en/tracking.html#/track-by-reference','2023-03-08 08:08:23',NULL,NULL,NULL),(16,16,NULL,2397.00,NULL,NULL,'','approved',0.00,'completed','pending',0.00,0,'2023-03-01 01:08:23','2023-03-01 01:08:23','JJD005678894','DHL','https://mydhl.express.dhl/us/en/tracking.html#/track-by-reference','2023-03-09 08:08:23',NULL,NULL,NULL),(17,17,NULL,650.00,NULL,NULL,'','approved',0.00,'completed','pending',0.00,0,'2023-03-01 01:08:23','2023-03-01 01:08:23','JJD0059569729','AliExpress','https://mydhl.express.dhl/us/en/tracking.html#/track-by-reference','2023-03-03 08:08:23',NULL,NULL,NULL),(18,18,NULL,3046.00,NULL,NULL,'','approved',0.00,'completed','pending',0.00,0,'2023-03-01 01:08:23','2023-03-01 01:08:23','JJD0036073009','GHN','https://mydhl.express.dhl/us/en/tracking.html#/track-by-reference','2023-03-06 08:08:23',NULL,NULL,NULL),(19,19,NULL,2554.00,NULL,NULL,'','approved',0.00,'completed','pending',0.00,0,'2023-03-01 01:08:23','2023-03-01 01:08:23','JJD009876535','GHN','https://mydhl.express.dhl/us/en/tracking.html#/track-by-reference','2023-03-06 08:08:23',NULL,NULL,NULL),(20,20,NULL,1719.00,NULL,NULL,'','approved',0.00,'completed','pending',0.00,0,'2023-03-01 01:08:23','2023-03-01 01:08:23','JJD0085748211','GHN','https://mydhl.express.dhl/us/en/tracking.html#/track-by-reference','2023-03-07 08:08:23',NULL,NULL,NULL),(21,21,NULL,2094.00,NULL,NULL,'','approved',0.00,'completed','pending',0.00,0,'2023-03-01 01:08:23','2023-03-01 01:08:23','JJD0082795052','GHN','https://mydhl.express.dhl/us/en/tracking.html#/track-by-reference','2023-03-07 08:08:23',NULL,NULL,NULL),(22,22,NULL,680.00,NULL,NULL,'','delivered',0.00,'completed','pending',0.00,0,'2023-03-01 01:08:23','2023-03-01 01:08:23','JJD0044703860','AliExpress','https://mydhl.express.dhl/us/en/tracking.html#/track-by-reference','2023-03-02 08:08:23','2023-03-01 08:08:23',NULL,NULL),(23,23,NULL,1887.00,NULL,NULL,'','delivered',0.00,'completed','pending',0.00,0,'2023-03-01 01:08:24','2023-03-01 01:08:24','JJD0084111077','GHN','https://mydhl.express.dhl/us/en/tracking.html#/track-by-reference','2023-03-07 08:08:24','2023-03-01 08:08:24',NULL,NULL),(24,24,NULL,2087.00,NULL,NULL,'','approved',0.00,'completed','pending',0.00,0,'2023-03-01 01:08:24','2023-03-01 01:08:24','JJD0055701028','DHL','https://mydhl.express.dhl/us/en/tracking.html#/track-by-reference','2023-03-07 08:08:24',NULL,NULL,NULL),(25,25,NULL,1406.00,NULL,NULL,'','delivered',0.00,'completed','pending',0.00,0,'2023-03-01 01:08:24','2023-03-01 01:08:24','JJD0061014184','GHN','https://mydhl.express.dhl/us/en/tracking.html#/track-by-reference','2023-03-07 08:08:24','2023-03-01 08:08:24',NULL,NULL),(26,26,NULL,1620.00,NULL,NULL,'','delivered',0.00,'completed','pending',0.00,0,'2023-03-01 01:08:24','2023-03-01 01:08:24','JJD0024476305','FastShipping','https://mydhl.express.dhl/us/en/tracking.html#/track-by-reference','2023-03-04 08:08:24','2023-03-01 08:08:24',NULL,NULL),(27,27,NULL,573.00,NULL,NULL,'','delivered',0.00,'completed','pending',0.00,0,'2023-03-01 01:08:24','2023-03-01 01:08:24','JJD007430415','FastShipping','https://mydhl.express.dhl/us/en/tracking.html#/track-by-reference','2023-03-06 08:08:24','2023-03-01 08:08:24',NULL,NULL),(28,28,NULL,2285.00,NULL,NULL,'','delivered',0.00,'completed','pending',0.00,0,'2023-03-01 01:08:24','2023-03-01 01:08:24','JJD0035920095','DHL','https://mydhl.express.dhl/us/en/tracking.html#/track-by-reference','2023-03-05 08:08:24','2023-03-01 08:08:24',NULL,NULL),(29,29,NULL,2716.00,NULL,NULL,'','approved',0.00,'completed','pending',0.00,0,'2023-03-01 01:08:24','2023-03-01 01:08:24','JJD0080121783','FastShipping','https://mydhl.express.dhl/us/en/tracking.html#/track-by-reference','2023-03-05 08:08:24',NULL,NULL,NULL),(30,30,NULL,678.00,NULL,NULL,'','approved',0.00,'completed','pending',0.00,0,'2023-03-01 01:08:24','2023-03-01 01:08:24','JJD0083952114','DHL','https://mydhl.express.dhl/us/en/tracking.html#/track-by-reference','2023-03-04 08:08:24',NULL,NULL,NULL),(31,31,NULL,3533.00,NULL,NULL,'','approved',0.00,'completed','pending',0.00,0,'2023-03-01 01:08:24','2023-03-01 01:08:24','JJD0032386866','DHL','https://mydhl.express.dhl/us/en/tracking.html#/track-by-reference','2023-03-03 08:08:24',NULL,NULL,NULL),(32,32,NULL,1973.00,NULL,NULL,'','delivered',0.00,'completed','pending',0.00,0,'2023-03-01 01:08:24','2023-03-01 01:08:24','JJD0072757169','AliExpress','https://mydhl.express.dhl/us/en/tracking.html#/track-by-reference','2023-03-06 08:08:24','2023-03-01 08:08:24',NULL,NULL),(33,33,NULL,1258.00,NULL,NULL,'','approved',0.00,'completed','pending',0.00,0,'2023-03-01 01:08:24','2023-03-01 01:08:24','JJD0024060204','AliExpress','https://mydhl.express.dhl/us/en/tracking.html#/track-by-reference','2023-03-08 08:08:24',NULL,NULL,NULL),(34,34,NULL,2430.00,NULL,NULL,'','delivered',0.00,'completed','pending',0.00,0,'2023-03-01 01:08:24','2023-03-01 01:08:24','JJD0011170404','DHL','https://mydhl.express.dhl/us/en/tracking.html#/track-by-reference','2023-03-03 08:08:24','2023-03-01 08:08:24',NULL,NULL),(35,35,NULL,661.00,NULL,NULL,'','approved',938.00,'pending','pending',0.00,0,'2023-03-01 01:08:24','2023-03-01 01:08:24','JJD0018596856','FastShipping','https://mydhl.express.dhl/us/en/tracking.html#/track-by-reference','2023-03-09 08:08:24',NULL,NULL,NULL),(36,36,NULL,1356.00,NULL,NULL,'','delivered',0.00,'completed','pending',0.00,0,'2023-03-01 01:08:24','2023-03-01 01:08:24','JJD0085890062','DHL','https://mydhl.express.dhl/us/en/tracking.html#/track-by-reference','2023-03-03 08:08:24','2023-03-01 08:08:24',NULL,NULL),(37,37,NULL,629.00,NULL,NULL,'','delivered',1118.00,'completed','pending',0.00,0,'2023-03-01 01:08:24','2023-03-01 01:08:24','JJD0051456823','AliExpress','https://mydhl.express.dhl/us/en/tracking.html#/track-by-reference','2023-03-11 08:08:24','2023-03-01 08:08:24',NULL,NULL),(38,38,NULL,1356.00,NULL,NULL,'','delivered',0.00,'completed','pending',0.00,0,'2023-03-01 01:08:24','2023-03-01 01:08:24','JJD0058403787','GHN','https://mydhl.express.dhl/us/en/tracking.html#/track-by-reference','2023-03-08 08:08:24','2023-03-01 08:08:24',NULL,NULL),(39,39,NULL,3486.00,NULL,NULL,'','approved',0.00,'completed','pending',0.00,0,'2023-03-01 01:08:24','2023-03-01 01:08:24','JJD0028040245','DHL','https://mydhl.express.dhl/us/en/tracking.html#/track-by-reference','2023-03-03 08:08:24',NULL,NULL,NULL),(40,40,NULL,1537.00,NULL,NULL,'','approved',0.00,'completed','pending',0.00,0,'2023-03-01 01:08:24','2023-03-01 01:08:24','JJD0074229782','FastShipping','https://mydhl.express.dhl/us/en/tracking.html#/track-by-reference','2023-03-10 08:08:24',NULL,NULL,NULL),(41,41,NULL,703.00,NULL,NULL,'','approved',0.00,'completed','pending',0.00,0,'2023-03-01 01:08:24','2023-03-01 01:08:24','JJD008693868','DHL','https://mydhl.express.dhl/us/en/tracking.html#/track-by-reference','2023-03-11 08:08:24',NULL,NULL,NULL),(42,42,NULL,1950.00,NULL,NULL,'','delivered',0.00,'completed','pending',0.00,0,'2023-03-01 01:08:24','2023-03-01 01:08:24','JJD0026861068','DHL','https://mydhl.express.dhl/us/en/tracking.html#/track-by-reference','2023-03-06 08:08:24','2023-03-01 08:08:24',NULL,NULL),(43,43,NULL,523.00,NULL,NULL,'','delivered',0.00,'completed','pending',0.00,0,'2023-03-01 01:08:24','2023-03-01 01:08:24','JJD0087696717','FastShipping','https://mydhl.express.dhl/us/en/tracking.html#/track-by-reference','2023-03-03 08:08:24','2023-03-01 08:08:24',NULL,NULL);
/*!40000 ALTER TABLE `ec_shipments` ENABLE KEYS */;
UNLOCK TABLES;

--
-- Table structure for table `ec_shipping`
--

DROP TABLE IF EXISTS `ec_shipping`;
/*!40101 SET @saved_cs_client     = @@character_set_client */;
/*!50503 SET character_set_client = utf8mb4 */;
CREATE TABLE `ec_shipping` (
  `id` bigint unsigned NOT NULL AUTO_INCREMENT,
  `title` varchar(191) COLLATE utf8mb4_unicode_ci DEFAULT NULL,
  `country` varchar(120) COLLATE utf8mb4_unicode_ci DEFAULT NULL,
  `created_at` timestamp NULL DEFAULT NULL,
  `updated_at` timestamp NULL DEFAULT NULL,
  PRIMARY KEY (`id`)
) ENGINE=InnoDB AUTO_INCREMENT=2 DEFAULT CHARSET=utf8mb4 COLLATE=utf8mb4_unicode_ci;
/*!40101 SET character_set_client = @saved_cs_client */;

--
-- Dumping data for table `ec_shipping`
--

LOCK TABLES `ec_shipping` WRITE;
/*!40000 ALTER TABLE `ec_shipping` DISABLE KEYS */;
INSERT INTO `ec_shipping` VALUES (1,'All',NULL,'2023-03-01 01:08:20','2023-03-01 01:08:20');
/*!40000 ALTER TABLE `ec_shipping` ENABLE KEYS */;
UNLOCK TABLES;

--
-- Table structure for table `ec_shipping_rule_items`
--

DROP TABLE IF EXISTS `ec_shipping_rule_items`;
/*!40101 SET @saved_cs_client     = @@character_set_client */;
/*!50503 SET character_set_client = utf8mb4 */;
CREATE TABLE `ec_shipping_rule_items` (
  `id` bigint unsigned NOT NULL AUTO_INCREMENT,
  `shipping_rule_id` bigint unsigned NOT NULL,
  `country` varchar(120) COLLATE utf8mb4_unicode_ci DEFAULT NULL,
  `state` varchar(120) COLLATE utf8mb4_unicode_ci DEFAULT NULL,
  `city` varchar(120) COLLATE utf8mb4_unicode_ci DEFAULT NULL,
  `zip_code` varchar(20) COLLATE utf8mb4_unicode_ci DEFAULT NULL,
  `adjustment_price` decimal(15,2) DEFAULT '0.00',
  `is_enabled` tinyint(1) NOT NULL DEFAULT '1',
  `created_at` timestamp NULL DEFAULT NULL,
  `updated_at` timestamp NULL DEFAULT NULL,
  PRIMARY KEY (`id`)
) ENGINE=InnoDB DEFAULT CHARSET=utf8mb4 COLLATE=utf8mb4_unicode_ci;
/*!40101 SET character_set_client = @saved_cs_client */;

--
-- Dumping data for table `ec_shipping_rule_items`
--

LOCK TABLES `ec_shipping_rule_items` WRITE;
/*!40000 ALTER TABLE `ec_shipping_rule_items` DISABLE KEYS */;
/*!40000 ALTER TABLE `ec_shipping_rule_items` ENABLE KEYS */;
UNLOCK TABLES;

--
-- Table structure for table `ec_shipping_rules`
--

DROP TABLE IF EXISTS `ec_shipping_rules`;
/*!40101 SET @saved_cs_client     = @@character_set_client */;
/*!50503 SET character_set_client = utf8mb4 */;
CREATE TABLE `ec_shipping_rules` (
  `id` bigint unsigned NOT NULL AUTO_INCREMENT,
  `name` varchar(120) COLLATE utf8mb4_unicode_ci NOT NULL,
  `shipping_id` bigint unsigned NOT NULL,
  `type` varchar(24) CHARACTER SET utf8mb4 COLLATE utf8mb4_unicode_ci DEFAULT 'based_on_price',
  `from` decimal(15,2) DEFAULT '0.00',
  `to` decimal(15,2) DEFAULT '0.00',
  `price` decimal(15,2) DEFAULT '0.00',
  `created_at` timestamp NULL DEFAULT NULL,
  `updated_at` timestamp NULL DEFAULT NULL,
  PRIMARY KEY (`id`)
) ENGINE=InnoDB AUTO_INCREMENT=2 DEFAULT CHARSET=utf8mb4 COLLATE=utf8mb4_unicode_ci;
/*!40101 SET character_set_client = @saved_cs_client */;

--
-- Dumping data for table `ec_shipping_rules`
--

LOCK TABLES `ec_shipping_rules` WRITE;
/*!40000 ALTER TABLE `ec_shipping_rules` DISABLE KEYS */;
INSERT INTO `ec_shipping_rules` VALUES (1,'Free delivery',1,'based_on_price',0.00,NULL,0.00,'2023-03-01 01:08:20','2023-03-01 01:08:20');
/*!40000 ALTER TABLE `ec_shipping_rules` ENABLE KEYS */;
UNLOCK TABLES;

--
-- Table structure for table `ec_store_locators`
--

DROP TABLE IF EXISTS `ec_store_locators`;
/*!40101 SET @saved_cs_client     = @@character_set_client */;
/*!50503 SET character_set_client = utf8mb4 */;
CREATE TABLE `ec_store_locators` (
  `id` bigint unsigned NOT NULL AUTO_INCREMENT,
  `name` varchar(60) COLLATE utf8mb4_unicode_ci NOT NULL,
  `email` varchar(60) COLLATE utf8mb4_unicode_ci DEFAULT NULL,
  `phone` varchar(20) COLLATE utf8mb4_unicode_ci NOT NULL,
  `address` varchar(255) COLLATE utf8mb4_unicode_ci NOT NULL,
  `country` varchar(120) COLLATE utf8mb4_unicode_ci DEFAULT NULL,
  `state` varchar(120) COLLATE utf8mb4_unicode_ci DEFAULT NULL,
  `city` varchar(120) COLLATE utf8mb4_unicode_ci DEFAULT NULL,
  `is_primary` tinyint(1) DEFAULT '0',
  `is_shipping_location` tinyint(1) DEFAULT '1',
  `created_at` timestamp NULL DEFAULT NULL,
  `updated_at` timestamp NULL DEFAULT NULL,
  PRIMARY KEY (`id`)
) ENGINE=InnoDB AUTO_INCREMENT=2 DEFAULT CHARSET=utf8mb4 COLLATE=utf8mb4_unicode_ci;
/*!40101 SET character_set_client = @saved_cs_client */;

--
-- Dumping data for table `ec_store_locators`
--

LOCK TABLES `ec_store_locators` WRITE;
/*!40000 ALTER TABLE `ec_store_locators` DISABLE KEYS */;
INSERT INTO `ec_store_locators` VALUES (1,'Martfury','sales@botble.com','1800979769','502 New Street','AU','Brighton VIC','Brighton VIC',1,1,'2023-03-01 01:08:21','2023-03-01 01:08:21');
/*!40000 ALTER TABLE `ec_store_locators` ENABLE KEYS */;
UNLOCK TABLES;

--
-- Table structure for table `ec_tax_products`
--

DROP TABLE IF EXISTS `ec_tax_products`;
/*!40101 SET @saved_cs_client     = @@character_set_client */;
/*!50503 SET character_set_client = utf8mb4 */;
CREATE TABLE `ec_tax_products` (
  `tax_id` bigint unsigned NOT NULL,
  `product_id` bigint unsigned NOT NULL,
  PRIMARY KEY (`product_id`,`tax_id`),
  KEY `ec_tax_products_tax_id_index` (`tax_id`),
  KEY `ec_tax_products_product_id_index` (`product_id`)
) ENGINE=InnoDB DEFAULT CHARSET=utf8mb4 COLLATE=utf8mb4_unicode_ci;
/*!40101 SET character_set_client = @saved_cs_client */;

--
-- Dumping data for table `ec_tax_products`
--

LOCK TABLES `ec_tax_products` WRITE;
/*!40000 ALTER TABLE `ec_tax_products` DISABLE KEYS */;
INSERT INTO `ec_tax_products` VALUES (1,1),(1,2),(1,3),(1,4),(1,5),(1,6),(1,7),(1,8),(1,9),(1,10),(1,11),(1,12),(1,13),(1,14),(1,15),(1,16),(1,17),(1,18),(1,19),(1,20),(1,21),(1,22),(1,23);
/*!40000 ALTER TABLE `ec_tax_products` ENABLE KEYS */;
UNLOCK TABLES;

--
-- Table structure for table `ec_taxes`
--

DROP TABLE IF EXISTS `ec_taxes`;
/*!40101 SET @saved_cs_client     = @@character_set_client */;
/*!50503 SET character_set_client = utf8mb4 */;
CREATE TABLE `ec_taxes` (
  `id` bigint unsigned NOT NULL AUTO_INCREMENT,
  `title` varchar(191) COLLATE utf8mb4_unicode_ci DEFAULT NULL,
  `percentage` double(8,6) DEFAULT NULL,
  `priority` int DEFAULT NULL,
  `status` varchar(60) COLLATE utf8mb4_unicode_ci NOT NULL DEFAULT 'published',
  `created_at` timestamp NULL DEFAULT NULL,
  `updated_at` timestamp NULL DEFAULT NULL,
  PRIMARY KEY (`id`)
) ENGINE=InnoDB AUTO_INCREMENT=4 DEFAULT CHARSET=utf8mb4 COLLATE=utf8mb4_unicode_ci;
/*!40101 SET character_set_client = @saved_cs_client */;

--
-- Dumping data for table `ec_taxes`
--

LOCK TABLES `ec_taxes` WRITE;
/*!40000 ALTER TABLE `ec_taxes` DISABLE KEYS */;
INSERT INTO `ec_taxes` VALUES (1,'VAT',10.000000,1,'published','2023-03-01 01:08:20','2023-03-01 01:08:20'),(2,'None',0.000000,2,'published','2023-03-01 01:08:20','2023-03-01 01:08:20'),(3,'Import Tax',15.000000,3,'published','2023-03-01 01:08:20','2023-03-01 01:08:20');
/*!40000 ALTER TABLE `ec_taxes` ENABLE KEYS */;
UNLOCK TABLES;

--
-- Table structure for table `ec_wish_lists`
--

DROP TABLE IF EXISTS `ec_wish_lists`;
/*!40101 SET @saved_cs_client     = @@character_set_client */;
/*!50503 SET character_set_client = utf8mb4 */;
CREATE TABLE `ec_wish_lists` (
  `id` bigint unsigned NOT NULL AUTO_INCREMENT,
  `customer_id` bigint unsigned NOT NULL,
  `product_id` bigint unsigned NOT NULL,
  `created_at` timestamp NULL DEFAULT NULL,
  `updated_at` timestamp NULL DEFAULT NULL,
  PRIMARY KEY (`id`),
  KEY `ec_wish_lists_product_id_customer_id_index` (`product_id`,`customer_id`)
) ENGINE=InnoDB DEFAULT CHARSET=utf8mb4 COLLATE=utf8mb4_unicode_ci;
/*!40101 SET character_set_client = @saved_cs_client */;

--
-- Dumping data for table `ec_wish_lists`
--

LOCK TABLES `ec_wish_lists` WRITE;
/*!40000 ALTER TABLE `ec_wish_lists` DISABLE KEYS */;
/*!40000 ALTER TABLE `ec_wish_lists` ENABLE KEYS */;
UNLOCK TABLES;

--
-- Table structure for table `failed_jobs`
--

DROP TABLE IF EXISTS `failed_jobs`;
/*!40101 SET @saved_cs_client     = @@character_set_client */;
/*!50503 SET character_set_client = utf8mb4 */;
CREATE TABLE `failed_jobs` (
  `id` bigint unsigned NOT NULL AUTO_INCREMENT,
  `uuid` varchar(191) COLLATE utf8mb4_unicode_ci NOT NULL,
  `connection` text COLLATE utf8mb4_unicode_ci NOT NULL,
  `queue` text COLLATE utf8mb4_unicode_ci NOT NULL,
  `payload` longtext COLLATE utf8mb4_unicode_ci NOT NULL,
  `exception` longtext COLLATE utf8mb4_unicode_ci NOT NULL,
  `failed_at` timestamp NOT NULL DEFAULT CURRENT_TIMESTAMP,
  PRIMARY KEY (`id`),
  UNIQUE KEY `failed_jobs_uuid_unique` (`uuid`)
) ENGINE=InnoDB DEFAULT CHARSET=utf8mb4 COLLATE=utf8mb4_unicode_ci;
/*!40101 SET character_set_client = @saved_cs_client */;

--
-- Dumping data for table `failed_jobs`
--

LOCK TABLES `failed_jobs` WRITE;
/*!40000 ALTER TABLE `failed_jobs` DISABLE KEYS */;
/*!40000 ALTER TABLE `failed_jobs` ENABLE KEYS */;
UNLOCK TABLES;

--
-- Table structure for table `faq_categories`
--

DROP TABLE IF EXISTS `faq_categories`;
/*!40101 SET @saved_cs_client     = @@character_set_client */;
/*!50503 SET character_set_client = utf8mb4 */;
CREATE TABLE `faq_categories` (
  `id` bigint unsigned NOT NULL AUTO_INCREMENT,
  `name` varchar(120) COLLATE utf8mb4_unicode_ci NOT NULL,
  `order` tinyint NOT NULL DEFAULT '0',
  `status` varchar(60) COLLATE utf8mb4_unicode_ci NOT NULL DEFAULT 'published',
  `created_at` timestamp NULL DEFAULT NULL,
  `updated_at` timestamp NULL DEFAULT NULL,
  PRIMARY KEY (`id`)
) ENGINE=InnoDB AUTO_INCREMENT=4 DEFAULT CHARSET=utf8mb4 COLLATE=utf8mb4_unicode_ci;
/*!40101 SET character_set_client = @saved_cs_client */;

--
-- Dumping data for table `faq_categories`
--

LOCK TABLES `faq_categories` WRITE;
/*!40000 ALTER TABLE `faq_categories` DISABLE KEYS */;
INSERT INTO `faq_categories` VALUES (1,'SHIPPING',0,'published','2023-03-01 01:08:21','2023-03-01 01:08:21'),(2,'PAYMENT',1,'published','2023-03-01 01:08:21','2023-03-01 01:08:21'),(3,'ORDER &amp; RETURNS',2,'published','2023-03-01 01:08:21','2023-03-01 01:08:21');
/*!40000 ALTER TABLE `faq_categories` ENABLE KEYS */;
UNLOCK TABLES;

--
-- Table structure for table `faq_categories_translations`
--

DROP TABLE IF EXISTS `faq_categories_translations`;
/*!40101 SET @saved_cs_client     = @@character_set_client */;
/*!50503 SET character_set_client = utf8mb4 */;
CREATE TABLE `faq_categories_translations` (
  `lang_code` varchar(191) COLLATE utf8mb4_unicode_ci NOT NULL,
  `faq_categories_id` bigint unsigned NOT NULL,
  `name` varchar(120) COLLATE utf8mb4_unicode_ci DEFAULT NULL,
  PRIMARY KEY (`lang_code`,`faq_categories_id`)
) ENGINE=InnoDB DEFAULT CHARSET=utf8mb4 COLLATE=utf8mb4_unicode_ci;
/*!40101 SET character_set_client = @saved_cs_client */;

--
-- Dumping data for table `faq_categories_translations`
--

LOCK TABLES `faq_categories_translations` WRITE;
/*!40000 ALTER TABLE `faq_categories_translations` DISABLE KEYS */;
INSERT INTO `faq_categories_translations` VALUES ('vi',1,'VẬN CHUYỂN'),('vi',2,'THANH TOÁN'),('vi',3,'ĐƠN HÀNG & HOÀN TRẢ');
/*!40000 ALTER TABLE `faq_categories_translations` ENABLE KEYS */;
UNLOCK TABLES;

--
-- Table structure for table `faqs`
--

DROP TABLE IF EXISTS `faqs`;
/*!40101 SET @saved_cs_client     = @@character_set_client */;
/*!50503 SET character_set_client = utf8mb4 */;
CREATE TABLE `faqs` (
  `id` bigint unsigned NOT NULL AUTO_INCREMENT,
  `question` text COLLATE utf8mb4_unicode_ci NOT NULL,
  `answer` text COLLATE utf8mb4_unicode_ci NOT NULL,
  `category_id` bigint unsigned NOT NULL,
  `status` varchar(60) COLLATE utf8mb4_unicode_ci NOT NULL DEFAULT 'published',
  `created_at` timestamp NULL DEFAULT NULL,
  `updated_at` timestamp NULL DEFAULT NULL,
  PRIMARY KEY (`id`)
) ENGINE=InnoDB AUTO_INCREMENT=11 DEFAULT CHARSET=utf8mb4 COLLATE=utf8mb4_unicode_ci;
/*!40101 SET character_set_client = @saved_cs_client */;

--
-- Dumping data for table `faqs`
--

LOCK TABLES `faqs` WRITE;
/*!40000 ALTER TABLE `faqs` DISABLE KEYS */;
INSERT INTO `faqs` VALUES (1,'What Shipping Methods Are Available?','Ex Portland Pitchfork irure mustache. Eutra fap before they sold out literally. Aliquip ugh bicycle rights actually mlkshk, seitan squid craft beer tempor.',1,'published','2023-03-01 01:08:21','2023-03-01 01:08:21'),(2,'Do You Ship Internationally?','Hoodie tote bag mixtape tofu. Typewriter jean shorts wolf quinoa, messenger bag organic freegan cray.',1,'published','2023-03-01 01:08:21','2023-03-01 01:08:21'),(3,'How Long Will It Take To Get My Package?','Swag slow-carb quinoa VHS typewriter pork belly brunch, paleo single-origin coffee Wes Anderson. Flexitarian Pitchfork forage, literally paleo fap pour-over. Wes Anderson Pinterest YOLO fanny pack meggings, deep v XOXO chambray sustainable slow-carb raw denim church-key fap chillwave Etsy. +1 typewriter kitsch, American Apparel tofu Banksy Vice.',1,'published','2023-03-01 01:08:21','2023-03-01 01:08:21'),(4,'What Payment Methods Are Accepted?','Fashion axe DIY jean shorts, swag kale chips meh polaroid kogi butcher Wes Anderson chambray next level semiotics gentrify yr. Voluptate photo booth fugiat Vice. Austin sed Williamsburg, ea labore raw denim voluptate cred proident mixtape excepteur mustache. Twee chia photo booth readymade food truck, hoodie roof party swag keytar PBR DIY.',2,'published','2023-03-01 01:08:21','2023-03-01 01:08:21'),(5,'Is Buying On-Line Safe?','Art party authentic freegan semiotics jean shorts chia cred. Neutra Austin roof party Brooklyn, synth Thundercats swag 8-bit photo booth. Plaid letterpress leggings craft beer meh ethical Pinterest.',2,'published','2023-03-01 01:08:21','2023-03-01 01:08:21'),(6,'How do I place an Order?','Keytar cray slow-carb, Godard banh mi salvia pour-over. Slow-carb Odd Future seitan normcore. Master cleanse American Apparel gentrify flexitarian beard slow-carb next level. Raw denim polaroid paleo farm-to-table, put a bird on it lo-fi tattooed Wes Anderson Pinterest letterpress. Fingerstache McSweeney’s pour-over, letterpress Schlitz photo booth master cleanse bespoke hashtag chillwave gentrify.',3,'published','2023-03-01 01:08:21','2023-03-01 01:08:21'),(7,'How Can I Cancel Or Change My Order?','Plaid letterpress leggings craft beer meh ethical Pinterest. Art party authentic freegan semiotics jean shorts chia cred. Neutra Austin roof party Brooklyn, synth Thundercats swag 8-bit photo booth.',3,'published','2023-03-01 01:08:21','2023-03-01 01:08:21'),(8,'Do I need an account to place an order?','Thundercats swag 8-bit photo booth. Plaid letterpress leggings craft beer meh ethical Pinterest. Twee chia photo booth readymade food truck, hoodie roof party swag keytar PBR DIY. Cray ugh 3 wolf moon fap, fashion axe irony butcher cornhole typewriter chambray VHS banjo street art.',3,'published','2023-03-01 01:08:21','2023-03-01 01:08:21'),(9,'How Do I Track My Order?','Keytar cray slow-carb, Godard banh mi salvia pour-over. Slow-carb @Odd Future seitan normcore. Master cleanse American Apparel gentrify flexitarian beard slow-carb next level.',3,'published','2023-03-01 01:08:21','2023-03-01 01:08:21'),(10,'How Can I Return a Product?','Kale chips Truffaut Williamsburg, hashtag fixie Pinterest raw denim c hambray drinking vinegar Carles street art Bushwick gastropub. Wolf Tumblr paleo church-key. Plaid food truck Echo Park YOLO bitters hella, direct trade Thundercats leggings quinoa before they sold out. You probably haven’t heard of them wayfarers authentic umami drinking vinegar Pinterest Cosby sweater, fingerstache fap High Life.',3,'published','2023-03-01 01:08:21','2023-03-01 01:08:21');
/*!40000 ALTER TABLE `faqs` ENABLE KEYS */;
UNLOCK TABLES;

--
-- Table structure for table `faqs_translations`
--

DROP TABLE IF EXISTS `faqs_translations`;
/*!40101 SET @saved_cs_client     = @@character_set_client */;
/*!50503 SET character_set_client = utf8mb4 */;
CREATE TABLE `faqs_translations` (
  `lang_code` varchar(191) COLLATE utf8mb4_unicode_ci NOT NULL,
  `faqs_id` bigint unsigned NOT NULL,
  `question` text COLLATE utf8mb4_unicode_ci,
  `answer` text COLLATE utf8mb4_unicode_ci,
  PRIMARY KEY (`lang_code`,`faqs_id`)
) ENGINE=InnoDB DEFAULT CHARSET=utf8mb4 COLLATE=utf8mb4_unicode_ci;
/*!40101 SET character_set_client = @saved_cs_client */;

--
-- Dumping data for table `faqs_translations`
--

LOCK TABLES `faqs_translations` WRITE;
/*!40000 ALTER TABLE `faqs_translations` DISABLE KEYS */;
INSERT INTO `faqs_translations` VALUES ('vi',1,'Có những phương thức vận chuyển nào?','Ex Portland Pitchfork irure ria mép. Eutra fap trước khi họ bán hết theo đúng nghĩa đen. Aliquip ugh quyền xe đạp thực sự mlkshk, rượu bia thủ công mực seitan. '),('vi',2,'Bạn có giao hàng quốc tế không?','Áo hoodie túi tote Tofu mixtape. Quần đùi jean đánh chữ Wolf quinoa, túi messenger hữu cơ freegan cray. '),('vi',3,'Mất bao lâu để nhận được gói hàng của tôi?','Bữa nửa buổi ăn sáng bằng bụng heo quay từ máy đánh chữ VHS, cà phê có nguồn gốc đơn Paleo, Wes Anderson. Khoan Pitchfork linh hoạt, theo nghĩa đen là đổ qua fap theo nghĩa đen. Wes Anderson Pinterest YOLO fanny pack meggings, deep v XOXO chambray bền vững slow-carb raw denim Church-key fap chillwave Etsy. +1 bộ dụng cụ đánh máy, đậu phụ Banksy Vice của American Apparel. '),('vi',4,'Phương thức thanh toán nào được chấp nhận?','Fashion Axe DIY jean shorts, swag kale chips meh polaroid kogi butcher Wes Anderson chambray next level semiotics gentrify yr. Quầy ảnh Voluptate fugiat Vice. Austin sed Williamsburg, ea labore raw denim voluptate cred proident mixtape excepteur ria mép. Twee chia gian hàng chụp ảnh xe bán đồ ăn sẵn, bữa tiệc trên mái áo hoodie swag keytar PBR DIY. '),('vi',5,'Mua trực tuyến có an toàn không?','Bữa tiệc nghệ thuật đích thực freegan semiotics jean shorts chia credit. Tiệc trên mái nhà Neutra Austin Brooklyn, Thundercats swag synth gian hàng ảnh 8-bit. Xà cạp letterpress kẻ sọc thủ công bia meh đạo đức Pinterest. '),('vi',6,'Làm cách nào để đặt hàng?','Keytar cray slow-carb, Godard banh mi salvia pour-over. Slow-carb Odd Định mức seitan trong tương lai. Master làm sạch American Apparel nhẹ nhàng làm sạch râu linh hoạt chậm carb cấp độ tiếp theo. Vải thô denim polaroid nhạt từ trang trại đến bàn, đặt một con chim trên đó hình xăm lo-fi Wes Anderson Pinterest letterpress. Bậc thầy gian hàng ảnh Schlitz của Fingerstache McSweeney đang làm sạch thẻ bắt đầu bằng hashtag theo yêu cầu riêng, chillwave gentrify. '),('vi',7,'Làm cách nào để tôi có thể hủy hoặc thay đổi đơn hàng của mình?','Xà cạp letterpress kẻ sọc thủ công bia meh đạo đức Pinterest. Bữa tiệc nghệ thuật đích thực freegan semiotics jean shorts chia tín. Tiệc trên mái nhà Neutra Austin ở Brooklyn, synth Thundercats có gian hàng ảnh 8-bit. '),('vi',8,'Tôi có cần tài khoản để đặt hàng không?','Thundercats làm lung lay gian hàng ảnh 8-bit. Xà cạp letterpress kẻ sọc thủ công bia meh đạo đức Pinterest. Twee chia ảnh gian hàng xe bán thức ăn làm sẵn, bữa tiệc trên mái áo hoodie swag keytar PBR DIY. Cray ugh 3 wolf moon fap, rìu thời trang mỉa mai người bán thịt máy đánh chữ chambray VHS banjo nghệ thuật đường phố. '),('vi',9,'Làm cách nào để theo dõi đơn hàng của tôi?','Keytar cray slow-carb, Godard banh mi salvia pour-over. Slow-carb @Odd Định mức seitan trong tương lai. Bậc thầy làm sạch American Apparel nhẹ nhàng làm sạch râu linh hoạt theo kiểu chậm carb cấp độ tiếp theo. '),('vi',10,'Làm cách nào để trả lại sản phẩm?','Kale chips Truffaut Williamsburg, fixie hashtag Pinterest raw denim c hambray uống giấm Carles street art Bushwick gastropub. Chìa khóa nhà thờ Wolf Tumblr. Xe tải thực phẩm kẻ sọc Echo Park YOLO cắn hella, giao dịch trực tiếp Thundercats legging quinoa trước khi bán hết. Có thể bạn chưa từng nghe nói về họ những người truyền bá vị umami đích thực uống giấm Pinterest Áo len Cosby, fingerstache fap High Life. ');
/*!40000 ALTER TABLE `faqs_translations` ENABLE KEYS */;
UNLOCK TABLES;

--
-- Table structure for table `jobs`
--

DROP TABLE IF EXISTS `jobs`;
/*!40101 SET @saved_cs_client     = @@character_set_client */;
/*!50503 SET character_set_client = utf8mb4 */;
CREATE TABLE `jobs` (
  `id` bigint unsigned NOT NULL AUTO_INCREMENT,
  `queue` varchar(191) COLLATE utf8mb4_unicode_ci NOT NULL,
  `payload` longtext COLLATE utf8mb4_unicode_ci NOT NULL,
  `attempts` tinyint unsigned NOT NULL,
  `reserved_at` int unsigned DEFAULT NULL,
  `available_at` int unsigned NOT NULL,
  `created_at` int unsigned NOT NULL,
  PRIMARY KEY (`id`),
  KEY `jobs_queue_index` (`queue`)
) ENGINE=InnoDB DEFAULT CHARSET=utf8mb4 COLLATE=utf8mb4_unicode_ci;
/*!40101 SET character_set_client = @saved_cs_client */;

--
-- Dumping data for table `jobs`
--

LOCK TABLES `jobs` WRITE;
/*!40000 ALTER TABLE `jobs` DISABLE KEYS */;
/*!40000 ALTER TABLE `jobs` ENABLE KEYS */;
UNLOCK TABLES;

--
-- Table structure for table `language_meta`
--

DROP TABLE IF EXISTS `language_meta`;
/*!40101 SET @saved_cs_client     = @@character_set_client */;
/*!50503 SET character_set_client = utf8mb4 */;
CREATE TABLE `language_meta` (
  `lang_meta_id` bigint unsigned NOT NULL AUTO_INCREMENT,
  `lang_meta_code` text COLLATE utf8mb4_unicode_ci,
  `lang_meta_origin` varchar(255) COLLATE utf8mb4_unicode_ci NOT NULL,
  `reference_id` bigint unsigned NOT NULL,
  `reference_type` varchar(120) COLLATE utf8mb4_unicode_ci NOT NULL,
  PRIMARY KEY (`lang_meta_id`),
  KEY `language_meta_reference_id_index` (`reference_id`)
) ENGINE=InnoDB AUTO_INCREMENT=13 DEFAULT CHARSET=utf8mb4 COLLATE=utf8mb4_unicode_ci;
/*!40101 SET character_set_client = @saved_cs_client */;

--
-- Dumping data for table `language_meta`
--

LOCK TABLES `language_meta` WRITE;
/*!40000 ALTER TABLE `language_meta` DISABLE KEYS */;
INSERT INTO `language_meta` VALUES (1,'en_US','6f37e4a804eb3645a5d4b6c3ca7abb1a',1,'Botble\\SimpleSlider\\Models\\SimpleSlider'),(2,'vi','6f37e4a804eb3645a5d4b6c3ca7abb1a',2,'Botble\\SimpleSlider\\Models\\SimpleSlider'),(3,'en_US','cefff51bc5eed6ed24a66db902b9aad1',1,'Botble\\Menu\\Models\\MenuLocation'),(4,'en_US','81e3bab6b21b009bf454dffd9e9300b1',1,'Botble\\Menu\\Models\\Menu'),(5,'en_US','1eb566716ae3ef0f3377c354dee3c253',2,'Botble\\Menu\\Models\\Menu'),(6,'en_US','c6fbb2686ea87d91a3550076cffce86c',3,'Botble\\Menu\\Models\\Menu'),(7,'en_US','ffb843620867f6b3dbcfb58381bdb67c',4,'Botble\\Menu\\Models\\Menu'),(8,'vi','832af9aee70e0c8ea1f0d9d87de77cca',2,'Botble\\Menu\\Models\\MenuLocation'),(9,'vi','81e3bab6b21b009bf454dffd9e9300b1',5,'Botble\\Menu\\Models\\Menu'),(10,'vi','1eb566716ae3ef0f3377c354dee3c253',6,'Botble\\Menu\\Models\\Menu'),(11,'vi','c6fbb2686ea87d91a3550076cffce86c',7,'Botble\\Menu\\Models\\Menu'),(12,'vi','ffb843620867f6b3dbcfb58381bdb67c',8,'Botble\\Menu\\Models\\Menu');
/*!40000 ALTER TABLE `language_meta` ENABLE KEYS */;
UNLOCK TABLES;

--
-- Table structure for table `languages`
--

DROP TABLE IF EXISTS `languages`;
/*!40101 SET @saved_cs_client     = @@character_set_client */;
/*!50503 SET character_set_client = utf8mb4 */;
CREATE TABLE `languages` (
  `lang_id` bigint unsigned NOT NULL AUTO_INCREMENT,
  `lang_name` varchar(120) COLLATE utf8mb4_unicode_ci NOT NULL,
  `lang_locale` varchar(20) COLLATE utf8mb4_unicode_ci NOT NULL,
  `lang_code` varchar(20) COLLATE utf8mb4_unicode_ci NOT NULL,
  `lang_flag` varchar(20) COLLATE utf8mb4_unicode_ci DEFAULT NULL,
  `lang_is_default` tinyint unsigned NOT NULL DEFAULT '0',
  `lang_order` int NOT NULL DEFAULT '0',
  `lang_is_rtl` tinyint unsigned NOT NULL DEFAULT '0',
  PRIMARY KEY (`lang_id`)
) ENGINE=InnoDB AUTO_INCREMENT=3 DEFAULT CHARSET=utf8mb4 COLLATE=utf8mb4_unicode_ci;
/*!40101 SET character_set_client = @saved_cs_client */;

--
-- Dumping data for table `languages`
--

LOCK TABLES `languages` WRITE;
/*!40000 ALTER TABLE `languages` DISABLE KEYS */;
INSERT INTO `languages` VALUES (1,'English','en','en_US','us',1,0,0),(2,'Tiếng Việt','vi','vi','vn',0,0,0);
/*!40000 ALTER TABLE `languages` ENABLE KEYS */;
UNLOCK TABLES;

--
-- Table structure for table `media_files`
--

DROP TABLE IF EXISTS `media_files`;
/*!40101 SET @saved_cs_client     = @@character_set_client */;
/*!50503 SET character_set_client = utf8mb4 */;
CREATE TABLE `media_files` (
  `id` bigint unsigned NOT NULL AUTO_INCREMENT,
  `user_id` bigint unsigned NOT NULL,
  `name` varchar(255) COLLATE utf8mb4_unicode_ci NOT NULL,
  `alt` varchar(191) COLLATE utf8mb4_unicode_ci DEFAULT NULL,
  `folder_id` bigint unsigned NOT NULL DEFAULT '0',
  `mime_type` varchar(120) COLLATE utf8mb4_unicode_ci NOT NULL,
  `size` int NOT NULL,
  `url` varchar(255) COLLATE utf8mb4_unicode_ci NOT NULL,
  `options` text COLLATE utf8mb4_unicode_ci,
  `created_at` timestamp NULL DEFAULT NULL,
  `updated_at` timestamp NULL DEFAULT NULL,
  `deleted_at` timestamp NULL DEFAULT NULL,
  PRIMARY KEY (`id`),
  KEY `media_files_user_id_index` (`user_id`),
  KEY `media_files_index` (`folder_id`,`user_id`,`created_at`)
) ENGINE=InnoDB AUTO_INCREMENT=151 DEFAULT CHARSET=utf8mb4 COLLATE=utf8mb4_unicode_ci;
/*!40101 SET character_set_client = @saved_cs_client */;

--
-- Dumping data for table `media_files`
--

LOCK TABLES `media_files` WRITE;
/*!40000 ALTER TABLE `media_files` DISABLE KEYS */;
INSERT INTO `media_files` VALUES (1,0,'1','1',1,'image/jpeg',916,'brands/1.jpg','[]','2023-03-01 01:08:13','2023-03-01 01:08:13',NULL),(2,0,'2','2',1,'image/jpeg',916,'brands/2.jpg','[]','2023-03-01 01:08:13','2023-03-01 01:08:13',NULL),(3,0,'3','3',1,'image/jpeg',916,'brands/3.jpg','[]','2023-03-01 01:08:13','2023-03-01 01:08:13',NULL),(4,0,'4','4',1,'image/jpeg',916,'brands/4.jpg','[]','2023-03-01 01:08:13','2023-03-01 01:08:13',NULL),(5,0,'5','5',1,'image/jpeg',916,'brands/5.jpg','[]','2023-03-01 01:08:13','2023-03-01 01:08:13',NULL),(6,0,'6','6',1,'image/jpeg',916,'brands/6.jpg','[]','2023-03-01 01:08:13','2023-03-01 01:08:13',NULL),(7,0,'7','7',1,'image/jpeg',916,'brands/7.jpg','[]','2023-03-01 01:08:13','2023-03-01 01:08:13',NULL),(8,0,'1','1',2,'image/jpeg',2165,'product-categories/1.jpg','[]','2023-03-01 01:08:13','2023-03-01 01:08:13',NULL),(9,0,'2','2',2,'image/jpeg',2165,'product-categories/2.jpg','[]','2023-03-01 01:08:13','2023-03-01 01:08:13',NULL),(10,0,'3','3',2,'image/jpeg',2165,'product-categories/3.jpg','[]','2023-03-01 01:08:13','2023-03-01 01:08:13',NULL),(11,0,'4','4',2,'image/jpeg',2165,'product-categories/4.jpg','[]','2023-03-01 01:08:13','2023-03-01 01:08:13',NULL),(12,0,'5','5',2,'image/jpeg',2165,'product-categories/5.jpg','[]','2023-03-01 01:08:14','2023-03-01 01:08:14',NULL),(13,0,'6','6',2,'image/jpeg',2165,'product-categories/6.jpg','[]','2023-03-01 01:08:14','2023-03-01 01:08:14',NULL),(14,0,'7','7',2,'image/jpeg',2165,'product-categories/7.jpg','[]','2023-03-01 01:08:14','2023-03-01 01:08:14',NULL),(15,0,'8','8',2,'image/jpeg',2165,'product-categories/8.jpg','[]','2023-03-01 01:08:14','2023-03-01 01:08:14',NULL),(16,0,'1','1',3,'image/jpeg',2165,'products/1.jpg','[]','2023-03-01 01:08:14','2023-03-01 01:08:14',NULL),(17,0,'10-1','10-1',3,'image/jpeg',2165,'products/10-1.jpg','[]','2023-03-01 01:08:14','2023-03-01 01:08:14',NULL),(18,0,'10-2','10-2',3,'image/jpeg',2165,'products/10-2.jpg','[]','2023-03-01 01:08:14','2023-03-01 01:08:14',NULL),(19,0,'10','10',3,'image/jpeg',2165,'products/10.jpg','[]','2023-03-01 01:08:14','2023-03-01 01:08:14',NULL),(20,0,'11-1','11-1',3,'image/jpeg',2165,'products/11-1.jpg','[]','2023-03-01 01:08:14','2023-03-01 01:08:14',NULL),(21,0,'11-2','11-2',3,'image/jpeg',2165,'products/11-2.jpg','[]','2023-03-01 01:08:14','2023-03-01 01:08:14',NULL),(22,0,'11-3','11-3',3,'image/jpeg',2165,'products/11-3.jpg','[]','2023-03-01 01:08:14','2023-03-01 01:08:14',NULL),(23,0,'11','11',3,'image/jpeg',2165,'products/11.jpg','[]','2023-03-01 01:08:14','2023-03-01 01:08:14',NULL),(24,0,'12-1','12-1',3,'image/jpeg',2165,'products/12-1.jpg','[]','2023-03-01 01:08:14','2023-03-01 01:08:14',NULL),(25,0,'12-2','12-2',3,'image/jpeg',2165,'products/12-2.jpg','[]','2023-03-01 01:08:14','2023-03-01 01:08:14',NULL),(26,0,'12-3','12-3',3,'image/jpeg',2165,'products/12-3.jpg','[]','2023-03-01 01:08:14','2023-03-01 01:08:14',NULL),(27,0,'12','12',3,'image/jpeg',2165,'products/12.jpg','[]','2023-03-01 01:08:14','2023-03-01 01:08:14',NULL),(28,0,'13-1','13-1',3,'image/jpeg',2165,'products/13-1.jpg','[]','2023-03-01 01:08:14','2023-03-01 01:08:14',NULL),(29,0,'13','13',3,'image/jpeg',2165,'products/13.jpg','[]','2023-03-01 01:08:15','2023-03-01 01:08:15',NULL),(30,0,'14','14',3,'image/jpeg',2165,'products/14.jpg','[]','2023-03-01 01:08:15','2023-03-01 01:08:15',NULL),(31,0,'15-1','15-1',3,'image/jpeg',2165,'products/15-1.jpg','[]','2023-03-01 01:08:15','2023-03-01 01:08:15',NULL),(32,0,'15','15',3,'image/jpeg',2165,'products/15.jpg','[]','2023-03-01 01:08:15','2023-03-01 01:08:15',NULL),(33,0,'16','16',3,'image/jpeg',2165,'products/16.jpg','[]','2023-03-01 01:08:15','2023-03-01 01:08:15',NULL),(34,0,'17-1','17-1',3,'image/jpeg',2165,'products/17-1.jpg','[]','2023-03-01 01:08:15','2023-03-01 01:08:15',NULL),(35,0,'17-2','17-2',3,'image/jpeg',2165,'products/17-2.jpg','[]','2023-03-01 01:08:15','2023-03-01 01:08:15',NULL),(36,0,'17-3','17-3',3,'image/jpeg',2165,'products/17-3.jpg','[]','2023-03-01 01:08:15','2023-03-01 01:08:15',NULL),(37,0,'17','17',3,'image/jpeg',2165,'products/17.jpg','[]','2023-03-01 01:08:15','2023-03-01 01:08:15',NULL),(38,0,'18-1','18-1',3,'image/jpeg',2165,'products/18-1.jpg','[]','2023-03-01 01:08:15','2023-03-01 01:08:15',NULL),(39,0,'18-2','18-2',3,'image/jpeg',2165,'products/18-2.jpg','[]','2023-03-01 01:08:15','2023-03-01 01:08:15',NULL),(40,0,'18-3','18-3',3,'image/jpeg',2165,'products/18-3.jpg','[]','2023-03-01 01:08:15','2023-03-01 01:08:15',NULL),(41,0,'18','18',3,'image/jpeg',2165,'products/18.jpg','[]','2023-03-01 01:08:15','2023-03-01 01:08:15',NULL),(42,0,'19-1','19-1',3,'image/jpeg',2165,'products/19-1.jpg','[]','2023-03-01 01:08:15','2023-03-01 01:08:15',NULL),(43,0,'19-2','19-2',3,'image/jpeg',2165,'products/19-2.jpg','[]','2023-03-01 01:08:15','2023-03-01 01:08:15',NULL),(44,0,'19-3','19-3',3,'image/jpeg',2165,'products/19-3.jpg','[]','2023-03-01 01:08:15','2023-03-01 01:08:15',NULL),(45,0,'19','19',3,'image/jpeg',2165,'products/19.jpg','[]','2023-03-01 01:08:15','2023-03-01 01:08:15',NULL),(46,0,'2-1','2-1',3,'image/jpeg',2165,'products/2-1.jpg','[]','2023-03-01 01:08:15','2023-03-01 01:08:15',NULL),(47,0,'2-2','2-2',3,'image/jpeg',2165,'products/2-2.jpg','[]','2023-03-01 01:08:15','2023-03-01 01:08:15',NULL),(48,0,'2-3','2-3',3,'image/jpeg',2165,'products/2-3.jpg','[]','2023-03-01 01:08:15','2023-03-01 01:08:15',NULL),(49,0,'2','2',3,'image/jpeg',2165,'products/2.jpg','[]','2023-03-01 01:08:16','2023-03-01 01:08:16',NULL),(50,0,'20-1','20-1',3,'image/jpeg',2165,'products/20-1.jpg','[]','2023-03-01 01:08:16','2023-03-01 01:08:16',NULL),(51,0,'20-2','20-2',3,'image/jpeg',2165,'products/20-2.jpg','[]','2023-03-01 01:08:16','2023-03-01 01:08:16',NULL),(52,0,'20-3','20-3',3,'image/jpeg',2165,'products/20-3.jpg','[]','2023-03-01 01:08:16','2023-03-01 01:08:16',NULL),(53,0,'20','20',3,'image/jpeg',2165,'products/20.jpg','[]','2023-03-01 01:08:16','2023-03-01 01:08:16',NULL),(54,0,'21-1','21-1',3,'image/jpeg',2165,'products/21-1.jpg','[]','2023-03-01 01:08:16','2023-03-01 01:08:16',NULL),(55,0,'21-2','21-2',3,'image/jpeg',2165,'products/21-2.jpg','[]','2023-03-01 01:08:16','2023-03-01 01:08:16',NULL),(56,0,'21','21',3,'image/jpeg',2165,'products/21.jpg','[]','2023-03-01 01:08:16','2023-03-01 01:08:16',NULL),(57,0,'22-1','22-1',3,'image/jpeg',2165,'products/22-1.jpg','[]','2023-03-01 01:08:16','2023-03-01 01:08:16',NULL),(58,0,'22-2','22-2',3,'image/jpeg',2165,'products/22-2.jpg','[]','2023-03-01 01:08:16','2023-03-01 01:08:16',NULL),(59,0,'22-3','22-3',3,'image/jpeg',2165,'products/22-3.jpg','[]','2023-03-01 01:08:16','2023-03-01 01:08:16',NULL),(60,0,'22','22',3,'image/jpeg',2165,'products/22.jpg','[]','2023-03-01 01:08:16','2023-03-01 01:08:16',NULL),(61,0,'23-1','23-1',3,'image/jpeg',2165,'products/23-1.jpg','[]','2023-03-01 01:08:16','2023-03-01 01:08:16',NULL),(62,0,'23-2','23-2',3,'image/jpeg',2165,'products/23-2.jpg','[]','2023-03-01 01:08:16','2023-03-01 01:08:16',NULL),(63,0,'23-3','23-3',3,'image/jpeg',2165,'products/23-3.jpg','[]','2023-03-01 01:08:16','2023-03-01 01:08:16',NULL),(64,0,'23','23',3,'image/jpeg',2165,'products/23.jpg','[]','2023-03-01 01:08:16','2023-03-01 01:08:16',NULL),(65,0,'3','3',3,'image/jpeg',2165,'products/3.jpg','[]','2023-03-01 01:08:16','2023-03-01 01:08:16',NULL),(66,0,'4-1','4-1',3,'image/jpeg',2165,'products/4-1.jpg','[]','2023-03-01 01:08:16','2023-03-01 01:08:16',NULL),(67,0,'4-2','4-2',3,'image/jpeg',2165,'products/4-2.jpg','[]','2023-03-01 01:08:16','2023-03-01 01:08:16',NULL),(68,0,'4-3','4-3',3,'image/jpeg',2165,'products/4-3.jpg','[]','2023-03-01 01:08:16','2023-03-01 01:08:16',NULL),(69,0,'4','4',3,'image/jpeg',2165,'products/4.jpg','[]','2023-03-01 01:08:17','2023-03-01 01:08:17',NULL),(70,0,'5-1','5-1',3,'image/jpeg',2165,'products/5-1.jpg','[]','2023-03-01 01:08:17','2023-03-01 01:08:17',NULL),(71,0,'5-2','5-2',3,'image/jpeg',2165,'products/5-2.jpg','[]','2023-03-01 01:08:17','2023-03-01 01:08:17',NULL),(72,0,'5-3','5-3',3,'image/jpeg',2165,'products/5-3.jpg','[]','2023-03-01 01:08:17','2023-03-01 01:08:17',NULL),(73,0,'5','5',3,'image/jpeg',2165,'products/5.jpg','[]','2023-03-01 01:08:17','2023-03-01 01:08:17',NULL),(74,0,'6','6',3,'image/jpeg',2165,'products/6.jpg','[]','2023-03-01 01:08:17','2023-03-01 01:08:17',NULL),(75,0,'7','7',3,'image/jpeg',2165,'products/7.jpg','[]','2023-03-01 01:08:17','2023-03-01 01:08:17',NULL),(76,0,'8-1','8-1',3,'image/jpeg',2165,'products/8-1.jpg','[]','2023-03-01 01:08:17','2023-03-01 01:08:17',NULL),(77,0,'8-2','8-2',3,'image/jpeg',2165,'products/8-2.jpg','[]','2023-03-01 01:08:17','2023-03-01 01:08:17',NULL),(78,0,'8-3','8-3',3,'image/jpeg',2165,'products/8-3.jpg','[]','2023-03-01 01:08:17','2023-03-01 01:08:17',NULL),(79,0,'8','8',3,'image/jpeg',2165,'products/8.jpg','[]','2023-03-01 01:08:17','2023-03-01 01:08:17',NULL),(80,0,'9-1','9-1',3,'image/jpeg',2165,'products/9-1.jpg','[]','2023-03-01 01:08:17','2023-03-01 01:08:17',NULL),(81,0,'9-2','9-2',3,'image/jpeg',2165,'products/9-2.jpg','[]','2023-03-01 01:08:17','2023-03-01 01:08:17',NULL),(82,0,'9','9',3,'image/jpeg',2165,'products/9.jpg','[]','2023-03-01 01:08:17','2023-03-01 01:08:17',NULL),(83,0,'1','1',4,'image/jpeg',2165,'customers/1.jpg','[]','2023-03-01 01:08:18','2023-03-01 01:08:18',NULL),(84,0,'10','10',4,'image/jpeg',2165,'customers/10.jpg','[]','2023-03-01 01:08:18','2023-03-01 01:08:18',NULL),(85,0,'2','2',4,'image/jpeg',2165,'customers/2.jpg','[]','2023-03-01 01:08:18','2023-03-01 01:08:18',NULL),(86,0,'3','3',4,'image/jpeg',2165,'customers/3.jpg','[]','2023-03-01 01:08:18','2023-03-01 01:08:18',NULL),(87,0,'4','4',4,'image/jpeg',2165,'customers/4.jpg','[]','2023-03-01 01:08:19','2023-03-01 01:08:19',NULL),(88,0,'5','5',4,'image/jpeg',2165,'customers/5.jpg','[]','2023-03-01 01:08:19','2023-03-01 01:08:19',NULL),(89,0,'6','6',4,'image/jpeg',2165,'customers/6.jpg','[]','2023-03-01 01:08:19','2023-03-01 01:08:19',NULL),(90,0,'7','7',4,'image/jpeg',2165,'customers/7.jpg','[]','2023-03-01 01:08:19','2023-03-01 01:08:19',NULL),(91,0,'8','8',4,'image/jpeg',2165,'customers/8.jpg','[]','2023-03-01 01:08:19','2023-03-01 01:08:19',NULL),(92,0,'9','9',4,'image/jpeg',2165,'customers/9.jpg','[]','2023-03-01 01:08:19','2023-03-01 01:08:19',NULL),(93,0,'1','1',5,'image/jpeg',2165,'news/1.jpg','[]','2023-03-01 01:08:20','2023-03-01 01:08:20',NULL),(94,0,'10','10',5,'image/jpeg',2165,'news/10.jpg','[]','2023-03-01 01:08:20','2023-03-01 01:08:20',NULL),(95,0,'11','11',5,'image/jpeg',2165,'news/11.jpg','[]','2023-03-01 01:08:20','2023-03-01 01:08:20',NULL),(96,0,'2','2',5,'image/jpeg',2165,'news/2.jpg','[]','2023-03-01 01:08:20','2023-03-01 01:08:20',NULL),(97,0,'3','3',5,'image/jpeg',2165,'news/3.jpg','[]','2023-03-01 01:08:20','2023-03-01 01:08:20',NULL),(98,0,'4','4',5,'image/jpeg',2165,'news/4.jpg','[]','2023-03-01 01:08:20','2023-03-01 01:08:20',NULL),(99,0,'5','5',5,'image/jpeg',2165,'news/5.jpg','[]','2023-03-01 01:08:20','2023-03-01 01:08:20',NULL),(100,0,'6','6',5,'image/jpeg',2165,'news/6.jpg','[]','2023-03-01 01:08:20','2023-03-01 01:08:20',NULL),(101,0,'7','7',5,'image/jpeg',2165,'news/7.jpg','[]','2023-03-01 01:08:20','2023-03-01 01:08:20',NULL),(102,0,'8','8',5,'image/jpeg',2165,'news/8.jpg','[]','2023-03-01 01:08:20','2023-03-01 01:08:20',NULL),(103,0,'9','9',5,'image/jpeg',2165,'news/9.jpg','[]','2023-03-01 01:08:20','2023-03-01 01:08:20',NULL),(104,0,'1-lg','1-lg',6,'image/jpeg',3852,'sliders/1-lg.jpg','[]','2023-03-01 01:08:20','2023-03-01 01:08:20',NULL),(105,0,'1-md','1-md',6,'image/jpeg',3852,'sliders/1-md.jpg','[]','2023-03-01 01:08:20','2023-03-01 01:08:20',NULL),(106,0,'1-sm','1-sm',6,'image/jpeg',3852,'sliders/1-sm.jpg','[]','2023-03-01 01:08:20','2023-03-01 01:08:20',NULL),(107,0,'2-lg','2-lg',6,'image/jpeg',3852,'sliders/2-lg.jpg','[]','2023-03-01 01:08:21','2023-03-01 01:08:21',NULL),(108,0,'2-md','2-md',6,'image/jpeg',3852,'sliders/2-md.jpg','[]','2023-03-01 01:08:21','2023-03-01 01:08:21',NULL),(109,0,'2-sm','2-sm',6,'image/jpeg',3852,'sliders/2-sm.jpg','[]','2023-03-01 01:08:21','2023-03-01 01:08:21',NULL),(110,0,'3-lg','3-lg',6,'image/jpeg',3852,'sliders/3-lg.jpg','[]','2023-03-01 01:08:21','2023-03-01 01:08:21',NULL),(111,0,'3-md','3-md',6,'image/jpeg',3852,'sliders/3-md.jpg','[]','2023-03-01 01:08:21','2023-03-01 01:08:21',NULL),(112,0,'3-sm','3-sm',6,'image/jpeg',3852,'sliders/3-sm.jpg','[]','2023-03-01 01:08:21','2023-03-01 01:08:21',NULL),(113,0,'1','1',7,'image/jpeg',1463,'promotion/1.jpg','[]','2023-03-01 01:08:21','2023-03-01 01:08:21',NULL),(114,0,'2','2',7,'image/jpeg',1463,'promotion/2.jpg','[]','2023-03-01 01:08:21','2023-03-01 01:08:21',NULL),(115,0,'3','3',7,'image/jpeg',2049,'promotion/3.jpg','[]','2023-03-01 01:08:21','2023-03-01 01:08:21',NULL),(116,0,'4','4',7,'image/jpeg',2049,'promotion/4.jpg','[]','2023-03-01 01:08:21','2023-03-01 01:08:21',NULL),(117,0,'5','5',7,'image/jpeg',2049,'promotion/5.jpg','[]','2023-03-01 01:08:21','2023-03-01 01:08:21',NULL),(118,0,'6','6',7,'image/jpeg',2049,'promotion/6.jpg','[]','2023-03-01 01:08:21','2023-03-01 01:08:21',NULL),(119,0,'7','7',7,'image/jpeg',2049,'promotion/7.jpg','[]','2023-03-01 01:08:21','2023-03-01 01:08:21',NULL),(120,0,'8','8',7,'image/jpeg',2049,'promotion/8.jpg','[]','2023-03-01 01:08:21','2023-03-01 01:08:21',NULL),(121,0,'9','9',7,'image/jpeg',2049,'promotion/9.jpg','[]','2023-03-01 01:08:21','2023-03-01 01:08:21',NULL),(122,0,'app','app',8,'image/png',1849,'general/app.png','[]','2023-03-01 01:08:22','2023-03-01 01:08:22',NULL),(123,0,'coming-soon','coming-soon',8,'image/jpeg',19900,'general/coming-soon.jpg','[]','2023-03-01 01:08:22','2023-03-01 01:08:22',NULL),(124,0,'favicon','favicon',8,'image/png',1925,'general/favicon.png','[]','2023-03-01 01:08:22','2023-03-01 01:08:22',NULL),(125,0,'logo-dark','logo-dark',8,'image/png',784,'general/logo-dark.png','[]','2023-03-01 01:08:22','2023-03-01 01:08:22',NULL),(126,0,'logo-light','logo-light',8,'image/png',783,'general/logo-light.png','[]','2023-03-01 01:08:22','2023-03-01 01:08:22',NULL),(127,0,'logo','logo',8,'image/png',793,'general/logo.png','[]','2023-03-01 01:08:22','2023-03-01 01:08:22',NULL),(128,0,'newsletter','newsletter',8,'image/jpeg',3316,'general/newsletter.jpg','[]','2023-03-01 01:08:22','2023-03-01 01:08:22',NULL),(129,0,'payment-method-1','payment-method-1',8,'image/jpeg',813,'general/payment-method-1.jpg','[]','2023-03-01 01:08:22','2023-03-01 01:08:22',NULL),(130,0,'payment-method-2','payment-method-2',8,'image/jpeg',878,'general/payment-method-2.jpg','[]','2023-03-01 01:08:22','2023-03-01 01:08:22',NULL),(131,0,'payment-method-3','payment-method-3',8,'image/jpeg',816,'general/payment-method-3.jpg','[]','2023-03-01 01:08:22','2023-03-01 01:08:22',NULL),(132,0,'payment-method-4','payment-method-4',8,'image/jpeg',638,'general/payment-method-4.jpg','[]','2023-03-01 01:08:22','2023-03-01 01:08:22',NULL),(133,0,'payment-method-5','payment-method-5',8,'image/jpeg',659,'general/payment-method-5.jpg','[]','2023-03-01 01:08:22','2023-03-01 01:08:22',NULL),(134,0,'1','1',9,'image/png',3482,'stores/1.png','[]','2023-03-01 01:08:22','2023-03-01 01:08:22',NULL),(135,0,'10','10',9,'image/png',1675,'stores/10.png','[]','2023-03-01 01:08:22','2023-03-01 01:08:22',NULL),(136,0,'11','11',9,'image/png',1857,'stores/11.png','[]','2023-03-01 01:08:22','2023-03-01 01:08:22',NULL),(137,0,'12','12',9,'image/png',2046,'stores/12.png','[]','2023-03-01 01:08:22','2023-03-01 01:08:22',NULL),(138,0,'13','13',9,'image/png',1597,'stores/13.png','[]','2023-03-01 01:08:22','2023-03-01 01:08:22',NULL),(139,0,'14','14',9,'image/png',1649,'stores/14.png','[]','2023-03-01 01:08:22','2023-03-01 01:08:22',NULL),(140,0,'15','15',9,'image/png',2120,'stores/15.png','[]','2023-03-01 01:08:22','2023-03-01 01:08:22',NULL),(141,0,'16','16',9,'image/png',2556,'stores/16.png','[]','2023-03-01 01:08:22','2023-03-01 01:08:22',NULL),(142,0,'17','17',9,'image/png',2631,'stores/17.png','[]','2023-03-01 01:08:22','2023-03-01 01:08:22',NULL),(143,0,'2','2',9,'image/png',3369,'stores/2.png','[]','2023-03-01 01:08:22','2023-03-01 01:08:22',NULL),(144,0,'3','3',9,'image/png',3044,'stores/3.png','[]','2023-03-01 01:08:22','2023-03-01 01:08:22',NULL),(145,0,'4','4',9,'image/png',3096,'stores/4.png','[]','2023-03-01 01:08:22','2023-03-01 01:08:22',NULL),(146,0,'5','5',9,'image/png',3607,'stores/5.png','[]','2023-03-01 01:08:22','2023-03-01 01:08:22',NULL),(147,0,'6','6',9,'image/png',3778,'stores/6.png','[]','2023-03-01 01:08:22','2023-03-01 01:08:22',NULL),(148,0,'7','7',9,'image/png',1566,'stores/7.png','[]','2023-03-01 01:08:22','2023-03-01 01:08:22',NULL),(149,0,'8','8',9,'image/png',1773,'stores/8.png','[]','2023-03-01 01:08:22','2023-03-01 01:08:22',NULL),(150,0,'9','9',9,'image/png',1671,'stores/9.png','[]','2023-03-01 01:08:22','2023-03-01 01:08:22',NULL);
/*!40000 ALTER TABLE `media_files` ENABLE KEYS */;
UNLOCK TABLES;

--
-- Table structure for table `media_folders`
--

DROP TABLE IF EXISTS `media_folders`;
/*!40101 SET @saved_cs_client     = @@character_set_client */;
/*!50503 SET character_set_client = utf8mb4 */;
CREATE TABLE `media_folders` (
  `id` bigint unsigned NOT NULL AUTO_INCREMENT,
  `user_id` bigint unsigned NOT NULL,
  `name` varchar(191) COLLATE utf8mb4_unicode_ci DEFAULT NULL,
  `slug` varchar(191) COLLATE utf8mb4_unicode_ci DEFAULT NULL,
  `parent_id` bigint unsigned NOT NULL DEFAULT '0',
  `created_at` timestamp NULL DEFAULT NULL,
  `updated_at` timestamp NULL DEFAULT NULL,
  `deleted_at` timestamp NULL DEFAULT NULL,
  PRIMARY KEY (`id`),
  KEY `media_folders_user_id_index` (`user_id`),
  KEY `media_folders_index` (`parent_id`,`user_id`,`created_at`)
) ENGINE=InnoDB AUTO_INCREMENT=10 DEFAULT CHARSET=utf8mb4 COLLATE=utf8mb4_unicode_ci;
/*!40101 SET character_set_client = @saved_cs_client */;

--
-- Dumping data for table `media_folders`
--

LOCK TABLES `media_folders` WRITE;
/*!40000 ALTER TABLE `media_folders` DISABLE KEYS */;
INSERT INTO `media_folders` VALUES (1,0,'brands','brands',0,'2023-03-01 01:08:13','2023-03-01 01:08:13',NULL),(2,0,'product-categories','product-categories',0,'2023-03-01 01:08:13','2023-03-01 01:08:13',NULL),(3,0,'products','products',0,'2023-03-01 01:08:14','2023-03-01 01:08:14',NULL),(4,0,'customers','customers',0,'2023-03-01 01:08:18','2023-03-01 01:08:18',NULL),(5,0,'news','news',0,'2023-03-01 01:08:20','2023-03-01 01:08:20',NULL),(6,0,'sliders','sliders',0,'2023-03-01 01:08:20','2023-03-01 01:08:20',NULL),(7,0,'promotion','promotion',0,'2023-03-01 01:08:21','2023-03-01 01:08:21',NULL),(8,0,'general','general',0,'2023-03-01 01:08:22','2023-03-01 01:08:22',NULL),(9,0,'stores','stores',0,'2023-03-01 01:08:22','2023-03-01 01:08:22',NULL);
/*!40000 ALTER TABLE `media_folders` ENABLE KEYS */;
UNLOCK TABLES;

--
-- Table structure for table `media_settings`
--

DROP TABLE IF EXISTS `media_settings`;
/*!40101 SET @saved_cs_client     = @@character_set_client */;
/*!50503 SET character_set_client = utf8mb4 */;
CREATE TABLE `media_settings` (
  `id` bigint unsigned NOT NULL AUTO_INCREMENT,
  `key` varchar(120) COLLATE utf8mb4_unicode_ci NOT NULL,
  `value` text COLLATE utf8mb4_unicode_ci,
  `media_id` bigint unsigned DEFAULT NULL,
  `user_id` bigint unsigned DEFAULT NULL,
  `created_at` timestamp NULL DEFAULT NULL,
  `updated_at` timestamp NULL DEFAULT NULL,
  PRIMARY KEY (`id`)
) ENGINE=InnoDB DEFAULT CHARSET=utf8mb4 COLLATE=utf8mb4_unicode_ci;
/*!40101 SET character_set_client = @saved_cs_client */;

--
-- Dumping data for table `media_settings`
--

LOCK TABLES `media_settings` WRITE;
/*!40000 ALTER TABLE `media_settings` DISABLE KEYS */;
/*!40000 ALTER TABLE `media_settings` ENABLE KEYS */;
UNLOCK TABLES;

--
-- Table structure for table `menu_locations`
--

DROP TABLE IF EXISTS `menu_locations`;
/*!40101 SET @saved_cs_client     = @@character_set_client */;
/*!50503 SET character_set_client = utf8mb4 */;
CREATE TABLE `menu_locations` (
  `id` bigint unsigned NOT NULL AUTO_INCREMENT,
  `menu_id` bigint unsigned NOT NULL,
  `location` varchar(120) COLLATE utf8mb4_unicode_ci NOT NULL,
  `created_at` timestamp NULL DEFAULT NULL,
  `updated_at` timestamp NULL DEFAULT NULL,
  PRIMARY KEY (`id`),
  KEY `menu_locations_menu_id_created_at_index` (`menu_id`,`created_at`)
) ENGINE=InnoDB AUTO_INCREMENT=3 DEFAULT CHARSET=utf8mb4 COLLATE=utf8mb4_unicode_ci;
/*!40101 SET character_set_client = @saved_cs_client */;

--
-- Dumping data for table `menu_locations`
--

LOCK TABLES `menu_locations` WRITE;
/*!40000 ALTER TABLE `menu_locations` DISABLE KEYS */;
INSERT INTO `menu_locations` VALUES (1,1,'main-menu','2023-03-01 01:08:21','2023-03-01 01:08:21'),(2,5,'main-menu','2023-03-01 01:08:21','2023-03-01 01:08:21');
/*!40000 ALTER TABLE `menu_locations` ENABLE KEYS */;
UNLOCK TABLES;

--
-- Table structure for table `menu_nodes`
--

DROP TABLE IF EXISTS `menu_nodes`;
/*!40101 SET @saved_cs_client     = @@character_set_client */;
/*!50503 SET character_set_client = utf8mb4 */;
CREATE TABLE `menu_nodes` (
  `id` bigint unsigned NOT NULL AUTO_INCREMENT,
  `menu_id` bigint unsigned NOT NULL,
  `parent_id` bigint unsigned NOT NULL DEFAULT '0',
  `reference_id` bigint unsigned DEFAULT NULL,
  `reference_type` varchar(255) COLLATE utf8mb4_unicode_ci DEFAULT NULL,
  `url` varchar(120) COLLATE utf8mb4_unicode_ci DEFAULT NULL,
  `icon_font` varchar(50) COLLATE utf8mb4_unicode_ci DEFAULT NULL,
  `position` tinyint unsigned NOT NULL DEFAULT '0',
  `title` varchar(120) COLLATE utf8mb4_unicode_ci DEFAULT NULL,
  `css_class` varchar(120) COLLATE utf8mb4_unicode_ci DEFAULT NULL,
  `target` varchar(20) COLLATE utf8mb4_unicode_ci NOT NULL DEFAULT '_self',
  `has_child` tinyint unsigned NOT NULL DEFAULT '0',
  `created_at` timestamp NULL DEFAULT NULL,
  `updated_at` timestamp NULL DEFAULT NULL,
  PRIMARY KEY (`id`),
  KEY `menu_nodes_menu_id_index` (`menu_id`),
  KEY `menu_nodes_parent_id_index` (`parent_id`),
  KEY `reference_id` (`reference_id`),
  KEY `reference_type` (`reference_type`)
) ENGINE=InnoDB AUTO_INCREMENT=57 DEFAULT CHARSET=utf8mb4 COLLATE=utf8mb4_unicode_ci;
/*!40101 SET character_set_client = @saved_cs_client */;

--
-- Dumping data for table `menu_nodes`
--

LOCK TABLES `menu_nodes` WRITE;
/*!40000 ALTER TABLE `menu_nodes` DISABLE KEYS */;
INSERT INTO `menu_nodes` VALUES (1,1,0,NULL,NULL,'/',NULL,0,'Home',NULL,'_self',0,'2023-03-01 01:08:21','2023-03-01 01:08:21'),(2,1,0,NULL,NULL,'#',NULL,0,'Pages',NULL,'_self',1,'2023-03-01 01:08:21','2023-03-01 01:08:21'),(3,1,2,2,'Botble\\Page\\Models\\Page','/about-us',NULL,0,'About us',NULL,'_self',0,'2023-03-01 01:08:21','2023-03-01 01:08:21'),(4,1,2,3,'Botble\\Page\\Models\\Page','/terms-of-use',NULL,0,'Terms Of Use',NULL,'_self',0,'2023-03-01 01:08:21','2023-03-01 01:08:21'),(5,1,2,4,'Botble\\Page\\Models\\Page','/terms-amp-conditions',NULL,0,'Terms & Conditions',NULL,'_self',0,'2023-03-01 01:08:21','2023-03-01 01:08:21'),(6,1,2,5,'Botble\\Page\\Models\\Page','/refund-policy',NULL,0,'Refund Policy',NULL,'_self',0,'2023-03-01 01:08:21','2023-03-01 01:08:21'),(7,1,2,12,'Botble\\Page\\Models\\Page','/coming-soon',NULL,0,'Coming soon',NULL,'_self',0,'2023-03-01 01:08:21','2023-03-01 01:08:21'),(8,1,0,NULL,NULL,'/products',NULL,0,'Shop',NULL,'_self',1,'2023-03-01 01:08:21','2023-03-01 01:08:21'),(9,1,8,NULL,NULL,'/products',NULL,0,'All products',NULL,'_self',0,'2023-03-01 01:08:21','2023-03-01 01:08:21'),(10,1,8,15,'Botble\\Ecommerce\\Models\\ProductCategory','/product-categories/batteries',NULL,0,'Products Of Category',NULL,'_self',0,'2023-03-01 01:08:21','2023-03-01 01:08:21'),(11,1,8,NULL,NULL,'/products/beat-headphone',NULL,0,'Product Single',NULL,'_self',0,'2023-03-01 01:08:21','2023-03-01 01:08:21'),(12,1,0,NULL,NULL,'/stores',NULL,0,'Stores',NULL,'_self',0,'2023-03-01 01:08:21','2023-03-01 01:08:21'),(13,1,0,6,'Botble\\Page\\Models\\Page','/blog',NULL,0,'Blog',NULL,'_self',0,'2023-03-01 01:08:21','2023-03-01 01:08:21'),(14,1,0,7,'Botble\\Page\\Models\\Page','/faqs',NULL,0,'FAQs',NULL,'_self',0,'2023-03-01 01:08:21','2023-03-01 01:08:21'),(15,1,0,8,'Botble\\Page\\Models\\Page','/contact',NULL,0,'Contact',NULL,'_self',0,'2023-03-01 01:08:21','2023-03-01 01:08:21'),(16,2,0,3,'Botble\\Page\\Models\\Page','/terms-of-use',NULL,0,'Terms Of Use',NULL,'_self',0,'2023-03-01 01:08:21','2023-03-01 01:08:21'),(17,2,0,4,'Botble\\Page\\Models\\Page','/terms-amp-conditions',NULL,0,'Terms & Conditions',NULL,'_self',0,'2023-03-01 01:08:21','2023-03-01 01:08:21'),(18,2,0,5,'Botble\\Page\\Models\\Page','/refund-policy',NULL,0,'Refund Policy',NULL,'_self',0,'2023-03-01 01:08:21','2023-03-01 01:08:21'),(19,2,0,7,'Botble\\Page\\Models\\Page','/faqs',NULL,0,'FAQs',NULL,'_self',0,'2023-03-01 01:08:21','2023-03-01 01:08:21'),(20,2,0,NULL,NULL,'/nothing',NULL,0,'404 Page',NULL,'_self',0,'2023-03-01 01:08:21','2023-03-01 01:08:21'),(21,3,0,2,'Botble\\Page\\Models\\Page','/about-us',NULL,0,'About us',NULL,'_self',0,'2023-03-01 01:08:21','2023-03-01 01:08:21'),(22,3,0,10,'Botble\\Page\\Models\\Page','/affiliate',NULL,0,'Affiliate',NULL,'_self',0,'2023-03-01 01:08:21','2023-03-01 01:08:21'),(23,3,0,11,'Botble\\Page\\Models\\Page','/career',NULL,0,'Career',NULL,'_self',0,'2023-03-01 01:08:21','2023-03-01 01:08:21'),(24,3,0,8,'Botble\\Page\\Models\\Page','/contact',NULL,0,'Contact us',NULL,'_self',0,'2023-03-01 01:08:21','2023-03-01 01:08:21'),(25,4,0,6,'Botble\\Page\\Models\\Page','/blog',NULL,0,'Our blog',NULL,'_self',0,'2023-03-01 01:08:21','2023-03-01 01:08:21'),(26,4,0,NULL,NULL,'/cart',NULL,0,'Cart',NULL,'_self',0,'2023-03-01 01:08:21','2023-03-01 01:08:21'),(27,4,0,NULL,NULL,'/customer/overview',NULL,0,'My account',NULL,'_self',0,'2023-03-01 01:08:21','2023-03-01 01:08:21'),(28,4,0,NULL,NULL,'/products',NULL,0,'Shop',NULL,'_self',0,'2023-03-01 01:08:21','2023-03-01 01:08:21'),(29,5,0,NULL,NULL,'/',NULL,0,'Trang chủ',NULL,'_self',0,'2023-03-01 01:08:21','2023-03-01 01:08:21'),(30,5,0,NULL,NULL,'#',NULL,0,'Trang',NULL,'_self',1,'2023-03-01 01:08:21','2023-03-01 01:08:21'),(31,5,30,2,'Botble\\Page\\Models\\Page','/about-us',NULL,0,'Về chúng tôi',NULL,'_self',0,'2023-03-01 01:08:21','2023-03-01 01:08:21'),(32,5,30,3,'Botble\\Page\\Models\\Page','/terms-of-use',NULL,0,'Điều khoản sử dụng',NULL,'_self',0,'2023-03-01 01:08:21','2023-03-01 01:08:21'),(33,5,30,4,'Botble\\Page\\Models\\Page','/terms-amp-conditions',NULL,0,'Điều khoản và quy định',NULL,'_self',0,'2023-03-01 01:08:21','2023-03-01 01:08:21'),(34,5,30,5,'Botble\\Page\\Models\\Page','/refund-policy',NULL,0,'Chính sách hoàn hàng',NULL,'_self',0,'2023-03-01 01:08:21','2023-03-01 01:08:21'),(35,5,30,12,'Botble\\Page\\Models\\Page','/coming-soon',NULL,0,'Sắp ra mắt',NULL,'_self',0,'2023-03-01 01:08:21','2023-03-01 01:08:21'),(36,5,0,NULL,NULL,'/products',NULL,0,'Sản phẩm',NULL,'_self',1,'2023-03-01 01:08:21','2023-03-01 01:08:21'),(37,5,36,NULL,NULL,'/products',NULL,0,'Tất cả sản phẩm',NULL,'_self',0,'2023-03-01 01:08:21','2023-03-01 01:08:21'),(38,5,36,15,'Botble\\Ecommerce\\Models\\ProductCategory','/product-categories/batteries',NULL,0,'Danh mục sản phẩm',NULL,'_self',0,'2023-03-01 01:08:21','2023-03-01 01:08:21'),(39,5,36,NULL,NULL,'/products/beat-headphone',NULL,0,'Sản phẩm chi tiết',NULL,'_self',0,'2023-03-01 01:08:21','2023-03-01 01:08:21'),(40,5,0,NULL,NULL,'/stores',NULL,0,'Cửa hàng',NULL,'_self',0,'2023-03-01 01:08:21','2023-03-01 01:08:21'),(41,5,0,6,'Botble\\Page\\Models\\Page','/blog',NULL,0,'Tin tức',NULL,'_self',0,'2023-03-01 01:08:21','2023-03-01 01:08:21'),(42,5,0,7,'Botble\\Page\\Models\\Page','/faqs',NULL,0,'FAQs',NULL,'_self',0,'2023-03-01 01:08:21','2023-03-01 01:08:21'),(43,5,0,8,'Botble\\Page\\Models\\Page','/contact',NULL,0,'Liên hệ',NULL,'_self',0,'2023-03-01 01:08:21','2023-03-01 01:08:21'),(44,6,0,3,'Botble\\Page\\Models\\Page','/terms-of-use',NULL,0,'Điều khoản sử dụng',NULL,'_self',0,'2023-03-01 01:08:21','2023-03-01 01:08:21'),(45,6,0,4,'Botble\\Page\\Models\\Page','/terms-amp-conditions',NULL,0,'Điều khoản và quy định',NULL,'_self',0,'2023-03-01 01:08:21','2023-03-01 01:08:21'),(46,6,0,5,'Botble\\Page\\Models\\Page','/refund-policy',NULL,0,'Chính sách hoàn hàng',NULL,'_self',0,'2023-03-01 01:08:21','2023-03-01 01:08:21'),(47,6,0,6,'Botble\\Page\\Models\\Page','/blog',NULL,0,'FAQs',NULL,'_self',0,'2023-03-01 01:08:21','2023-03-01 01:08:21'),(48,6,0,NULL,NULL,'/nothing',NULL,0,'404 Page',NULL,'_self',0,'2023-03-01 01:08:21','2023-03-01 01:08:21'),(49,7,0,2,'Botble\\Page\\Models\\Page','/about-us',NULL,0,'Về chúng tôi',NULL,'_self',0,'2023-03-01 01:08:21','2023-03-01 01:08:21'),(50,7,0,10,'Botble\\Page\\Models\\Page','/affiliate',NULL,0,'Tiếp thị liên kết',NULL,'_self',0,'2023-03-01 01:08:21','2023-03-01 01:08:22'),(51,7,0,11,'Botble\\Page\\Models\\Page','/career',NULL,0,'Tuyển dụng',NULL,'_self',0,'2023-03-01 01:08:21','2023-03-01 01:08:22'),(52,7,0,8,'Botble\\Page\\Models\\Page','/contact',NULL,0,'Liên hệ',NULL,'_self',0,'2023-03-01 01:08:21','2023-03-01 01:08:22'),(53,8,0,6,'Botble\\Page\\Models\\Page','/blog',NULL,0,'Tin tức',NULL,'_self',0,'2023-03-01 01:08:21','2023-03-01 01:08:22'),(54,8,0,NULL,NULL,'/cart',NULL,0,'Giỏ hàng',NULL,'_self',0,'2023-03-01 01:08:21','2023-03-01 01:08:21'),(55,8,0,NULL,NULL,'/customer/overview',NULL,0,'Tài khoản',NULL,'_self',0,'2023-03-01 01:08:21','2023-03-01 01:08:21'),(56,8,0,NULL,NULL,'/products',NULL,0,'Sản phẩm',NULL,'_self',0,'2023-03-01 01:08:21','2023-03-01 01:08:21');
/*!40000 ALTER TABLE `menu_nodes` ENABLE KEYS */;
UNLOCK TABLES;

--
-- Table structure for table `menus`
--

DROP TABLE IF EXISTS `menus`;
/*!40101 SET @saved_cs_client     = @@character_set_client */;
/*!50503 SET character_set_client = utf8mb4 */;
CREATE TABLE `menus` (
  `id` bigint unsigned NOT NULL AUTO_INCREMENT,
  `name` varchar(120) COLLATE utf8mb4_unicode_ci NOT NULL,
  `slug` varchar(120) COLLATE utf8mb4_unicode_ci DEFAULT NULL,
  `status` varchar(60) COLLATE utf8mb4_unicode_ci NOT NULL DEFAULT 'published',
  `created_at` timestamp NULL DEFAULT NULL,
  `updated_at` timestamp NULL DEFAULT NULL,
  PRIMARY KEY (`id`),
  UNIQUE KEY `menus_slug_unique` (`slug`)
) ENGINE=InnoDB AUTO_INCREMENT=9 DEFAULT CHARSET=utf8mb4 COLLATE=utf8mb4_unicode_ci;
/*!40101 SET character_set_client = @saved_cs_client */;

--
-- Dumping data for table `menus`
--

LOCK TABLES `menus` WRITE;
/*!40000 ALTER TABLE `menus` DISABLE KEYS */;
INSERT INTO `menus` VALUES (1,'Main menu','main-menu','published','2023-03-01 01:08:21','2023-03-01 01:08:21'),(2,'Quick links','quick-links','published','2023-03-01 01:08:21','2023-03-01 01:08:21'),(3,'Company','company','published','2023-03-01 01:08:21','2023-03-01 01:08:21'),(4,'Business','business','published','2023-03-01 01:08:21','2023-03-01 01:08:21'),(5,'Menu chính','menu-chinh','published','2023-03-01 01:08:21','2023-03-01 01:08:21'),(6,'Liên kết nhanh','lien-ket-nhanh','published','2023-03-01 01:08:21','2023-03-01 01:08:21'),(7,'Công ty','cong-ty','published','2023-03-01 01:08:21','2023-03-01 01:08:21'),(8,'Doanh nghiệp','doanh-nghiep','published','2023-03-01 01:08:21','2023-03-01 01:08:21');
/*!40000 ALTER TABLE `menus` ENABLE KEYS */;
UNLOCK TABLES;

--
-- Table structure for table `meta_boxes`
--

DROP TABLE IF EXISTS `meta_boxes`;
/*!40101 SET @saved_cs_client     = @@character_set_client */;
/*!50503 SET character_set_client = utf8mb4 */;
CREATE TABLE `meta_boxes` (
  `id` bigint unsigned NOT NULL AUTO_INCREMENT,
  `meta_key` varchar(255) COLLATE utf8mb4_unicode_ci NOT NULL,
  `meta_value` text COLLATE utf8mb4_unicode_ci,
  `reference_id` bigint unsigned NOT NULL,
  `reference_type` varchar(120) COLLATE utf8mb4_unicode_ci NOT NULL,
  `created_at` timestamp NULL DEFAULT NULL,
  `updated_at` timestamp NULL DEFAULT NULL,
  PRIMARY KEY (`id`),
  KEY `meta_boxes_reference_id_index` (`reference_id`)
) ENGINE=InnoDB AUTO_INCREMENT=50 DEFAULT CHARSET=utf8mb4 COLLATE=utf8mb4_unicode_ci;
/*!40101 SET character_set_client = @saved_cs_client */;

--
-- Dumping data for table `meta_boxes`
--

LOCK TABLES `meta_boxes` WRITE;
/*!40000 ALTER TABLE `meta_boxes` DISABLE KEYS */;
INSERT INTO `meta_boxes` VALUES (1,'icon','[\"icon-star\"]',1,'Botble\\Ecommerce\\Models\\ProductCategory','2023-03-01 01:08:14','2023-03-01 01:08:14'),(2,'icon','[\"icon-laundry\"]',2,'Botble\\Ecommerce\\Models\\ProductCategory','2023-03-01 01:08:14','2023-03-01 01:08:14'),(3,'icon','[\"icon-shirt\"]',16,'Botble\\Ecommerce\\Models\\ProductCategory','2023-03-01 01:08:14','2023-03-01 01:08:14'),(4,'icon','[\"icon-desktop\"]',17,'Botble\\Ecommerce\\Models\\ProductCategory','2023-03-01 01:08:14','2023-03-01 01:08:14'),(5,'icon','[\"icon-lampshade\"]',28,'Botble\\Ecommerce\\Models\\ProductCategory','2023-03-01 01:08:14','2023-03-01 01:08:14'),(6,'icon','[\"icon-heart-pulse\"]',29,'Botble\\Ecommerce\\Models\\ProductCategory','2023-03-01 01:08:14','2023-03-01 01:08:14'),(7,'icon','[\"icon-diamond2\"]',30,'Botble\\Ecommerce\\Models\\ProductCategory','2023-03-01 01:08:14','2023-03-01 01:08:14'),(8,'icon','[\"icon-desktop\"]',31,'Botble\\Ecommerce\\Models\\ProductCategory','2023-03-01 01:08:14','2023-03-01 01:08:14'),(9,'icon','[\"icon-smartphone\"]',32,'Botble\\Ecommerce\\Models\\ProductCategory','2023-03-01 01:08:14','2023-03-01 01:08:14'),(10,'icon','[\"icon-baby-bottle\"]',33,'Botble\\Ecommerce\\Models\\ProductCategory','2023-03-01 01:08:14','2023-03-01 01:08:14'),(11,'icon','[\"icon-baseball\"]',34,'Botble\\Ecommerce\\Models\\ProductCategory','2023-03-01 01:08:14','2023-03-01 01:08:14'),(12,'icon','[\"icon-book2\"]',35,'Botble\\Ecommerce\\Models\\ProductCategory','2023-03-01 01:08:14','2023-03-01 01:08:14'),(13,'icon','[\"icon-car-siren\"]',36,'Botble\\Ecommerce\\Models\\ProductCategory','2023-03-01 01:08:14','2023-03-01 01:08:14'),(14,'icon','[\"icon-wrench\"]',37,'Botble\\Ecommerce\\Models\\ProductCategory','2023-03-01 01:08:14','2023-03-01 01:08:14'),(15,'faq_schema_config','[[[{\"key\":\"question\",\"value\":\"What Shipping Methods Are Available?\"},{\"key\":\"answer\",\"value\":\"Ex Portland Pitchfork irure mustache. Eutra fap before they sold out literally. Aliquip ugh bicycle rights actually mlkshk, seitan squid craft beer tempor.\"}],[{\"key\":\"question\",\"value\":\"Do You Ship Internationally?\"},{\"key\":\"answer\",\"value\":\"Hoodie tote bag mixtape tofu. Typewriter jean shorts wolf quinoa, messenger bag organic freegan cray.\"}],[{\"key\":\"question\",\"value\":\"How Long Will It Take To Get My Package?\"},{\"key\":\"answer\",\"value\":\"Swag slow-carb quinoa VHS typewriter pork belly brunch, paleo single-origin coffee Wes Anderson. Flexitarian Pitchfork forage, literally paleo fap pour-over. Wes Anderson Pinterest YOLO fanny pack meggings, deep v XOXO chambray sustainable slow-carb raw denim church-key fap chillwave Etsy. +1 typewriter kitsch, American Apparel tofu Banksy Vice.\"}],[{\"key\":\"question\",\"value\":\"What Payment Methods Are Accepted?\"},{\"key\":\"answer\",\"value\":\"Fashion axe DIY jean shorts, swag kale chips meh polaroid kogi butcher Wes Anderson chambray next level semiotics gentrify yr. Voluptate photo booth fugiat Vice. Austin sed Williamsburg, ea labore raw denim voluptate cred proident mixtape excepteur mustache. Twee chia photo booth readymade food truck, hoodie roof party swag keytar PBR DIY.\"}],[{\"key\":\"question\",\"value\":\"Is Buying On-Line Safe?\"},{\"key\":\"answer\",\"value\":\"Art party authentic freegan semiotics jean shorts chia cred. Neutra Austin roof party Brooklyn, synth Thundercats swag 8-bit photo booth. Plaid letterpress leggings craft beer meh ethical Pinterest.\"}]]]',1,'Botble\\Ecommerce\\Models\\Product','2023-03-01 01:08:17','2023-03-01 01:08:17'),(16,'faq_schema_config','[[[{\"key\":\"question\",\"value\":\"What Shipping Methods Are Available?\"},{\"key\":\"answer\",\"value\":\"Ex Portland Pitchfork irure mustache. Eutra fap before they sold out literally. Aliquip ugh bicycle rights actually mlkshk, seitan squid craft beer tempor.\"}],[{\"key\":\"question\",\"value\":\"Do You Ship Internationally?\"},{\"key\":\"answer\",\"value\":\"Hoodie tote bag mixtape tofu. Typewriter jean shorts wolf quinoa, messenger bag organic freegan cray.\"}],[{\"key\":\"question\",\"value\":\"How Long Will It Take To Get My Package?\"},{\"key\":\"answer\",\"value\":\"Swag slow-carb quinoa VHS typewriter pork belly brunch, paleo single-origin coffee Wes Anderson. Flexitarian Pitchfork forage, literally paleo fap pour-over. Wes Anderson Pinterest YOLO fanny pack meggings, deep v XOXO chambray sustainable slow-carb raw denim church-key fap chillwave Etsy. +1 typewriter kitsch, American Apparel tofu Banksy Vice.\"}],[{\"key\":\"question\",\"value\":\"What Payment Methods Are Accepted?\"},{\"key\":\"answer\",\"value\":\"Fashion axe DIY jean shorts, swag kale chips meh polaroid kogi butcher Wes Anderson chambray next level semiotics gentrify yr. Voluptate photo booth fugiat Vice. Austin sed Williamsburg, ea labore raw denim voluptate cred proident mixtape excepteur mustache. Twee chia photo booth readymade food truck, hoodie roof party swag keytar PBR DIY.\"}],[{\"key\":\"question\",\"value\":\"Is Buying On-Line Safe?\"},{\"key\":\"answer\",\"value\":\"Art party authentic freegan semiotics jean shorts chia cred. Neutra Austin roof party Brooklyn, synth Thundercats swag 8-bit photo booth. Plaid letterpress leggings craft beer meh ethical Pinterest.\"}]]]',2,'Botble\\Ecommerce\\Models\\Product','2023-03-01 01:08:17','2023-03-01 01:08:17'),(17,'faq_schema_config','[[[{\"key\":\"question\",\"value\":\"What Shipping Methods Are Available?\"},{\"key\":\"answer\",\"value\":\"Ex Portland Pitchfork irure mustache. Eutra fap before they sold out literally. Aliquip ugh bicycle rights actually mlkshk, seitan squid craft beer tempor.\"}],[{\"key\":\"question\",\"value\":\"Do You Ship Internationally?\"},{\"key\":\"answer\",\"value\":\"Hoodie tote bag mixtape tofu. Typewriter jean shorts wolf quinoa, messenger bag organic freegan cray.\"}],[{\"key\":\"question\",\"value\":\"How Long Will It Take To Get My Package?\"},{\"key\":\"answer\",\"value\":\"Swag slow-carb quinoa VHS typewriter pork belly brunch, paleo single-origin coffee Wes Anderson. Flexitarian Pitchfork forage, literally paleo fap pour-over. Wes Anderson Pinterest YOLO fanny pack meggings, deep v XOXO chambray sustainable slow-carb raw denim church-key fap chillwave Etsy. +1 typewriter kitsch, American Apparel tofu Banksy Vice.\"}],[{\"key\":\"question\",\"value\":\"What Payment Methods Are Accepted?\"},{\"key\":\"answer\",\"value\":\"Fashion axe DIY jean shorts, swag kale chips meh polaroid kogi butcher Wes Anderson chambray next level semiotics gentrify yr. Voluptate photo booth fugiat Vice. Austin sed Williamsburg, ea labore raw denim voluptate cred proident mixtape excepteur mustache. Twee chia photo booth readymade food truck, hoodie roof party swag keytar PBR DIY.\"}],[{\"key\":\"question\",\"value\":\"Is Buying On-Line Safe?\"},{\"key\":\"answer\",\"value\":\"Art party authentic freegan semiotics jean shorts chia cred. Neutra Austin roof party Brooklyn, synth Thundercats swag 8-bit photo booth. Plaid letterpress leggings craft beer meh ethical Pinterest.\"}]]]',3,'Botble\\Ecommerce\\Models\\Product','2023-03-01 01:08:17','2023-03-01 01:08:17'),(18,'faq_schema_config','[[[{\"key\":\"question\",\"value\":\"What Shipping Methods Are Available?\"},{\"key\":\"answer\",\"value\":\"Ex Portland Pitchfork irure mustache. Eutra fap before they sold out literally. Aliquip ugh bicycle rights actually mlkshk, seitan squid craft beer tempor.\"}],[{\"key\":\"question\",\"value\":\"Do You Ship Internationally?\"},{\"key\":\"answer\",\"value\":\"Hoodie tote bag mixtape tofu. Typewriter jean shorts wolf quinoa, messenger bag organic freegan cray.\"}],[{\"key\":\"question\",\"value\":\"How Long Will It Take To Get My Package?\"},{\"key\":\"answer\",\"value\":\"Swag slow-carb quinoa VHS typewriter pork belly brunch, paleo single-origin coffee Wes Anderson. Flexitarian Pitchfork forage, literally paleo fap pour-over. Wes Anderson Pinterest YOLO fanny pack meggings, deep v XOXO chambray sustainable slow-carb raw denim church-key fap chillwave Etsy. +1 typewriter kitsch, American Apparel tofu Banksy Vice.\"}],[{\"key\":\"question\",\"value\":\"What Payment Methods Are Accepted?\"},{\"key\":\"answer\",\"value\":\"Fashion axe DIY jean shorts, swag kale chips meh polaroid kogi butcher Wes Anderson chambray next level semiotics gentrify yr. Voluptate photo booth fugiat Vice. Austin sed Williamsburg, ea labore raw denim voluptate cred proident mixtape excepteur mustache. Twee chia photo booth readymade food truck, hoodie roof party swag keytar PBR DIY.\"}],[{\"key\":\"question\",\"value\":\"Is Buying On-Line Safe?\"},{\"key\":\"answer\",\"value\":\"Art party authentic freegan semiotics jean shorts chia cred. Neutra Austin roof party Brooklyn, synth Thundercats swag 8-bit photo booth. Plaid letterpress leggings craft beer meh ethical Pinterest.\"}]]]',4,'Botble\\Ecommerce\\Models\\Product','2023-03-01 01:08:17','2023-03-01 01:08:17'),(19,'faq_schema_config','[[[{\"key\":\"question\",\"value\":\"What Shipping Methods Are Available?\"},{\"key\":\"answer\",\"value\":\"Ex Portland Pitchfork irure mustache. Eutra fap before they sold out literally. Aliquip ugh bicycle rights actually mlkshk, seitan squid craft beer tempor.\"}],[{\"key\":\"question\",\"value\":\"Do You Ship Internationally?\"},{\"key\":\"answer\",\"value\":\"Hoodie tote bag mixtape tofu. Typewriter jean shorts wolf quinoa, messenger bag organic freegan cray.\"}],[{\"key\":\"question\",\"value\":\"How Long Will It Take To Get My Package?\"},{\"key\":\"answer\",\"value\":\"Swag slow-carb quinoa VHS typewriter pork belly brunch, paleo single-origin coffee Wes Anderson. Flexitarian Pitchfork forage, literally paleo fap pour-over. Wes Anderson Pinterest YOLO fanny pack meggings, deep v XOXO chambray sustainable slow-carb raw denim church-key fap chillwave Etsy. +1 typewriter kitsch, American Apparel tofu Banksy Vice.\"}],[{\"key\":\"question\",\"value\":\"What Payment Methods Are Accepted?\"},{\"key\":\"answer\",\"value\":\"Fashion axe DIY jean shorts, swag kale chips meh polaroid kogi butcher Wes Anderson chambray next level semiotics gentrify yr. Voluptate photo booth fugiat Vice. Austin sed Williamsburg, ea labore raw denim voluptate cred proident mixtape excepteur mustache. Twee chia photo booth readymade food truck, hoodie roof party swag keytar PBR DIY.\"}],[{\"key\":\"question\",\"value\":\"Is Buying On-Line Safe?\"},{\"key\":\"answer\",\"value\":\"Art party authentic freegan semiotics jean shorts chia cred. Neutra Austin roof party Brooklyn, synth Thundercats swag 8-bit photo booth. Plaid letterpress leggings craft beer meh ethical Pinterest.\"}]]]',5,'Botble\\Ecommerce\\Models\\Product','2023-03-01 01:08:17','2023-03-01 01:08:17'),(20,'faq_schema_config','[[[{\"key\":\"question\",\"value\":\"What Shipping Methods Are Available?\"},{\"key\":\"answer\",\"value\":\"Ex Portland Pitchfork irure mustache. Eutra fap before they sold out literally. Aliquip ugh bicycle rights actually mlkshk, seitan squid craft beer tempor.\"}],[{\"key\":\"question\",\"value\":\"Do You Ship Internationally?\"},{\"key\":\"answer\",\"value\":\"Hoodie tote bag mixtape tofu. Typewriter jean shorts wolf quinoa, messenger bag organic freegan cray.\"}],[{\"key\":\"question\",\"value\":\"How Long Will It Take To Get My Package?\"},{\"key\":\"answer\",\"value\":\"Swag slow-carb quinoa VHS typewriter pork belly brunch, paleo single-origin coffee Wes Anderson. Flexitarian Pitchfork forage, literally paleo fap pour-over. Wes Anderson Pinterest YOLO fanny pack meggings, deep v XOXO chambray sustainable slow-carb raw denim church-key fap chillwave Etsy. +1 typewriter kitsch, American Apparel tofu Banksy Vice.\"}],[{\"key\":\"question\",\"value\":\"What Payment Methods Are Accepted?\"},{\"key\":\"answer\",\"value\":\"Fashion axe DIY jean shorts, swag kale chips meh polaroid kogi butcher Wes Anderson chambray next level semiotics gentrify yr. Voluptate photo booth fugiat Vice. Austin sed Williamsburg, ea labore raw denim voluptate cred proident mixtape excepteur mustache. Twee chia photo booth readymade food truck, hoodie roof party swag keytar PBR DIY.\"}],[{\"key\":\"question\",\"value\":\"Is Buying On-Line Safe?\"},{\"key\":\"answer\",\"value\":\"Art party authentic freegan semiotics jean shorts chia cred. Neutra Austin roof party Brooklyn, synth Thundercats swag 8-bit photo booth. Plaid letterpress leggings craft beer meh ethical Pinterest.\"}]]]',6,'Botble\\Ecommerce\\Models\\Product','2023-03-01 01:08:17','2023-03-01 01:08:17'),(21,'faq_schema_config','[[[{\"key\":\"question\",\"value\":\"What Shipping Methods Are Available?\"},{\"key\":\"answer\",\"value\":\"Ex Portland Pitchfork irure mustache. Eutra fap before they sold out literally. Aliquip ugh bicycle rights actually mlkshk, seitan squid craft beer tempor.\"}],[{\"key\":\"question\",\"value\":\"Do You Ship Internationally?\"},{\"key\":\"answer\",\"value\":\"Hoodie tote bag mixtape tofu. Typewriter jean shorts wolf quinoa, messenger bag organic freegan cray.\"}],[{\"key\":\"question\",\"value\":\"How Long Will It Take To Get My Package?\"},{\"key\":\"answer\",\"value\":\"Swag slow-carb quinoa VHS typewriter pork belly brunch, paleo single-origin coffee Wes Anderson. Flexitarian Pitchfork forage, literally paleo fap pour-over. Wes Anderson Pinterest YOLO fanny pack meggings, deep v XOXO chambray sustainable slow-carb raw denim church-key fap chillwave Etsy. +1 typewriter kitsch, American Apparel tofu Banksy Vice.\"}],[{\"key\":\"question\",\"value\":\"What Payment Methods Are Accepted?\"},{\"key\":\"answer\",\"value\":\"Fashion axe DIY jean shorts, swag kale chips meh polaroid kogi butcher Wes Anderson chambray next level semiotics gentrify yr. Voluptate photo booth fugiat Vice. Austin sed Williamsburg, ea labore raw denim voluptate cred proident mixtape excepteur mustache. Twee chia photo booth readymade food truck, hoodie roof party swag keytar PBR DIY.\"}],[{\"key\":\"question\",\"value\":\"Is Buying On-Line Safe?\"},{\"key\":\"answer\",\"value\":\"Art party authentic freegan semiotics jean shorts chia cred. Neutra Austin roof party Brooklyn, synth Thundercats swag 8-bit photo booth. Plaid letterpress leggings craft beer meh ethical Pinterest.\"}]]]',7,'Botble\\Ecommerce\\Models\\Product','2023-03-01 01:08:17','2023-03-01 01:08:17'),(22,'faq_schema_config','[[[{\"key\":\"question\",\"value\":\"What Shipping Methods Are Available?\"},{\"key\":\"answer\",\"value\":\"Ex Portland Pitchfork irure mustache. Eutra fap before they sold out literally. Aliquip ugh bicycle rights actually mlkshk, seitan squid craft beer tempor.\"}],[{\"key\":\"question\",\"value\":\"Do You Ship Internationally?\"},{\"key\":\"answer\",\"value\":\"Hoodie tote bag mixtape tofu. Typewriter jean shorts wolf quinoa, messenger bag organic freegan cray.\"}],[{\"key\":\"question\",\"value\":\"How Long Will It Take To Get My Package?\"},{\"key\":\"answer\",\"value\":\"Swag slow-carb quinoa VHS typewriter pork belly brunch, paleo single-origin coffee Wes Anderson. Flexitarian Pitchfork forage, literally paleo fap pour-over. Wes Anderson Pinterest YOLO fanny pack meggings, deep v XOXO chambray sustainable slow-carb raw denim church-key fap chillwave Etsy. +1 typewriter kitsch, American Apparel tofu Banksy Vice.\"}],[{\"key\":\"question\",\"value\":\"What Payment Methods Are Accepted?\"},{\"key\":\"answer\",\"value\":\"Fashion axe DIY jean shorts, swag kale chips meh polaroid kogi butcher Wes Anderson chambray next level semiotics gentrify yr. Voluptate photo booth fugiat Vice. Austin sed Williamsburg, ea labore raw denim voluptate cred proident mixtape excepteur mustache. Twee chia photo booth readymade food truck, hoodie roof party swag keytar PBR DIY.\"}],[{\"key\":\"question\",\"value\":\"Is Buying On-Line Safe?\"},{\"key\":\"answer\",\"value\":\"Art party authentic freegan semiotics jean shorts chia cred. Neutra Austin roof party Brooklyn, synth Thundercats swag 8-bit photo booth. Plaid letterpress leggings craft beer meh ethical Pinterest.\"}]]]',8,'Botble\\Ecommerce\\Models\\Product','2023-03-01 01:08:17','2023-03-01 01:08:17'),(23,'faq_schema_config','[[[{\"key\":\"question\",\"value\":\"What Shipping Methods Are Available?\"},{\"key\":\"answer\",\"value\":\"Ex Portland Pitchfork irure mustache. Eutra fap before they sold out literally. Aliquip ugh bicycle rights actually mlkshk, seitan squid craft beer tempor.\"}],[{\"key\":\"question\",\"value\":\"Do You Ship Internationally?\"},{\"key\":\"answer\",\"value\":\"Hoodie tote bag mixtape tofu. Typewriter jean shorts wolf quinoa, messenger bag organic freegan cray.\"}],[{\"key\":\"question\",\"value\":\"How Long Will It Take To Get My Package?\"},{\"key\":\"answer\",\"value\":\"Swag slow-carb quinoa VHS typewriter pork belly brunch, paleo single-origin coffee Wes Anderson. Flexitarian Pitchfork forage, literally paleo fap pour-over. Wes Anderson Pinterest YOLO fanny pack meggings, deep v XOXO chambray sustainable slow-carb raw denim church-key fap chillwave Etsy. +1 typewriter kitsch, American Apparel tofu Banksy Vice.\"}],[{\"key\":\"question\",\"value\":\"What Payment Methods Are Accepted?\"},{\"key\":\"answer\",\"value\":\"Fashion axe DIY jean shorts, swag kale chips meh polaroid kogi butcher Wes Anderson chambray next level semiotics gentrify yr. Voluptate photo booth fugiat Vice. Austin sed Williamsburg, ea labore raw denim voluptate cred proident mixtape excepteur mustache. Twee chia photo booth readymade food truck, hoodie roof party swag keytar PBR DIY.\"}],[{\"key\":\"question\",\"value\":\"Is Buying On-Line Safe?\"},{\"key\":\"answer\",\"value\":\"Art party authentic freegan semiotics jean shorts chia cred. Neutra Austin roof party Brooklyn, synth Thundercats swag 8-bit photo booth. Plaid letterpress leggings craft beer meh ethical Pinterest.\"}]]]',9,'Botble\\Ecommerce\\Models\\Product','2023-03-01 01:08:17','2023-03-01 01:08:17'),(24,'faq_schema_config','[[[{\"key\":\"question\",\"value\":\"What Shipping Methods Are Available?\"},{\"key\":\"answer\",\"value\":\"Ex Portland Pitchfork irure mustache. Eutra fap before they sold out literally. Aliquip ugh bicycle rights actually mlkshk, seitan squid craft beer tempor.\"}],[{\"key\":\"question\",\"value\":\"Do You Ship Internationally?\"},{\"key\":\"answer\",\"value\":\"Hoodie tote bag mixtape tofu. Typewriter jean shorts wolf quinoa, messenger bag organic freegan cray.\"}],[{\"key\":\"question\",\"value\":\"How Long Will It Take To Get My Package?\"},{\"key\":\"answer\",\"value\":\"Swag slow-carb quinoa VHS typewriter pork belly brunch, paleo single-origin coffee Wes Anderson. Flexitarian Pitchfork forage, literally paleo fap pour-over. Wes Anderson Pinterest YOLO fanny pack meggings, deep v XOXO chambray sustainable slow-carb raw denim church-key fap chillwave Etsy. +1 typewriter kitsch, American Apparel tofu Banksy Vice.\"}],[{\"key\":\"question\",\"value\":\"What Payment Methods Are Accepted?\"},{\"key\":\"answer\",\"value\":\"Fashion axe DIY jean shorts, swag kale chips meh polaroid kogi butcher Wes Anderson chambray next level semiotics gentrify yr. Voluptate photo booth fugiat Vice. Austin sed Williamsburg, ea labore raw denim voluptate cred proident mixtape excepteur mustache. Twee chia photo booth readymade food truck, hoodie roof party swag keytar PBR DIY.\"}],[{\"key\":\"question\",\"value\":\"Is Buying On-Line Safe?\"},{\"key\":\"answer\",\"value\":\"Art party authentic freegan semiotics jean shorts chia cred. Neutra Austin roof party Brooklyn, synth Thundercats swag 8-bit photo booth. Plaid letterpress leggings craft beer meh ethical Pinterest.\"}]]]',10,'Botble\\Ecommerce\\Models\\Product','2023-03-01 01:08:17','2023-03-01 01:08:17'),(25,'faq_schema_config','[[[{\"key\":\"question\",\"value\":\"What Shipping Methods Are Available?\"},{\"key\":\"answer\",\"value\":\"Ex Portland Pitchfork irure mustache. Eutra fap before they sold out literally. Aliquip ugh bicycle rights actually mlkshk, seitan squid craft beer tempor.\"}],[{\"key\":\"question\",\"value\":\"Do You Ship Internationally?\"},{\"key\":\"answer\",\"value\":\"Hoodie tote bag mixtape tofu. Typewriter jean shorts wolf quinoa, messenger bag organic freegan cray.\"}],[{\"key\":\"question\",\"value\":\"How Long Will It Take To Get My Package?\"},{\"key\":\"answer\",\"value\":\"Swag slow-carb quinoa VHS typewriter pork belly brunch, paleo single-origin coffee Wes Anderson. Flexitarian Pitchfork forage, literally paleo fap pour-over. Wes Anderson Pinterest YOLO fanny pack meggings, deep v XOXO chambray sustainable slow-carb raw denim church-key fap chillwave Etsy. +1 typewriter kitsch, American Apparel tofu Banksy Vice.\"}],[{\"key\":\"question\",\"value\":\"What Payment Methods Are Accepted?\"},{\"key\":\"answer\",\"value\":\"Fashion axe DIY jean shorts, swag kale chips meh polaroid kogi butcher Wes Anderson chambray next level semiotics gentrify yr. Voluptate photo booth fugiat Vice. Austin sed Williamsburg, ea labore raw denim voluptate cred proident mixtape excepteur mustache. Twee chia photo booth readymade food truck, hoodie roof party swag keytar PBR DIY.\"}],[{\"key\":\"question\",\"value\":\"Is Buying On-Line Safe?\"},{\"key\":\"answer\",\"value\":\"Art party authentic freegan semiotics jean shorts chia cred. Neutra Austin roof party Brooklyn, synth Thundercats swag 8-bit photo booth. Plaid letterpress leggings craft beer meh ethical Pinterest.\"}]]]',11,'Botble\\Ecommerce\\Models\\Product','2023-03-01 01:08:17','2023-03-01 01:08:17'),(26,'faq_schema_config','[[[{\"key\":\"question\",\"value\":\"What Shipping Methods Are Available?\"},{\"key\":\"answer\",\"value\":\"Ex Portland Pitchfork irure mustache. Eutra fap before they sold out literally. Aliquip ugh bicycle rights actually mlkshk, seitan squid craft beer tempor.\"}],[{\"key\":\"question\",\"value\":\"Do You Ship Internationally?\"},{\"key\":\"answer\",\"value\":\"Hoodie tote bag mixtape tofu. Typewriter jean shorts wolf quinoa, messenger bag organic freegan cray.\"}],[{\"key\":\"question\",\"value\":\"How Long Will It Take To Get My Package?\"},{\"key\":\"answer\",\"value\":\"Swag slow-carb quinoa VHS typewriter pork belly brunch, paleo single-origin coffee Wes Anderson. Flexitarian Pitchfork forage, literally paleo fap pour-over. Wes Anderson Pinterest YOLO fanny pack meggings, deep v XOXO chambray sustainable slow-carb raw denim church-key fap chillwave Etsy. +1 typewriter kitsch, American Apparel tofu Banksy Vice.\"}],[{\"key\":\"question\",\"value\":\"What Payment Methods Are Accepted?\"},{\"key\":\"answer\",\"value\":\"Fashion axe DIY jean shorts, swag kale chips meh polaroid kogi butcher Wes Anderson chambray next level semiotics gentrify yr. Voluptate photo booth fugiat Vice. Austin sed Williamsburg, ea labore raw denim voluptate cred proident mixtape excepteur mustache. Twee chia photo booth readymade food truck, hoodie roof party swag keytar PBR DIY.\"}],[{\"key\":\"question\",\"value\":\"Is Buying On-Line Safe?\"},{\"key\":\"answer\",\"value\":\"Art party authentic freegan semiotics jean shorts chia cred. Neutra Austin roof party Brooklyn, synth Thundercats swag 8-bit photo booth. Plaid letterpress leggings craft beer meh ethical Pinterest.\"}]]]',12,'Botble\\Ecommerce\\Models\\Product','2023-03-01 01:08:17','2023-03-01 01:08:17'),(27,'faq_schema_config','[[[{\"key\":\"question\",\"value\":\"What Shipping Methods Are Available?\"},{\"key\":\"answer\",\"value\":\"Ex Portland Pitchfork irure mustache. Eutra fap before they sold out literally. Aliquip ugh bicycle rights actually mlkshk, seitan squid craft beer tempor.\"}],[{\"key\":\"question\",\"value\":\"Do You Ship Internationally?\"},{\"key\":\"answer\",\"value\":\"Hoodie tote bag mixtape tofu. Typewriter jean shorts wolf quinoa, messenger bag organic freegan cray.\"}],[{\"key\":\"question\",\"value\":\"How Long Will It Take To Get My Package?\"},{\"key\":\"answer\",\"value\":\"Swag slow-carb quinoa VHS typewriter pork belly brunch, paleo single-origin coffee Wes Anderson. Flexitarian Pitchfork forage, literally paleo fap pour-over. Wes Anderson Pinterest YOLO fanny pack meggings, deep v XOXO chambray sustainable slow-carb raw denim church-key fap chillwave Etsy. +1 typewriter kitsch, American Apparel tofu Banksy Vice.\"}],[{\"key\":\"question\",\"value\":\"What Payment Methods Are Accepted?\"},{\"key\":\"answer\",\"value\":\"Fashion axe DIY jean shorts, swag kale chips meh polaroid kogi butcher Wes Anderson chambray next level semiotics gentrify yr. Voluptate photo booth fugiat Vice. Austin sed Williamsburg, ea labore raw denim voluptate cred proident mixtape excepteur mustache. Twee chia photo booth readymade food truck, hoodie roof party swag keytar PBR DIY.\"}],[{\"key\":\"question\",\"value\":\"Is Buying On-Line Safe?\"},{\"key\":\"answer\",\"value\":\"Art party authentic freegan semiotics jean shorts chia cred. Neutra Austin roof party Brooklyn, synth Thundercats swag 8-bit photo booth. Plaid letterpress leggings craft beer meh ethical Pinterest.\"}]]]',13,'Botble\\Ecommerce\\Models\\Product','2023-03-01 01:08:17','2023-03-01 01:08:17'),(28,'faq_schema_config','[[[{\"key\":\"question\",\"value\":\"What Shipping Methods Are Available?\"},{\"key\":\"answer\",\"value\":\"Ex Portland Pitchfork irure mustache. Eutra fap before they sold out literally. Aliquip ugh bicycle rights actually mlkshk, seitan squid craft beer tempor.\"}],[{\"key\":\"question\",\"value\":\"Do You Ship Internationally?\"},{\"key\":\"answer\",\"value\":\"Hoodie tote bag mixtape tofu. Typewriter jean shorts wolf quinoa, messenger bag organic freegan cray.\"}],[{\"key\":\"question\",\"value\":\"How Long Will It Take To Get My Package?\"},{\"key\":\"answer\",\"value\":\"Swag slow-carb quinoa VHS typewriter pork belly brunch, paleo single-origin coffee Wes Anderson. Flexitarian Pitchfork forage, literally paleo fap pour-over. Wes Anderson Pinterest YOLO fanny pack meggings, deep v XOXO chambray sustainable slow-carb raw denim church-key fap chillwave Etsy. +1 typewriter kitsch, American Apparel tofu Banksy Vice.\"}],[{\"key\":\"question\",\"value\":\"What Payment Methods Are Accepted?\"},{\"key\":\"answer\",\"value\":\"Fashion axe DIY jean shorts, swag kale chips meh polaroid kogi butcher Wes Anderson chambray next level semiotics gentrify yr. Voluptate photo booth fugiat Vice. Austin sed Williamsburg, ea labore raw denim voluptate cred proident mixtape excepteur mustache. Twee chia photo booth readymade food truck, hoodie roof party swag keytar PBR DIY.\"}],[{\"key\":\"question\",\"value\":\"Is Buying On-Line Safe?\"},{\"key\":\"answer\",\"value\":\"Art party authentic freegan semiotics jean shorts chia cred. Neutra Austin roof party Brooklyn, synth Thundercats swag 8-bit photo booth. Plaid letterpress leggings craft beer meh ethical Pinterest.\"}]]]',14,'Botble\\Ecommerce\\Models\\Product','2023-03-01 01:08:17','2023-03-01 01:08:17'),(29,'faq_schema_config','[[[{\"key\":\"question\",\"value\":\"What Shipping Methods Are Available?\"},{\"key\":\"answer\",\"value\":\"Ex Portland Pitchfork irure mustache. Eutra fap before they sold out literally. Aliquip ugh bicycle rights actually mlkshk, seitan squid craft beer tempor.\"}],[{\"key\":\"question\",\"value\":\"Do You Ship Internationally?\"},{\"key\":\"answer\",\"value\":\"Hoodie tote bag mixtape tofu. Typewriter jean shorts wolf quinoa, messenger bag organic freegan cray.\"}],[{\"key\":\"question\",\"value\":\"How Long Will It Take To Get My Package?\"},{\"key\":\"answer\",\"value\":\"Swag slow-carb quinoa VHS typewriter pork belly brunch, paleo single-origin coffee Wes Anderson. Flexitarian Pitchfork forage, literally paleo fap pour-over. Wes Anderson Pinterest YOLO fanny pack meggings, deep v XOXO chambray sustainable slow-carb raw denim church-key fap chillwave Etsy. +1 typewriter kitsch, American Apparel tofu Banksy Vice.\"}],[{\"key\":\"question\",\"value\":\"What Payment Methods Are Accepted?\"},{\"key\":\"answer\",\"value\":\"Fashion axe DIY jean shorts, swag kale chips meh polaroid kogi butcher Wes Anderson chambray next level semiotics gentrify yr. Voluptate photo booth fugiat Vice. Austin sed Williamsburg, ea labore raw denim voluptate cred proident mixtape excepteur mustache. Twee chia photo booth readymade food truck, hoodie roof party swag keytar PBR DIY.\"}],[{\"key\":\"question\",\"value\":\"Is Buying On-Line Safe?\"},{\"key\":\"answer\",\"value\":\"Art party authentic freegan semiotics jean shorts chia cred. Neutra Austin roof party Brooklyn, synth Thundercats swag 8-bit photo booth. Plaid letterpress leggings craft beer meh ethical Pinterest.\"}]]]',15,'Botble\\Ecommerce\\Models\\Product','2023-03-01 01:08:18','2023-03-01 01:08:18'),(30,'faq_schema_config','[[[{\"key\":\"question\",\"value\":\"What Shipping Methods Are Available?\"},{\"key\":\"answer\",\"value\":\"Ex Portland Pitchfork irure mustache. Eutra fap before they sold out literally. Aliquip ugh bicycle rights actually mlkshk, seitan squid craft beer tempor.\"}],[{\"key\":\"question\",\"value\":\"Do You Ship Internationally?\"},{\"key\":\"answer\",\"value\":\"Hoodie tote bag mixtape tofu. Typewriter jean shorts wolf quinoa, messenger bag organic freegan cray.\"}],[{\"key\":\"question\",\"value\":\"How Long Will It Take To Get My Package?\"},{\"key\":\"answer\",\"value\":\"Swag slow-carb quinoa VHS typewriter pork belly brunch, paleo single-origin coffee Wes Anderson. Flexitarian Pitchfork forage, literally paleo fap pour-over. Wes Anderson Pinterest YOLO fanny pack meggings, deep v XOXO chambray sustainable slow-carb raw denim church-key fap chillwave Etsy. +1 typewriter kitsch, American Apparel tofu Banksy Vice.\"}],[{\"key\":\"question\",\"value\":\"What Payment Methods Are Accepted?\"},{\"key\":\"answer\",\"value\":\"Fashion axe DIY jean shorts, swag kale chips meh polaroid kogi butcher Wes Anderson chambray next level semiotics gentrify yr. Voluptate photo booth fugiat Vice. Austin sed Williamsburg, ea labore raw denim voluptate cred proident mixtape excepteur mustache. Twee chia photo booth readymade food truck, hoodie roof party swag keytar PBR DIY.\"}],[{\"key\":\"question\",\"value\":\"Is Buying On-Line Safe?\"},{\"key\":\"answer\",\"value\":\"Art party authentic freegan semiotics jean shorts chia cred. Neutra Austin roof party Brooklyn, synth Thundercats swag 8-bit photo booth. Plaid letterpress leggings craft beer meh ethical Pinterest.\"}]]]',16,'Botble\\Ecommerce\\Models\\Product','2023-03-01 01:08:18','2023-03-01 01:08:18'),(31,'faq_schema_config','[[[{\"key\":\"question\",\"value\":\"What Shipping Methods Are Available?\"},{\"key\":\"answer\",\"value\":\"Ex Portland Pitchfork irure mustache. Eutra fap before they sold out literally. Aliquip ugh bicycle rights actually mlkshk, seitan squid craft beer tempor.\"}],[{\"key\":\"question\",\"value\":\"Do You Ship Internationally?\"},{\"key\":\"answer\",\"value\":\"Hoodie tote bag mixtape tofu. Typewriter jean shorts wolf quinoa, messenger bag organic freegan cray.\"}],[{\"key\":\"question\",\"value\":\"How Long Will It Take To Get My Package?\"},{\"key\":\"answer\",\"value\":\"Swag slow-carb quinoa VHS typewriter pork belly brunch, paleo single-origin coffee Wes Anderson. Flexitarian Pitchfork forage, literally paleo fap pour-over. Wes Anderson Pinterest YOLO fanny pack meggings, deep v XOXO chambray sustainable slow-carb raw denim church-key fap chillwave Etsy. +1 typewriter kitsch, American Apparel tofu Banksy Vice.\"}],[{\"key\":\"question\",\"value\":\"What Payment Methods Are Accepted?\"},{\"key\":\"answer\",\"value\":\"Fashion axe DIY jean shorts, swag kale chips meh polaroid kogi butcher Wes Anderson chambray next level semiotics gentrify yr. Voluptate photo booth fugiat Vice. Austin sed Williamsburg, ea labore raw denim voluptate cred proident mixtape excepteur mustache. Twee chia photo booth readymade food truck, hoodie roof party swag keytar PBR DIY.\"}],[{\"key\":\"question\",\"value\":\"Is Buying On-Line Safe?\"},{\"key\":\"answer\",\"value\":\"Art party authentic freegan semiotics jean shorts chia cred. Neutra Austin roof party Brooklyn, synth Thundercats swag 8-bit photo booth. Plaid letterpress leggings craft beer meh ethical Pinterest.\"}]]]',17,'Botble\\Ecommerce\\Models\\Product','2023-03-01 01:08:18','2023-03-01 01:08:18'),(32,'faq_schema_config','[[[{\"key\":\"question\",\"value\":\"What Shipping Methods Are Available?\"},{\"key\":\"answer\",\"value\":\"Ex Portland Pitchfork irure mustache. Eutra fap before they sold out literally. Aliquip ugh bicycle rights actually mlkshk, seitan squid craft beer tempor.\"}],[{\"key\":\"question\",\"value\":\"Do You Ship Internationally?\"},{\"key\":\"answer\",\"value\":\"Hoodie tote bag mixtape tofu. Typewriter jean shorts wolf quinoa, messenger bag organic freegan cray.\"}],[{\"key\":\"question\",\"value\":\"How Long Will It Take To Get My Package?\"},{\"key\":\"answer\",\"value\":\"Swag slow-carb quinoa VHS typewriter pork belly brunch, paleo single-origin coffee Wes Anderson. Flexitarian Pitchfork forage, literally paleo fap pour-over. Wes Anderson Pinterest YOLO fanny pack meggings, deep v XOXO chambray sustainable slow-carb raw denim church-key fap chillwave Etsy. +1 typewriter kitsch, American Apparel tofu Banksy Vice.\"}],[{\"key\":\"question\",\"value\":\"What Payment Methods Are Accepted?\"},{\"key\":\"answer\",\"value\":\"Fashion axe DIY jean shorts, swag kale chips meh polaroid kogi butcher Wes Anderson chambray next level semiotics gentrify yr. Voluptate photo booth fugiat Vice. Austin sed Williamsburg, ea labore raw denim voluptate cred proident mixtape excepteur mustache. Twee chia photo booth readymade food truck, hoodie roof party swag keytar PBR DIY.\"}],[{\"key\":\"question\",\"value\":\"Is Buying On-Line Safe?\"},{\"key\":\"answer\",\"value\":\"Art party authentic freegan semiotics jean shorts chia cred. Neutra Austin roof party Brooklyn, synth Thundercats swag 8-bit photo booth. Plaid letterpress leggings craft beer meh ethical Pinterest.\"}]]]',18,'Botble\\Ecommerce\\Models\\Product','2023-03-01 01:08:18','2023-03-01 01:08:18'),(33,'faq_schema_config','[[[{\"key\":\"question\",\"value\":\"What Shipping Methods Are Available?\"},{\"key\":\"answer\",\"value\":\"Ex Portland Pitchfork irure mustache. Eutra fap before they sold out literally. Aliquip ugh bicycle rights actually mlkshk, seitan squid craft beer tempor.\"}],[{\"key\":\"question\",\"value\":\"Do You Ship Internationally?\"},{\"key\":\"answer\",\"value\":\"Hoodie tote bag mixtape tofu. Typewriter jean shorts wolf quinoa, messenger bag organic freegan cray.\"}],[{\"key\":\"question\",\"value\":\"How Long Will It Take To Get My Package?\"},{\"key\":\"answer\",\"value\":\"Swag slow-carb quinoa VHS typewriter pork belly brunch, paleo single-origin coffee Wes Anderson. Flexitarian Pitchfork forage, literally paleo fap pour-over. Wes Anderson Pinterest YOLO fanny pack meggings, deep v XOXO chambray sustainable slow-carb raw denim church-key fap chillwave Etsy. +1 typewriter kitsch, American Apparel tofu Banksy Vice.\"}],[{\"key\":\"question\",\"value\":\"What Payment Methods Are Accepted?\"},{\"key\":\"answer\",\"value\":\"Fashion axe DIY jean shorts, swag kale chips meh polaroid kogi butcher Wes Anderson chambray next level semiotics gentrify yr. Voluptate photo booth fugiat Vice. Austin sed Williamsburg, ea labore raw denim voluptate cred proident mixtape excepteur mustache. Twee chia photo booth readymade food truck, hoodie roof party swag keytar PBR DIY.\"}],[{\"key\":\"question\",\"value\":\"Is Buying On-Line Safe?\"},{\"key\":\"answer\",\"value\":\"Art party authentic freegan semiotics jean shorts chia cred. Neutra Austin roof party Brooklyn, synth Thundercats swag 8-bit photo booth. Plaid letterpress leggings craft beer meh ethical Pinterest.\"}]]]',19,'Botble\\Ecommerce\\Models\\Product','2023-03-01 01:08:18','2023-03-01 01:08:18'),(34,'faq_schema_config','[[[{\"key\":\"question\",\"value\":\"What Shipping Methods Are Available?\"},{\"key\":\"answer\",\"value\":\"Ex Portland Pitchfork irure mustache. Eutra fap before they sold out literally. Aliquip ugh bicycle rights actually mlkshk, seitan squid craft beer tempor.\"}],[{\"key\":\"question\",\"value\":\"Do You Ship Internationally?\"},{\"key\":\"answer\",\"value\":\"Hoodie tote bag mixtape tofu. Typewriter jean shorts wolf quinoa, messenger bag organic freegan cray.\"}],[{\"key\":\"question\",\"value\":\"How Long Will It Take To Get My Package?\"},{\"key\":\"answer\",\"value\":\"Swag slow-carb quinoa VHS typewriter pork belly brunch, paleo single-origin coffee Wes Anderson. Flexitarian Pitchfork forage, literally paleo fap pour-over. Wes Anderson Pinterest YOLO fanny pack meggings, deep v XOXO chambray sustainable slow-carb raw denim church-key fap chillwave Etsy. +1 typewriter kitsch, American Apparel tofu Banksy Vice.\"}],[{\"key\":\"question\",\"value\":\"What Payment Methods Are Accepted?\"},{\"key\":\"answer\",\"value\":\"Fashion axe DIY jean shorts, swag kale chips meh polaroid kogi butcher Wes Anderson chambray next level semiotics gentrify yr. Voluptate photo booth fugiat Vice. Austin sed Williamsburg, ea labore raw denim voluptate cred proident mixtape excepteur mustache. Twee chia photo booth readymade food truck, hoodie roof party swag keytar PBR DIY.\"}],[{\"key\":\"question\",\"value\":\"Is Buying On-Line Safe?\"},{\"key\":\"answer\",\"value\":\"Art party authentic freegan semiotics jean shorts chia cred. Neutra Austin roof party Brooklyn, synth Thundercats swag 8-bit photo booth. Plaid letterpress leggings craft beer meh ethical Pinterest.\"}]]]',20,'Botble\\Ecommerce\\Models\\Product','2023-03-01 01:08:18','2023-03-01 01:08:18'),(35,'faq_schema_config','[[[{\"key\":\"question\",\"value\":\"What Shipping Methods Are Available?\"},{\"key\":\"answer\",\"value\":\"Ex Portland Pitchfork irure mustache. Eutra fap before they sold out literally. Aliquip ugh bicycle rights actually mlkshk, seitan squid craft beer tempor.\"}],[{\"key\":\"question\",\"value\":\"Do You Ship Internationally?\"},{\"key\":\"answer\",\"value\":\"Hoodie tote bag mixtape tofu. Typewriter jean shorts wolf quinoa, messenger bag organic freegan cray.\"}],[{\"key\":\"question\",\"value\":\"How Long Will It Take To Get My Package?\"},{\"key\":\"answer\",\"value\":\"Swag slow-carb quinoa VHS typewriter pork belly brunch, paleo single-origin coffee Wes Anderson. Flexitarian Pitchfork forage, literally paleo fap pour-over. Wes Anderson Pinterest YOLO fanny pack meggings, deep v XOXO chambray sustainable slow-carb raw denim church-key fap chillwave Etsy. +1 typewriter kitsch, American Apparel tofu Banksy Vice.\"}],[{\"key\":\"question\",\"value\":\"What Payment Methods Are Accepted?\"},{\"key\":\"answer\",\"value\":\"Fashion axe DIY jean shorts, swag kale chips meh polaroid kogi butcher Wes Anderson chambray next level semiotics gentrify yr. Voluptate photo booth fugiat Vice. Austin sed Williamsburg, ea labore raw denim voluptate cred proident mixtape excepteur mustache. Twee chia photo booth readymade food truck, hoodie roof party swag keytar PBR DIY.\"}],[{\"key\":\"question\",\"value\":\"Is Buying On-Line Safe?\"},{\"key\":\"answer\",\"value\":\"Art party authentic freegan semiotics jean shorts chia cred. Neutra Austin roof party Brooklyn, synth Thundercats swag 8-bit photo booth. Plaid letterpress leggings craft beer meh ethical Pinterest.\"}]]]',21,'Botble\\Ecommerce\\Models\\Product','2023-03-01 01:08:18','2023-03-01 01:08:18'),(36,'faq_schema_config','[[[{\"key\":\"question\",\"value\":\"What Shipping Methods Are Available?\"},{\"key\":\"answer\",\"value\":\"Ex Portland Pitchfork irure mustache. Eutra fap before they sold out literally. Aliquip ugh bicycle rights actually mlkshk, seitan squid craft beer tempor.\"}],[{\"key\":\"question\",\"value\":\"Do You Ship Internationally?\"},{\"key\":\"answer\",\"value\":\"Hoodie tote bag mixtape tofu. Typewriter jean shorts wolf quinoa, messenger bag organic freegan cray.\"}],[{\"key\":\"question\",\"value\":\"How Long Will It Take To Get My Package?\"},{\"key\":\"answer\",\"value\":\"Swag slow-carb quinoa VHS typewriter pork belly brunch, paleo single-origin coffee Wes Anderson. Flexitarian Pitchfork forage, literally paleo fap pour-over. Wes Anderson Pinterest YOLO fanny pack meggings, deep v XOXO chambray sustainable slow-carb raw denim church-key fap chillwave Etsy. +1 typewriter kitsch, American Apparel tofu Banksy Vice.\"}],[{\"key\":\"question\",\"value\":\"What Payment Methods Are Accepted?\"},{\"key\":\"answer\",\"value\":\"Fashion axe DIY jean shorts, swag kale chips meh polaroid kogi butcher Wes Anderson chambray next level semiotics gentrify yr. Voluptate photo booth fugiat Vice. Austin sed Williamsburg, ea labore raw denim voluptate cred proident mixtape excepteur mustache. Twee chia photo booth readymade food truck, hoodie roof party swag keytar PBR DIY.\"}],[{\"key\":\"question\",\"value\":\"Is Buying On-Line Safe?\"},{\"key\":\"answer\",\"value\":\"Art party authentic freegan semiotics jean shorts chia cred. Neutra Austin roof party Brooklyn, synth Thundercats swag 8-bit photo booth. Plaid letterpress leggings craft beer meh ethical Pinterest.\"}]]]',22,'Botble\\Ecommerce\\Models\\Product','2023-03-01 01:08:18','2023-03-01 01:08:18'),(37,'faq_schema_config','[[[{\"key\":\"question\",\"value\":\"What Shipping Methods Are Available?\"},{\"key\":\"answer\",\"value\":\"Ex Portland Pitchfork irure mustache. Eutra fap before they sold out literally. Aliquip ugh bicycle rights actually mlkshk, seitan squid craft beer tempor.\"}],[{\"key\":\"question\",\"value\":\"Do You Ship Internationally?\"},{\"key\":\"answer\",\"value\":\"Hoodie tote bag mixtape tofu. Typewriter jean shorts wolf quinoa, messenger bag organic freegan cray.\"}],[{\"key\":\"question\",\"value\":\"How Long Will It Take To Get My Package?\"},{\"key\":\"answer\",\"value\":\"Swag slow-carb quinoa VHS typewriter pork belly brunch, paleo single-origin coffee Wes Anderson. Flexitarian Pitchfork forage, literally paleo fap pour-over. Wes Anderson Pinterest YOLO fanny pack meggings, deep v XOXO chambray sustainable slow-carb raw denim church-key fap chillwave Etsy. +1 typewriter kitsch, American Apparel tofu Banksy Vice.\"}],[{\"key\":\"question\",\"value\":\"What Payment Methods Are Accepted?\"},{\"key\":\"answer\",\"value\":\"Fashion axe DIY jean shorts, swag kale chips meh polaroid kogi butcher Wes Anderson chambray next level semiotics gentrify yr. Voluptate photo booth fugiat Vice. Austin sed Williamsburg, ea labore raw denim voluptate cred proident mixtape excepteur mustache. Twee chia photo booth readymade food truck, hoodie roof party swag keytar PBR DIY.\"}],[{\"key\":\"question\",\"value\":\"Is Buying On-Line Safe?\"},{\"key\":\"answer\",\"value\":\"Art party authentic freegan semiotics jean shorts chia cred. Neutra Austin roof party Brooklyn, synth Thundercats swag 8-bit photo booth. Plaid letterpress leggings craft beer meh ethical Pinterest.\"}]]]',23,'Botble\\Ecommerce\\Models\\Product','2023-03-01 01:08:18','2023-03-01 01:08:18'),(38,'tablet_image','[\"sliders\\/1-md.jpg\"]',1,'Botble\\SimpleSlider\\Models\\SimpleSliderItem','2023-03-01 01:08:21','2023-03-01 01:08:21'),(39,'mobile_image','[\"sliders\\/1-sm.jpg\"]',1,'Botble\\SimpleSlider\\Models\\SimpleSliderItem','2023-03-01 01:08:21','2023-03-01 01:08:21'),(40,'tablet_image','[\"sliders\\/2-md.jpg\"]',2,'Botble\\SimpleSlider\\Models\\SimpleSliderItem','2023-03-01 01:08:21','2023-03-01 01:08:21'),(41,'mobile_image','[\"sliders\\/2-sm.jpg\"]',2,'Botble\\SimpleSlider\\Models\\SimpleSliderItem','2023-03-01 01:08:21','2023-03-01 01:08:21'),(42,'tablet_image','[\"sliders\\/3-md.jpg\"]',3,'Botble\\SimpleSlider\\Models\\SimpleSliderItem','2023-03-01 01:08:21','2023-03-01 01:08:21'),(43,'mobile_image','[\"sliders\\/3-sm.jpg\"]',3,'Botble\\SimpleSlider\\Models\\SimpleSliderItem','2023-03-01 01:08:21','2023-03-01 01:08:21'),(44,'tablet_image','[\"sliders\\/1-md.jpg\"]',4,'Botble\\SimpleSlider\\Models\\SimpleSliderItem','2023-03-01 01:08:21','2023-03-01 01:08:21'),(45,'mobile_image','[\"sliders\\/1-sm.jpg\"]',4,'Botble\\SimpleSlider\\Models\\SimpleSliderItem','2023-03-01 01:08:21','2023-03-01 01:08:21'),(46,'tablet_image','[\"sliders\\/2-md.jpg\"]',5,'Botble\\SimpleSlider\\Models\\SimpleSliderItem','2023-03-01 01:08:21','2023-03-01 01:08:21'),(47,'mobile_image','[\"sliders\\/2-sm.jpg\"]',5,'Botble\\SimpleSlider\\Models\\SimpleSliderItem','2023-03-01 01:08:21','2023-03-01 01:08:21'),(48,'tablet_image','[\"sliders\\/3-md.jpg\"]',6,'Botble\\SimpleSlider\\Models\\SimpleSliderItem','2023-03-01 01:08:21','2023-03-01 01:08:21'),(49,'mobile_image','[\"sliders\\/3-sm.jpg\"]',6,'Botble\\SimpleSlider\\Models\\SimpleSliderItem','2023-03-01 01:08:21','2023-03-01 01:08:21');
/*!40000 ALTER TABLE `meta_boxes` ENABLE KEYS */;
UNLOCK TABLES;

--
-- Table structure for table `migrations`
--

DROP TABLE IF EXISTS `migrations`;
/*!40101 SET @saved_cs_client     = @@character_set_client */;
/*!50503 SET character_set_client = utf8mb4 */;
CREATE TABLE `migrations` (
  `id` int unsigned NOT NULL AUTO_INCREMENT,
  `migration` varchar(191) COLLATE utf8mb4_unicode_ci NOT NULL,
  `batch` int NOT NULL,
  PRIMARY KEY (`id`)
) ENGINE=InnoDB AUTO_INCREMENT=125 DEFAULT CHARSET=utf8mb4 COLLATE=utf8mb4_unicode_ci;
/*!40101 SET character_set_client = @saved_cs_client */;

--
-- Dumping data for table `migrations`
--

LOCK TABLES `migrations` WRITE;
/*!40000 ALTER TABLE `migrations` DISABLE KEYS */;
INSERT INTO `migrations` VALUES (1,'2013_04_09_032329_create_base_tables',1),(2,'2013_04_09_062329_create_revisions_table',1),(3,'2014_10_12_000000_create_users_table',1),(4,'2014_10_12_100000_create_password_reset_tokens_table',1),(5,'2016_06_10_230148_create_acl_tables',1),(6,'2016_06_14_230857_create_menus_table',1),(7,'2016_06_28_221418_create_pages_table',1),(8,'2016_10_05_074239_create_setting_table',1),(9,'2016_11_28_032840_create_dashboard_widget_tables',1),(10,'2016_12_16_084601_create_widgets_table',1),(11,'2017_05_09_070343_create_media_tables',1),(12,'2017_11_03_070450_create_slug_table',1),(13,'2019_01_05_053554_create_jobs_table',1),(14,'2019_08_19_000000_create_failed_jobs_table',1),(15,'2019_12_14_000001_create_personal_access_tokens_table',1),(16,'2021_08_02_084121_fix_old_shortcode',1),(17,'2022_04_20_100851_add_index_to_media_table',1),(18,'2022_04_20_101046_add_index_to_menu_table',1),(19,'2022_07_10_034813_move_lang_folder_to_root',1),(20,'2022_08_04_051940_add_missing_column_expires_at',1),(21,'2022_09_01_000001_create_admin_notifications_tables',1),(22,'2022_10_14_024629_drop_column_is_featured',1),(23,'2022_11_18_063357_add_missing_timestamp_in_table_settings',1),(24,'2022_12_02_093615_update_slug_index_columns',1),(25,'2023_01_30_024431_add_alt_to_media_table',1),(26,'2023_02_16_042611_drop_table_password_resets',1),(27,'2020_11_18_150916_ads_create_ads_table',2),(28,'2021_12_02_035301_add_ads_translations_table',2),(29,'2015_06_29_025744_create_audit_history',3),(30,'2015_06_18_033822_create_blog_table',4),(31,'2021_02_16_092633_remove_default_value_for_author_type',4),(32,'2021_12_03_030600_create_blog_translations',4),(33,'2022_04_19_113923_add_index_to_table_posts',4),(34,'2016_06_17_091537_create_contacts_table',5),(35,'2020_03_05_041139_create_ecommerce_tables',6),(36,'2021_01_01_044147_ecommerce_create_flash_sale_table',6),(37,'2021_01_17_082713_add_column_is_featured_to_product_collections_table',6),(38,'2021_01_18_024333_add_zip_code_into_table_customer_addresses',6),(39,'2021_02_18_073505_update_table_ec_reviews',6),(40,'2021_03_10_024419_add_column_confirmed_at_to_table_ec_customers',6),(41,'2021_03_10_025153_change_column_tax_amount',6),(42,'2021_03_20_033103_add_column_availability_to_table_ec_products',6),(43,'2021_04_28_074008_ecommerce_create_product_label_table',6),(44,'2021_05_31_173037_ecommerce_create_ec_products_translations',6),(45,'2021_06_28_153141_correct_slugs_data',6),(46,'2021_08_17_105016_remove_column_currency_id_in_some_tables',6),(47,'2021_08_30_142128_add_images_column_to_ec_reviews_table',6),(48,'2021_09_01_115151_remove_unused_fields_in_ec_products',6),(49,'2021_10_04_030050_add_column_created_by_to_table_ec_products',6),(50,'2021_10_05_122616_add_status_column_to_ec_customers_table',6),(51,'2021_11_03_025806_nullable_phone_number_in_ec_customer_addresses',6),(52,'2021_11_23_071403_correct_languages_for_product_variations',6),(53,'2021_11_28_031808_add_product_tags_translations',6),(54,'2021_12_01_031123_add_featured_image_to_ec_products',6),(55,'2022_01_01_033107_update_table_ec_shipments',6),(56,'2022_02_16_042457_improve_product_attribute_sets',6),(57,'2022_03_22_075758_correct_product_name',6),(58,'2022_04_19_113334_add_index_to_ec_products',6),(59,'2022_04_28_144405_remove_unused_table',6),(60,'2022_05_05_115015_create_ec_customer_recently_viewed_products_table',6),(61,'2022_05_18_143720_add_index_to_table_ec_product_categories',6),(62,'2022_06_16_095633_add_index_to_some_tables',6),(63,'2022_06_30_035148_create_order_referrals_table',6),(64,'2022_07_24_153815_add_completed_at_to_ec_orders_table',6),(65,'2022_08_14_032836_create_ec_order_returns_table',6),(66,'2022_08_14_033554_create_ec_order_return_items_table',6),(67,'2022_08_15_040324_add_billing_address',6),(68,'2022_08_30_091114_support_digital_products_table',6),(69,'2022_09_13_095744_create_options_table',6),(70,'2022_09_13_104347_create_option_value_table',6),(71,'2022_10_05_163518_alter_table_ec_order_product',6),(72,'2022_10_12_041517_create_invoices_table',6),(73,'2022_10_12_142226_update_orders_table',6),(74,'2022_10_13_024916_update_table_order_returns',6),(75,'2022_10_21_030830_update_columns_in_ec_shipments_table',6),(76,'2022_10_28_021046_update_columns_in_ec_shipments_table',6),(77,'2022_11_16_034522_update_type_column_in_ec_shipping_rules_table',6),(78,'2022_11_19_041643_add_ec_tax_product_table',6),(79,'2022_12_12_063830_update_tax_defadult_in_ec_tax_products_table',6),(80,'2022_12_17_041532_fix_address_in_order_invoice',6),(81,'2022_12_26_070329_create_ec_product_views_table',6),(82,'2023_01_04_033051_fix_product_categories',6),(83,'2023_01_09_050400_add_ec_global_options_translations_table',6),(84,'2023_01_10_093754_add_missing_option_value_id',6),(85,'2023_01_17_082713_add_column_barcode_and_cost_per_item_to_product_table',6),(86,'2023_01_26_021854_add_ec_customer_used_coupons_table',6),(87,'2023_02_08_015900_update_options_column_in_ec_order_product_table',6),(88,'2023_02_27_095752_remove_duplicate_reviews',6),(89,'2018_07_09_221238_create_faq_table',7),(90,'2021_12_03_082134_create_faq_translations',7),(91,'2016_10_03_032336_create_languages_table',8),(92,'2021_10_25_021023_fix-priority-load-for-language-advanced',9),(93,'2021_12_03_075608_create_page_translations',9),(94,'2019_11_18_061011_create_country_table',10),(95,'2021_12_03_084118_create_location_translations',10),(96,'2021_12_03_094518_migrate_old_location_data',10),(97,'2021_12_10_034440_switch_plugin_location_to_use_language_advanced',10),(98,'2022_01_16_085908_improve_plugin_location',10),(99,'2022_08_04_052122_delete_location_backup_tables',10),(100,'2022_10_29_065232_increase_states_abbreviation_column',10),(101,'2022_11_06_061847_increase_state_translations_abbreviation_column',10),(102,'2021_07_06_030002_create_marketplace_table',11),(103,'2021_09_04_150137_add_vendor_verified_at_to_ec_customers_table',11),(104,'2021_10_04_033903_add_column_approved_by_into_table_ec_products',11),(105,'2021_10_06_124943_add_transaction_id_column_to_mp_customer_withdrawals_table',11),(106,'2021_10_10_054216_add_columns_to_mp_customer_revenues_table',11),(107,'2021_12_06_031304_update_table_mp_customer_revenues',11),(108,'2022_10_19_152916_add_columns_to_mp_stores_table',11),(109,'2022_10_20_062849_create_mp_category_sale_commissions_table',11),(110,'2022_11_02_071413_add_more_info_for_store',11),(111,'2022_11_02_080444_add_tax_info',11),(112,'2023_02_01_062030_add_store_translations',11),(113,'2023_02_13_032133_update_fee_column_mp_customer_revenues_table',11),(114,'2023_02_17_023648_fix_store_prefix',11),(115,'2017_10_24_154832_create_newsletter_table',12),(116,'2017_05_18_080441_create_payment_tables',13),(117,'2021_03_27_144913_add_customer_type_into_table_payments',13),(118,'2021_05_24_034720_make_column_currency_nullable',13),(119,'2021_08_09_161302_add_metadata_column_to_payments_table',13),(120,'2021_10_19_020859_update_metadata_field',13),(121,'2022_06_28_151901_activate_paypal_stripe_plugin',13),(122,'2022_07_07_153354_update_charge_id_in_table_payments',13),(123,'2017_07_11_140018_create_simple_slider_table',14),(124,'2016_10_07_193005_create_translations_table',15);
/*!40000 ALTER TABLE `migrations` ENABLE KEYS */;
UNLOCK TABLES;

--
-- Table structure for table `mp_category_sale_commissions`
--

DROP TABLE IF EXISTS `mp_category_sale_commissions`;
/*!40101 SET @saved_cs_client     = @@character_set_client */;
/*!50503 SET character_set_client = utf8mb4 */;
CREATE TABLE `mp_category_sale_commissions` (
  `id` bigint unsigned NOT NULL AUTO_INCREMENT,
  `product_category_id` bigint unsigned NOT NULL,
  `commission_percentage` decimal(8,2) NOT NULL DEFAULT '0.00',
  PRIMARY KEY (`id`),
  UNIQUE KEY `mp_category_sale_commissions_product_category_id_unique` (`product_category_id`)
) ENGINE=InnoDB DEFAULT CHARSET=utf8mb4 COLLATE=utf8mb4_unicode_ci;
/*!40101 SET character_set_client = @saved_cs_client */;

--
-- Dumping data for table `mp_category_sale_commissions`
--

LOCK TABLES `mp_category_sale_commissions` WRITE;
/*!40000 ALTER TABLE `mp_category_sale_commissions` DISABLE KEYS */;
/*!40000 ALTER TABLE `mp_category_sale_commissions` ENABLE KEYS */;
UNLOCK TABLES;

--
-- Table structure for table `mp_customer_revenues`
--

DROP TABLE IF EXISTS `mp_customer_revenues`;
/*!40101 SET @saved_cs_client     = @@character_set_client */;
/*!50503 SET character_set_client = utf8mb4 */;
CREATE TABLE `mp_customer_revenues` (
  `id` bigint unsigned NOT NULL AUTO_INCREMENT,
  `customer_id` bigint unsigned DEFAULT NULL,
  `order_id` bigint unsigned DEFAULT NULL,
  `sub_amount` decimal(15,2) DEFAULT '0.00',
  `fee` decimal(15,2) DEFAULT '0.00',
  `amount` decimal(15,2) DEFAULT '0.00',
  `current_balance` decimal(15,2) DEFAULT '0.00',
  `currency` varchar(120) COLLATE utf8mb4_unicode_ci DEFAULT NULL,
  `description` text COLLATE utf8mb4_unicode_ci,
  `created_at` timestamp NULL DEFAULT NULL,
  `updated_at` timestamp NULL DEFAULT NULL,
  `user_id` bigint unsigned NOT NULL DEFAULT '0',
  `type` varchar(60) COLLATE utf8mb4_unicode_ci DEFAULT NULL,
  PRIMARY KEY (`id`)
) ENGINE=InnoDB AUTO_INCREMENT=20 DEFAULT CHARSET=utf8mb4 COLLATE=utf8mb4_unicode_ci;
/*!40101 SET character_set_client = @saved_cs_client */;

--
-- Dumping data for table `mp_customer_revenues`
--

LOCK TABLES `mp_customer_revenues` WRITE;
/*!40000 ALTER TABLE `mp_customer_revenues` DISABLE KEYS */;
INSERT INTO `mp_customer_revenues` VALUES (1,9,4,1269.00,0.00,1269.00,0.00,'USD',NULL,'2023-01-27 01:08:24','2023-01-27 01:08:24',0,NULL),(2,5,5,4365.00,0.00,4365.00,0.00,'USD',NULL,'2023-02-10 17:08:25','2023-02-10 17:08:25',0,NULL),(3,3,6,1196.00,0.00,1196.00,0.00,'USD',NULL,'2023-02-18 01:08:25','2023-02-18 01:08:25',0,NULL),(4,2,8,2454.00,0.00,2454.00,0.00,'USD',NULL,'2023-02-25 09:08:25','2023-02-25 09:08:25',0,NULL),(5,9,9,423.00,0.00,423.00,1269.00,'USD',NULL,'2023-02-10 17:08:25','2023-02-10 17:08:25',0,NULL),(6,5,11,3054.75,0.00,3054.75,4365.00,'USD',NULL,'2023-02-18 01:08:25','2023-02-18 01:08:25',0,NULL),(7,3,14,1800.00,0.00,1800.00,1196.00,'USD',NULL,'2023-02-03 09:08:25','2023-02-03 09:08:25',0,NULL),(8,2,22,538.00,0.00,538.00,2454.00,'USD',NULL,'2023-02-18 01:08:25','2023-02-18 01:08:25',0,NULL),(9,3,23,3354.00,0.00,3354.00,2996.00,'USD',NULL,'2023-02-21 17:08:25','2023-02-21 17:08:25',0,NULL),(10,2,25,1114.00,0.00,1114.00,2992.00,'USD',NULL,'2023-01-27 01:08:26','2023-01-27 01:08:26',0,NULL),(11,3,26,2412.00,0.00,2412.00,6350.00,'USD',NULL,'2023-02-03 09:08:26','2023-02-03 09:08:26',0,NULL),(12,5,27,1213.00,0.00,1213.00,7419.75,'USD',NULL,'2023-02-14 09:08:26','2023-02-14 09:08:26',0,NULL),(13,2,28,1290.00,0.00,1290.00,4106.00,'USD',NULL,'2023-02-14 09:08:26','2023-02-14 09:08:26',0,NULL),(14,2,32,597.00,0.00,597.00,5396.00,'USD',NULL,'2023-02-03 09:08:26','2023-02-03 09:08:26',0,NULL),(15,3,34,3618.00,0.00,3618.00,8762.00,'USD',NULL,'2023-02-10 17:08:26','2023-02-10 17:08:26',0,NULL),(16,5,36,160.50,0.00,160.50,8632.75,'USD',NULL,'2023-02-03 09:08:26','2023-02-03 09:08:26',0,NULL),(17,5,38,160.50,0.00,160.50,8793.25,'USD',NULL,'2023-02-10 17:08:26','2023-02-10 17:08:26',0,NULL),(18,2,42,3345.00,0.00,3345.00,5993.00,'USD',NULL,'2023-01-27 01:08:26','2023-01-27 01:08:26',0,NULL),(19,3,43,556.00,0.00,556.00,12380.00,'USD',NULL,'2023-01-27 01:08:27','2023-01-27 01:08:27',0,NULL);
/*!40000 ALTER TABLE `mp_customer_revenues` ENABLE KEYS */;
UNLOCK TABLES;

--
-- Table structure for table `mp_customer_withdrawals`
--

DROP TABLE IF EXISTS `mp_customer_withdrawals`;
/*!40101 SET @saved_cs_client     = @@character_set_client */;
/*!50503 SET character_set_client = utf8mb4 */;
CREATE TABLE `mp_customer_withdrawals` (
  `id` bigint unsigned NOT NULL AUTO_INCREMENT,
  `customer_id` bigint unsigned DEFAULT NULL,
  `fee` decimal(15,2) unsigned DEFAULT '0.00',
  `amount` decimal(15,2) unsigned DEFAULT '0.00',
  `current_balance` decimal(15,2) unsigned DEFAULT '0.00',
  `currency` varchar(120) COLLATE utf8mb4_unicode_ci DEFAULT NULL,
  `description` text COLLATE utf8mb4_unicode_ci,
  `bank_info` text COLLATE utf8mb4_unicode_ci,
  `payment_channel` varchar(60) COLLATE utf8mb4_unicode_ci DEFAULT NULL,
  `user_id` bigint unsigned NOT NULL DEFAULT '0',
  `status` varchar(60) COLLATE utf8mb4_unicode_ci NOT NULL DEFAULT 'pending',
  `images` text COLLATE utf8mb4_unicode_ci,
  `created_at` timestamp NULL DEFAULT NULL,
  `updated_at` timestamp NULL DEFAULT NULL,
  `transaction_id` varchar(60) COLLATE utf8mb4_unicode_ci DEFAULT NULL,
  PRIMARY KEY (`id`)
) ENGINE=InnoDB AUTO_INCREMENT=14 DEFAULT CHARSET=utf8mb4 COLLATE=utf8mb4_unicode_ci;
/*!40101 SET character_set_client = @saved_cs_client */;

--
-- Dumping data for table `mp_customer_withdrawals`
--

LOCK TABLES `mp_customer_withdrawals` WRITE;
/*!40000 ALTER TABLE `mp_customer_withdrawals` DISABLE KEYS */;
INSERT INTO `mp_customer_withdrawals` VALUES (1,2,0.00,2180.00,9338.00,'USD','','{\"name\":\"Prof. Aaron Rosenbaum\",\"number\":\"+19497162406\",\"full_name\":\"Sigurd Raynor\",\"description\":\"Kendall Kutch\"}',NULL,0,'completed',NULL,'2023-03-01 01:08:27','2023-03-01 01:08:27',NULL),(2,2,0.00,1778.00,7158.00,'USD','','{\"name\":\"Prof. Aaron Rosenbaum\",\"number\":\"+19497162406\",\"full_name\":\"Sigurd Raynor\",\"description\":\"Kendall Kutch\"}',NULL,0,'processing',NULL,'2023-03-01 01:08:27','2023-03-01 01:08:27',NULL),(3,2,0.00,306.00,5380.00,'USD','','{\"name\":\"Prof. Aaron Rosenbaum\",\"number\":\"+19497162406\",\"full_name\":\"Sigurd Raynor\",\"description\":\"Kendall Kutch\"}',NULL,0,'completed',NULL,'2023-03-01 01:08:27','2023-03-01 01:08:27',NULL),(4,2,0.00,1650.00,5074.00,'USD','','{\"name\":\"Prof. Aaron Rosenbaum\",\"number\":\"+19497162406\",\"full_name\":\"Sigurd Raynor\",\"description\":\"Kendall Kutch\"}',NULL,0,'pending',NULL,'2023-03-01 01:08:27','2023-03-01 01:08:27',NULL),(5,3,0.00,406.00,12936.00,'USD','','{\"name\":\"Harrison Kling\",\"number\":\"+17343894883\",\"full_name\":\"Mitchel Harvey\",\"description\":\"Prof. Dino Crooks DVM\"}',NULL,0,'processing',NULL,'2023-03-01 01:08:27','2023-03-01 01:08:27',NULL),(6,3,0.00,3295.00,12530.00,'USD','','{\"name\":\"Harrison Kling\",\"number\":\"+17343894883\",\"full_name\":\"Mitchel Harvey\",\"description\":\"Prof. Dino Crooks DVM\"}',NULL,0,'pending',NULL,'2023-03-01 01:08:27','2023-03-01 01:08:27',NULL),(7,5,0.00,1469.00,8953.75,'USD','','{\"name\":\"Sierra Brakus\",\"number\":\"+14794014950\",\"full_name\":\"Jaydon Christiansen PhD\",\"description\":\"Colby Krajcik\"}',NULL,0,'completed',NULL,'2023-03-01 01:08:27','2023-03-01 01:08:27',NULL),(8,5,0.00,133.00,7484.75,'USD','','{\"name\":\"Sierra Brakus\",\"number\":\"+14794014950\",\"full_name\":\"Jaydon Christiansen PhD\",\"description\":\"Colby Krajcik\"}',NULL,0,'pending',NULL,'2023-03-01 01:08:28','2023-03-01 01:08:28',NULL),(9,5,0.00,929.00,7351.75,'USD','','{\"name\":\"Sierra Brakus\",\"number\":\"+14794014950\",\"full_name\":\"Jaydon Christiansen PhD\",\"description\":\"Colby Krajcik\"}',NULL,0,'completed',NULL,'2023-03-01 01:08:28','2023-03-01 01:08:28',NULL),(10,5,0.00,417.00,6422.75,'USD','','{\"name\":\"Sierra Brakus\",\"number\":\"+14794014950\",\"full_name\":\"Jaydon Christiansen PhD\",\"description\":\"Colby Krajcik\"}',NULL,0,'processing',NULL,'2023-03-01 01:08:28','2023-03-01 01:08:28',NULL),(11,9,0.00,438.00,1692.00,'USD','','{\"name\":\"Peyton Ratke\",\"number\":\"+14347378327\",\"full_name\":\"Mrs. Gladys Torphy\",\"description\":\"Prof. Mortimer Rolfson MD\"}',NULL,0,'processing',NULL,'2023-03-01 01:08:28','2023-03-01 01:08:28',NULL),(12,9,0.00,381.00,1254.00,'USD','','{\"name\":\"Peyton Ratke\",\"number\":\"+14347378327\",\"full_name\":\"Mrs. Gladys Torphy\",\"description\":\"Prof. Mortimer Rolfson MD\"}',NULL,0,'completed',NULL,'2023-03-01 01:08:28','2023-03-01 01:08:28',NULL),(13,9,0.00,264.00,873.00,'USD','','{\"name\":\"Peyton Ratke\",\"number\":\"+14347378327\",\"full_name\":\"Mrs. Gladys Torphy\",\"description\":\"Prof. Mortimer Rolfson MD\"}',NULL,0,'pending',NULL,'2023-03-01 01:08:28','2023-03-01 01:08:28',NULL);
/*!40000 ALTER TABLE `mp_customer_withdrawals` ENABLE KEYS */;
UNLOCK TABLES;

--
-- Table structure for table `mp_stores`
--

DROP TABLE IF EXISTS `mp_stores`;
/*!40101 SET @saved_cs_client     = @@character_set_client */;
/*!50503 SET character_set_client = utf8mb4 */;
CREATE TABLE `mp_stores` (
  `id` bigint unsigned NOT NULL AUTO_INCREMENT,
  `name` varchar(255) COLLATE utf8mb4_unicode_ci NOT NULL,
  `email` varchar(60) COLLATE utf8mb4_unicode_ci DEFAULT NULL,
  `phone` varchar(20) COLLATE utf8mb4_unicode_ci DEFAULT NULL,
  `address` varchar(255) COLLATE utf8mb4_unicode_ci DEFAULT NULL,
  `country` varchar(120) COLLATE utf8mb4_unicode_ci DEFAULT NULL,
  `state` varchar(120) COLLATE utf8mb4_unicode_ci DEFAULT NULL,
  `city` varchar(120) COLLATE utf8mb4_unicode_ci DEFAULT NULL,
  `customer_id` bigint unsigned DEFAULT NULL,
  `logo` varchar(255) COLLATE utf8mb4_unicode_ci DEFAULT NULL,
  `description` varchar(400) COLLATE utf8mb4_unicode_ci DEFAULT NULL,
  `content` longtext COLLATE utf8mb4_unicode_ci,
  `status` varchar(60) COLLATE utf8mb4_unicode_ci NOT NULL DEFAULT 'published',
  `vendor_verified_at` datetime DEFAULT NULL,
  `created_at` timestamp NULL DEFAULT NULL,
  `updated_at` timestamp NULL DEFAULT NULL,
  `zip_code` varchar(20) COLLATE utf8mb4_unicode_ci DEFAULT NULL,
  `company` varchar(255) COLLATE utf8mb4_unicode_ci DEFAULT NULL,
  PRIMARY KEY (`id`)
) ENGINE=InnoDB AUTO_INCREMENT=5 DEFAULT CHARSET=utf8mb4 COLLATE=utf8mb4_unicode_ci;
/*!40101 SET character_set_client = @saved_cs_client */;

--
-- Dumping data for table `mp_stores`
--

LOCK TABLES `mp_stores` WRITE;
/*!40000 ALTER TABLE `mp_stores` DISABLE KEYS */;
INSERT INTO `mp_stores` VALUES (1,'GoPro','erdman.coralie@example.org','+19365165474','8074 Rau Drive Apt. 444','MG','Delaware','O\'Haraberg',2,'stores/1.png','Sint error quasi esse et.','Repellat odit eos ut rem amet. Dignissimos molestiae at est qui sit distinctio ut. Veniam ut reprehenderit vitae.','published',NULL,'2023-03-01 01:08:23','2023-03-01 01:08:23',NULL,NULL),(2,'Global Office','margarett.nader@example.org','+15105649985','989 Rocky Garden','VG','California','Issacbury',3,'stores/2.png','Ullam maxime magnam modi.','Similique praesentium repellat rerum. Voluptatem fuga ut ipsa officiis sequi consequatur voluptatem.','published',NULL,'2023-03-01 01:08:23','2023-03-01 01:08:23',NULL,NULL),(3,'Young Shop','stracke.paolo@example.net','+15854866236','37953 Smith Flat Apt. 052','GI','Nebraska','Brownburgh',5,'stores/3.png','Quaerat impedit odio voluptates ratione.','Enim earum et accusamus soluta suscipit. Et aut quaerat impedit amet molestiae iure necessitatibus iste. Placeat nemo et repellendus magnam numquam.','published',NULL,'2023-03-01 01:08:23','2023-03-01 01:08:23',NULL,NULL),(4,'Global Store','moshe.weimann@example.net','+13325165181','7381 Bosco Crescent Apt. 126','PY','Vermont','East Krystina',9,'stores/4.png','Error minus vero aut suscipit.','Facere dolores nobis saepe architecto. Velit perferendis commodi nam voluptatibus enim molestiae.','published',NULL,'2023-03-01 01:08:23','2023-03-01 01:08:23',NULL,NULL);
/*!40000 ALTER TABLE `mp_stores` ENABLE KEYS */;
UNLOCK TABLES;

--
-- Table structure for table `mp_stores_translations`
--

DROP TABLE IF EXISTS `mp_stores_translations`;
/*!40101 SET @saved_cs_client     = @@character_set_client */;
/*!50503 SET character_set_client = utf8mb4 */;
CREATE TABLE `mp_stores_translations` (
  `lang_code` varchar(191) COLLATE utf8mb4_unicode_ci NOT NULL,
  `mp_stores_id` bigint unsigned NOT NULL,
  `name` varchar(255) COLLATE utf8mb4_unicode_ci DEFAULT NULL,
  `description` varchar(400) COLLATE utf8mb4_unicode_ci DEFAULT NULL,
  `content` longtext COLLATE utf8mb4_unicode_ci,
  `address` varchar(255) COLLATE utf8mb4_unicode_ci DEFAULT NULL,
  `company` varchar(255) COLLATE utf8mb4_unicode_ci DEFAULT NULL,
  PRIMARY KEY (`lang_code`,`mp_stores_id`)
) ENGINE=InnoDB DEFAULT CHARSET=utf8mb4 COLLATE=utf8mb4_unicode_ci;
/*!40101 SET character_set_client = @saved_cs_client */;

--
-- Dumping data for table `mp_stores_translations`
--

LOCK TABLES `mp_stores_translations` WRITE;
/*!40000 ALTER TABLE `mp_stores_translations` DISABLE KEYS */;
/*!40000 ALTER TABLE `mp_stores_translations` ENABLE KEYS */;
UNLOCK TABLES;

--
-- Table structure for table `mp_vendor_info`
--

DROP TABLE IF EXISTS `mp_vendor_info`;
/*!40101 SET @saved_cs_client     = @@character_set_client */;
/*!50503 SET character_set_client = utf8mb4 */;
CREATE TABLE `mp_vendor_info` (
  `id` bigint unsigned NOT NULL AUTO_INCREMENT,
  `customer_id` bigint unsigned NOT NULL DEFAULT '0',
  `balance` decimal(15,2) NOT NULL DEFAULT '0.00',
  `total_fee` decimal(15,2) NOT NULL DEFAULT '0.00',
  `total_revenue` decimal(15,2) NOT NULL DEFAULT '0.00',
  `signature` varchar(255) COLLATE utf8mb4_unicode_ci DEFAULT NULL,
  `bank_info` text COLLATE utf8mb4_unicode_ci,
  `created_at` timestamp NULL DEFAULT NULL,
  `updated_at` timestamp NULL DEFAULT NULL,
  `payout_payment_method` varchar(120) COLLATE utf8mb4_unicode_ci DEFAULT 'bank_transfer',
  `tax_info` text COLLATE utf8mb4_unicode_ci,
  PRIMARY KEY (`id`)
) ENGINE=InnoDB AUTO_INCREMENT=5 DEFAULT CHARSET=utf8mb4 COLLATE=utf8mb4_unicode_ci;
/*!40101 SET character_set_client = @saved_cs_client */;

--
-- Dumping data for table `mp_vendor_info`
--

LOCK TABLES `mp_vendor_info` WRITE;
/*!40000 ALTER TABLE `mp_vendor_info` DISABLE KEYS */;
INSERT INTO `mp_vendor_info` VALUES (1,2,3424.00,0.00,9338.00,'$2y$10$cIZtiHo3zTTctXHagFP3KOIHT2mApGAnFUSOeVhEW8v66eGoqcZtW','{\"name\":\"Prof. Aaron Rosenbaum\",\"number\":\"+19497162406\",\"full_name\":\"Sigurd Raynor\",\"description\":\"Kendall Kutch\"}','2023-03-01 01:08:23','2023-03-01 01:08:27','bank_transfer',NULL),(2,3,9235.00,0.00,12936.00,'$2y$10$0iYAmud7GPqKcZWHAlhev.iUHN6aarAAwiMQVrkH.0qMcPBiVEBry','{\"name\":\"Harrison Kling\",\"number\":\"+17343894883\",\"full_name\":\"Mitchel Harvey\",\"description\":\"Prof. Dino Crooks DVM\"}','2023-03-01 01:08:23','2023-03-01 01:08:27','bank_transfer',NULL),(3,5,6005.75,0.00,8953.75,'$2y$10$ELmubWBj6fiXV.GOESPrhucmCQtp7a2hR2.1JqdOjEl8Ckx91mDta','{\"name\":\"Sierra Brakus\",\"number\":\"+14794014950\",\"full_name\":\"Jaydon Christiansen PhD\",\"description\":\"Colby Krajcik\"}','2023-03-01 01:08:23','2023-03-01 01:08:28','bank_transfer',NULL),(4,9,609.00,0.00,1692.00,'$2y$10$lRiSn45Z/XveOvixOMyIneMU6z91Uli0p1hGM6s0Hw72y/D/kuy7i','{\"name\":\"Peyton Ratke\",\"number\":\"+14347378327\",\"full_name\":\"Mrs. Gladys Torphy\",\"description\":\"Prof. Mortimer Rolfson MD\"}','2023-03-01 01:08:23','2023-03-01 01:08:28','bank_transfer',NULL);
/*!40000 ALTER TABLE `mp_vendor_info` ENABLE KEYS */;
UNLOCK TABLES;

--
-- Table structure for table `newsletters`
--

DROP TABLE IF EXISTS `newsletters`;
/*!40101 SET @saved_cs_client     = @@character_set_client */;
/*!50503 SET character_set_client = utf8mb4 */;
CREATE TABLE `newsletters` (
  `id` bigint unsigned NOT NULL AUTO_INCREMENT,
  `email` varchar(120) COLLATE utf8mb4_unicode_ci NOT NULL,
  `name` varchar(120) COLLATE utf8mb4_unicode_ci DEFAULT NULL,
  `status` varchar(60) COLLATE utf8mb4_unicode_ci NOT NULL DEFAULT 'subscribed',
  `created_at` timestamp NULL DEFAULT NULL,
  `updated_at` timestamp NULL DEFAULT NULL,
  PRIMARY KEY (`id`)
) ENGINE=InnoDB DEFAULT CHARSET=utf8mb4 COLLATE=utf8mb4_unicode_ci;
/*!40101 SET character_set_client = @saved_cs_client */;

--
-- Dumping data for table `newsletters`
--

LOCK TABLES `newsletters` WRITE;
/*!40000 ALTER TABLE `newsletters` DISABLE KEYS */;
/*!40000 ALTER TABLE `newsletters` ENABLE KEYS */;
UNLOCK TABLES;

--
-- Table structure for table `pages`
--

DROP TABLE IF EXISTS `pages`;
/*!40101 SET @saved_cs_client     = @@character_set_client */;
/*!50503 SET character_set_client = utf8mb4 */;
CREATE TABLE `pages` (
  `id` bigint unsigned NOT NULL AUTO_INCREMENT,
  `name` varchar(120) COLLATE utf8mb4_unicode_ci NOT NULL,
  `content` longtext COLLATE utf8mb4_unicode_ci,
  `user_id` bigint unsigned NOT NULL,
  `image` varchar(255) COLLATE utf8mb4_unicode_ci DEFAULT NULL,
  `template` varchar(60) COLLATE utf8mb4_unicode_ci DEFAULT NULL,
  `description` varchar(400) COLLATE utf8mb4_unicode_ci DEFAULT NULL,
  `status` varchar(60) COLLATE utf8mb4_unicode_ci NOT NULL DEFAULT 'published',
  `created_at` timestamp NULL DEFAULT NULL,
  `updated_at` timestamp NULL DEFAULT NULL,
  PRIMARY KEY (`id`),
  KEY `pages_user_id_index` (`user_id`)
) ENGINE=InnoDB AUTO_INCREMENT=13 DEFAULT CHARSET=utf8mb4 COLLATE=utf8mb4_unicode_ci;
/*!40101 SET character_set_client = @saved_cs_client */;

--
-- Dumping data for table `pages`
--

LOCK TABLES `pages` WRITE;
/*!40000 ALTER TABLE `pages` DISABLE KEYS */;
INSERT INTO `pages` VALUES (1,'Home','<div>[simple-slider key=\"home-slider\" ads_1=\"VC2C8Q1UGCBG\" ads_2=\"NBDWRXTSVZ8N\"][/simple-slider]</div><div>[site-features icon1=\"icon-rocket\" title1=\"Free Delivery\" subtitle1=\"For all orders over $99\" icon2=\"icon-sync\" title2=\"90 Days Return\" subtitle2=\"If goods have problems\" icon3=\"icon-credit-card\" title3=\"Secure Payment\" subtitle3=\"100% secure payment\" icon4=\"icon-bubbles\" title4=\"24/7 Support\" subtitle4=\"Dedicated support\" icon5=\"icon-gift\" title5=\"Gift Service\" subtitle5=\"Support gift service\"][/site-features]</div><div>[flash-sale title=\"Deal of the day\" flash_sale_id=\"1\"][/flash-sale]</div><div>[featured-product-categories title=\"Top Categories\"][/featured-product-categories]</div><div>[theme-ads key_1=\"IZ6WU8KUALYD\" key_2=\"ILSFJVYFGCPZ\" key_3=\"ZDOZUZZIU7FT\"][/theme-ads]</div><div>[featured-products title=\"Featured products\"][/featured-products]</div><div>[theme-ads key_1=\"Q9YDUIC9HSWS\" key_2=\"IZ6WU8KUALYE\"][/theme-ads]</div><div>[product-collections title=\"Exclusive Products\"][/product-collections]</div><div>[product-category-products category_id=\"18\"][/product-category-products]</div><div>[download-app title=\"Download Martfury App Now!\" subtitle=\"Shopping fastly and easily more with our app. Get a link to download the app on your phone.\" screenshot=\"general/app.png\" android_app_url=\"https://www.appstore.com\" ios_app_url=\"https://play.google.com/store\"][/download-app]</div><div>[product-category-products category_id=\"23\"][/product-category-products]</div><div>[newsletter-form title=\"Join Our Newsletter Now\" subtitle=\"Subscribe to get information about products and coupons\"][/newsletter-form]</div>',1,NULL,'homepage',NULL,'published','2023-03-01 01:08:21','2023-03-01 01:08:21'),(2,'About us','<p>Gryphon. \'The reason is,\' said the Dodo, pointing to the Knave \'Turn them over!\' The Knave shook his head mournfully. \'Not I!\' said the Cat; and this was the only one who got any advantage from the trees as well as she remembered that she had grown so large a house, that she had found the fan and gloves--that is, if I would talk on such a fall as this, I shall have some fun now!\' thought Alice. \'I mean what I see\"!\' \'You might just as the Dormouse say?\' one of these cakes,\' she thought, and.</p><p>NEAR THE FENDER, (WITH ALICE\'S LOVE). Oh dear, what nonsense I\'m talking!\' Just then her head down to look about her repeating \'YOU ARE OLD, FATHER WILLIAM,\"\' said the last few minutes, and she went round the refreshments!\' But there seemed to listen, the whole pack of cards!\' At this moment Five, who had been looking at the flowers and the Queen of Hearts were seated on their slates, and then keep tight hold of its little eyes, but it was very like having a game of play with a little startled.</p><p>As soon as she was now about a thousand times as large as the soldiers did. After these came the royal children; there were a Duck and a fan! Quick, now!\' And Alice was very nearly getting up and saying, \'Thank you, it\'s a French mouse, come over with diamonds, and walked two and two, as the White Rabbit, \'but it doesn\'t matter which way I ought to speak, but for a few yards off. The Cat seemed to be no use speaking to it,\' she thought, and rightly too, that very few things indeed were really.</p><p>Queen left off, quite out of the Shark, But, when the White Rabbit blew three blasts on the hearth and grinning from ear to ear. \'Please would you like the Mock Turtle replied, counting off the cake. * * * * * * * * * * * * * \'Come, my head\'s free at last!\' said Alice indignantly, and she tried to speak, and no more to do with this creature when I got up very carefully, remarking, \'I really must be Mabel after all, and I don\'t think,\' Alice went timidly up to her usual height. It was the first.</p>',1,NULL,'default',NULL,'published','2023-03-01 01:08:21','2023-03-01 01:08:21'),(3,'Terms Of Use','<p>Dodo. Then they all looked so good, that it might appear to others that what you would seem to see if there are, nobody attends to them--and you\'ve no idea how confusing it is you hate--C and D,\' she added in an offended tone, and added \'It isn\'t directed at all,\' said the Cat, \'if you don\'t even know what a delightful thing a Lobster Quadrille is!\' \'No, indeed,\' said Alice. \'Off with his head!\' she said, \'than waste it in asking riddles that have no sort of idea that they had settled down in.</p><p>But do cats eat bats, I wonder?\' And here Alice began to cry again. \'You ought to be no doubt that it might tell her something worth hearing. For some minutes it puffed away without being invited,\' said the Mock Turtle went on. Her listeners were perfectly quiet till she heard a little bottle that stood near the door with his knuckles. It was the fan and gloves--that is, if I chose,\' the Duchess said in a low curtain she had accidentally upset the milk-jug into his cup of tea, and looked at.</p><p>GAVE HER ONE, THEY GAVE HIM TWO--\" why, that must be off, and that in some alarm. This time there were a Duck and a crash of broken glass, from which she found she could not make out at all the jelly-fish out of the evening, beautiful Soup! Beau--ootiful Soo--oop! Beau--ootiful Soo--oop! Soo--oop of the lefthand bit of the day; and this was the same side of the Gryphon, with a large ring, with the other: the Duchess replied, in a tone of this was the first to break the silence. \'What day of.</p><p>Alice severely. \'What are they doing?\' Alice whispered to the Duchess: \'flamingoes and mustard both bite. And the moral of that is--\"Be what you had been for some time busily writing in his confusion he bit a large canvas bag, which tied up at this corner--No, tie \'em together first--they don\'t reach half high enough yet--Oh! they\'ll do next! As for pulling me out of its little eyes, but it was as long as there was room for this, and Alice was beginning to think about it, even if my head would.</p>',1,NULL,'default',NULL,'published','2023-03-01 01:08:21','2023-03-01 01:08:21'),(4,'Terms &amp; Conditions','<p>SOMEBODY ought to have been a holiday?\' \'Of course not,\' said Alice in a low voice. \'Not at all,\' said the Hatter: \'I\'m on the floor, and a Long Tale They were just beginning to see anything; then she had not a VERY good opportunity for repeating his remark, with variations. \'I shall do nothing of the song. \'What trial is it?\' Alice panted as she went round the rosetree; for, you see, Alice had not long to doubt, for the accident of the garden: the roses growing on it but tea. \'I don\'t like.</p><p>Gryphon, and the shrill voice of the what?\' said the March Hare. \'Sixteenth,\' added the Gryphon; and then added them up, and there they lay sprawling about, reminding her very much what would be quite absurd for her to wink with one eye, How the Owl and the bright eager eyes were nearly out of the sort,\' said the Mock Turtle had just begun to dream that she was saying, and the cool fountains. CHAPTER VIII. The Queen\'s Croquet-Ground A large rose-tree stood near the door, and knocked. \'There\'s.</p><p>I begin, please your Majesty,\' the Hatter said, turning to the Knave was standing before them, in chains, with a little pattering of feet on the whole place around her became alive with the lobsters and the whole court was a very long silence, broken only by an occasional exclamation of \'Hjckrrh!\' from the Queen ordering off her knowledge, as there was room for YOU, and no more to do that,\' said the Cat. \'--so long as you are; secondly, because she was small enough to get into that lovely.</p><p>At this moment the door and found quite a new idea to Alice, and sighing. \'It IS a Caucus-race?\' said Alice; \'that\'s not at all know whether it was out of sight, he said in a hot tureen! Who for such dainties would not stoop? Soup of the crowd below, and there they lay sprawling about, reminding her very earnestly, \'Now, Dinah, tell me the truth: did you begin?\' The Hatter looked at Alice, as she ran. \'How surprised he\'ll be when he pleases!\' CHORUS. \'Wow! wow! wow!\' \'Here! you may stand.</p>',1,NULL,'default',NULL,'published','2023-03-01 01:08:21','2023-03-01 01:08:21'),(5,'Refund Policy','<p>Who ever saw one that size? Why, it fills the whole cause, and condemn you to learn?\' \'Well, there was mouth enough for it to the Gryphon. \'We can do no more, whatever happens. What WILL become of you? I gave her answer. \'They\'re done with a table in the back. However, it was written to nobody, which isn\'t usual, you know.\' \'I DON\'T know,\' said the sage, as he said to herself. \'I dare say you never had fits, my dear, YOU must cross-examine THIS witness.\' \'Well, if I shall have to beat time.</p><p>CHAPTER IX. The Mock Turtle\'s Story \'You can\'t think how glad I am now? That\'ll be a comfort, one way--never to be Involved in this way! Stop this moment, I tell you!\' But she waited for some minutes. The Caterpillar was the White Rabbit cried out, \'Silence in the shade: however, the moment she appeared; but she felt sure it would be like, \'--for they haven\'t got much evidence YET,\' she said to one of the sea.\' \'I couldn\'t afford to learn it.\' said the Pigeon in a very truthful child; \'but.</p><p>I think I must be the right distance--but then I wonder what Latitude or Longitude either, but thought they were nice grand words to say.) Presently she began fancying the sort of thing that would happen: \'\"Miss Alice! Come here directly, and get ready for your interesting story,\' but she felt certain it must be off, then!\' said the youth, \'and your jaws are too weak For anything tougher than suet; Yet you turned a back-somersault in at the jury-box, and saw that, in her hand, and made another.</p><p>And she went on eagerly. \'That\'s enough about lessons,\' the Gryphon whispered in a melancholy air, and, after waiting till she had someone to listen to her, And mentioned me to him: She gave me a good thing!\' she said this, she noticed a curious croquet-ground in her pocket) till she was now more than that, if you wouldn\'t squeeze so.\' said the Duck: \'it\'s generally a ridge or furrow in the back. At last the Mock Turtle had just begun to dream that she had but to her great disappointment it.</p>',1,NULL,'default',NULL,'published','2023-03-01 01:08:21','2023-03-01 01:08:21'),(6,'Blog','<p>---</p>',1,NULL,'blog-sidebar',NULL,'published','2023-03-01 01:08:21','2023-03-01 01:08:21'),(7,'FAQs','<div>[faq title=\"Frequently Asked Questions\"][/faq]</div>',1,NULL,'default',NULL,'published','2023-03-01 01:08:21','2023-03-01 01:08:21'),(8,'Contact','<div>[google-map]502 New Street, Brighton VIC, Australia[/google-map]</div><div>[contact-info-boxes title=\"Contact Us For Any Questions\"][/contact-info-boxes]</div><div>[contact-form][/contact-form]</div>',1,NULL,'full-width',NULL,'published','2023-03-01 01:08:21','2023-03-01 01:08:21'),(9,'Cookie Policy','<h3>EU Cookie Consent</h3><p>To use this Website we are using Cookies and collecting some Data. To be compliant with the EU GDPR we give you to choose if you allow us to use certain Cookies and to collect some Data.</p><h4>Essential Data</h4><p>The Essential Data is needed to run the Site you are visiting technically. You can not deactivate them.</p><p>- Session Cookie: PHP uses a Cookie to identify user sessions. Without this Cookie the Website is not working.</p><p>- XSRF-Token Cookie: Laravel automatically generates a CSRF \"token\" for each active user session managed by the application. This token is used to verify that the authenticated user is the one actually making the requests to the application.</p>',1,NULL,'default',NULL,'published','2023-03-01 01:08:21','2023-03-01 01:08:21'),(10,'Affiliate','<p>Cheshire Cat, she was trying to explain it as far as they would call after her: the last few minutes that she was exactly one a-piece all round. \'But she must have got in as well,\' the Hatter said, tossing his head sadly. \'Do I look like one, but it all is! I\'ll try if I was, I shouldn\'t like THAT!\' \'Oh, you foolish Alice!\' she answered herself. \'How can you learn lessons in the morning, just time to go, for the baby, and not to her, one on each side, and opened their eyes and mouths so VERY.</p><p>March Hare was said to the King, and the procession came opposite to Alice, very earnestly. \'I\'ve had nothing yet,\' Alice replied in an angry voice--the Rabbit\'s--\'Pat! Pat! Where are you?\' said the Dodo, pointing to Alice a little startled when she first saw the Mock Turtle sang this, very slowly and sadly:-- \'\"Will you walk a little while, however, she waited patiently. \'Once,\' said the Dormouse, not choosing to notice this question, but hurriedly went on, \'\"--found it advisable to go near.</p><p>Alice in a dreamy sort of lullaby to it in asking riddles that have no answers.\' \'If you didn\'t like cats.\' \'Not like cats!\' cried the Gryphon, the squeaking of the jury wrote it down into its face to see it quite plainly through the doorway; \'and even if my head would go round a deal too flustered to tell me your history, you know,\' the Hatter replied. \'Of course twinkling begins with a great letter, nearly as large as himself, and this Alice thought she might as well as she spoke--fancy.</p><p>This time there were three gardeners at it, busily painting them red. Alice thought over all the jurymen are back in their paws. \'And how did you begin?\' The Hatter was the cat.) \'I hope they\'ll remember her saucer of milk at tea-time. Dinah my dear! I wish you could keep it to his son, \'I feared it might tell her something about the crumbs,\' said the Gryphon. \'I mean, what makes them so shiny?\' Alice looked all round the refreshments!\' But there seemed to be in before the trial\'s begun.\'.</p>',1,NULL,'default',NULL,'published','2023-03-01 01:08:21','2023-03-01 01:08:21'),(11,'Career','<p>Sir, With no jury or judge, would be the right size again; and the March Hare moved into the sky all the rats and--oh dear!\' cried Alice, quite forgetting that she remained the same thing as \"I sleep when I sleep\" is the reason they\'re called lessons,\' the Gryphon at the March Hare. \'It was the BEST butter, you know.\' \'Who is this?\' She said this last remark. \'Of course they were\', said the Pigeon; \'but I haven\'t been invited yet.\' \'You\'ll see me there,\' said the March Hare. \'Yes, please do!\'.</p><p>William the Conqueror.\' (For, with all her riper years, the simple and loving heart of her sharp little chin into Alice\'s shoulder as she stood still where she was holding, and she jumped up in great fear lest she should meet the real Mary Ann, what ARE you talking to?\' said the White Rabbit, who was reading the list of the fact. \'I keep them to be a lesson to you to sit down without being seen, when she looked up, and reduced the answer to shillings and pence. \'Take off your hat,\' the King.</p><p>He says it kills all the jurymen on to her ear. \'You\'re thinking about something, my dear, YOU must cross-examine THIS witness.\' \'Well, if I like being that person, I\'ll come up: if not, I\'ll stay down here with me! There are no mice in the wood, \'is to grow here,\' said the Gryphon repeated impatiently: \'it begins \"I passed by his face only, she would have appeared to them she heard a little shriek, and went on again:-- \'I didn\'t know how to spell \'stupid,\' and that is enough,\' Said his.</p><p>YOUR business, Two!\' said Seven. \'Yes, it IS his business!\' said Five, \'and I\'ll tell him--it was for bringing the cook took the hookah out of a good deal worse off than before, as the other.\' As soon as there was a bright idea came into Alice\'s head. \'Is that the best plan.\' It sounded an excellent plan, no doubt, and very nearly in the chimney as she left her, leaning her head was so small as this is May it won\'t be raving mad--at least not so mad as it happens; and if it had a pencil that.</p>',1,NULL,'default',NULL,'published','2023-03-01 01:08:21','2023-03-01 01:08:21'),(12,'Coming soon','<p>Condimentum ipsum a adipiscing hac dolor set consectetur urna commodo elit parturient <br>molestie ut nisl partu convallier ullamcorpe.</p><div>[coming-soon time=\"December 30, 2022 15:37:25\" image=\"general/coming-soon.jpg\"][/coming-soon]</div>',1,NULL,'coming-soon',NULL,'published','2023-03-01 01:08:21','2023-03-01 01:08:21');
/*!40000 ALTER TABLE `pages` ENABLE KEYS */;
UNLOCK TABLES;

--
-- Table structure for table `pages_translations`
--

DROP TABLE IF EXISTS `pages_translations`;
/*!40101 SET @saved_cs_client     = @@character_set_client */;
/*!50503 SET character_set_client = utf8mb4 */;
CREATE TABLE `pages_translations` (
  `lang_code` varchar(191) COLLATE utf8mb4_unicode_ci NOT NULL,
  `pages_id` bigint unsigned NOT NULL,
  `name` varchar(255) COLLATE utf8mb4_unicode_ci DEFAULT NULL,
  `description` varchar(400) COLLATE utf8mb4_unicode_ci DEFAULT NULL,
  `content` longtext COLLATE utf8mb4_unicode_ci,
  PRIMARY KEY (`lang_code`,`pages_id`)
) ENGINE=InnoDB DEFAULT CHARSET=utf8mb4 COLLATE=utf8mb4_unicode_ci;
/*!40101 SET character_set_client = @saved_cs_client */;

--
-- Dumping data for table `pages_translations`
--

LOCK TABLES `pages_translations` WRITE;
/*!40000 ALTER TABLE `pages_translations` DISABLE KEYS */;
INSERT INTO `pages_translations` VALUES ('vi',1,'Trang chủ',NULL,'<div>[simple-slider key=\"home-slider\" ads_1=\"VC2C8Q1UGCBG\" ads_2=\"NBDWRXTSVZ8N\"][/simple-slider]</div><div>[site-features icon1=\"icon-rocket\" title1=\"Miễn phí vận chuyển\" subtitle1=\"Cho đơn hàng từ 2tr\" icon2=\"icon-sync\" title2=\"Miễn phí hoàn hàng\" subtitle2=\"If goods have problems\" icon3=\"icon-credit-card\" title3=\"Thanh toán bảo mật\" subtitle3=\"100% secure payment\" icon4=\"icon-bubbles\" title4=\"Hỗ trợ 24/7\" subtitle4=\"Dedicated support\" icon5=\"icon-gift\" title5=\"Dịch vụ gói quà\" subtitle5=\"Support gift service\"][/site-features]</div><div>[flash-sale title=\"Khuyến mãi hot\" flash_sale_id=\"1\"][/flash-sale]</div><div>[featured-product-categories title=\"Danh mục nổi bật\"][/featured-product-categories]</div><div>[theme-ads key_1=\"IZ6WU8KUALYD\" key_2=\"ILSFJVYFGCPZ\" key_3=\"ZDOZUZZIU7FT\"][/theme-ads]</div><div>[featured-products title=\"Sản phẩm nổi bật\"][/featured-products]</div><div>[theme-ads key_1=\"Q9YDUIC9HSWS\" key_2=\"IZ6WU8KUALYE\"][/theme-ads]</div><div>[product-collections title=\"Sản phẩm độc quyền\"][/product-collections]</div><div>[product-category-products category_id=\"18\"][/product-category-products]</div><div>[download-app title=\"Tải Martfury App Ngay!\" subtitle=\"Mua sắm nhanh chóng và dễ dàng hơn với ứng dụng của chúng tôi. Nhận liên kết để tải xuống ứng dụng trên điện thoại của bạn.\" screenshot=\"general/app.png\" android_app_url=\"https://www.appstore.com\" ios_app_url=\"https://play.google.com/store\"][/download-app]</div><div>[product-category-products category_id=\"23\"][/product-category-products]</div><div>[newsletter-form title=\"Tham gia bản tin ngay\" subtitle=\"Đăng ký để nhận thông tin về sản phẩm và phiếu giảm giá\"][/newsletter-form]</div>'),('vi',2,'Về chúng tôi',NULL,NULL),('vi',3,'Điều khoản sử dụng',NULL,NULL),('vi',4,'Điều khoản và điều kiện',NULL,NULL),('vi',5,'Điều kiện hoàn hàng',NULL,NULL),('vi',6,'Tin tức',NULL,'<p>---</p>'),('vi',7,'Câu hỏi thường gặp',NULL,'<div>[faq title=\"Các câu hỏi thường gặp\"][/faq]</div>'),('vi',8,'Liên hệ',NULL,'<div>[google-map]502 New Street, Brighton VIC, Australia[/google-map]</div><div>[contact-info-boxes title=\"Liên hệ với chúng tôi nếu bạn có thắc mắc\"][/contact-info-boxes]</div><div>[contact-form][/contact-form]</div>'),('vi',9,'Chính sách cookie',NULL,'<h3>EU Cookie Consent</h3><p>To use this website we are using Cookies and collecting some data. To be compliant with the EU GDPR we give you to choose if you allow us to use certain Cookies and to collect some Data.</p><h4>Essential Data</h4><p>The Essential Data is needed to run the Site you are visiting technically. You can not deactivate them.</p><p>- Session Cookie: PHP uses a Cookie to identify user sessions. Without this Cookie the Website is not working.</p><p>- XSRF-Token Cookie: Laravel automatically generates a CSRF \"token\" for each active user session managed by the application. This token is used to verify that the authenticated user is the one actually making the requests to the application.</p>'),('vi',10,'Tiếp thị liên kết',NULL,NULL),('vi',11,'Tuyển dụng',NULL,NULL),('vi',12,'Sắp ra mắt',NULL,'<p>Condimentum ipsum a adipiscing hac dolor set consectetur urna commodo elit parturient <br/>molestie ut nisl partu convallier ullamcorpe.</p><div>[coming-soon time=\"December 30, 2021 15:37:25\" image=\"general/coming-soon.jpg\"][/coming-soon]</div>');
/*!40000 ALTER TABLE `pages_translations` ENABLE KEYS */;
UNLOCK TABLES;

--
-- Table structure for table `password_reset_tokens`
--

DROP TABLE IF EXISTS `password_reset_tokens`;
/*!40101 SET @saved_cs_client     = @@character_set_client */;
/*!50503 SET character_set_client = utf8mb4 */;
CREATE TABLE `password_reset_tokens` (
  `email` varchar(191) COLLATE utf8mb4_unicode_ci NOT NULL,
  `token` varchar(191) COLLATE utf8mb4_unicode_ci NOT NULL,
  `created_at` timestamp NULL DEFAULT NULL,
  PRIMARY KEY (`email`)
) ENGINE=InnoDB DEFAULT CHARSET=utf8mb4 COLLATE=utf8mb4_unicode_ci;
/*!40101 SET character_set_client = @saved_cs_client */;

--
-- Dumping data for table `password_reset_tokens`
--

LOCK TABLES `password_reset_tokens` WRITE;
/*!40000 ALTER TABLE `password_reset_tokens` DISABLE KEYS */;
/*!40000 ALTER TABLE `password_reset_tokens` ENABLE KEYS */;
UNLOCK TABLES;

--
-- Table structure for table `payments`
--

DROP TABLE IF EXISTS `payments`;
/*!40101 SET @saved_cs_client     = @@character_set_client */;
/*!50503 SET character_set_client = utf8mb4 */;
CREATE TABLE `payments` (
  `id` bigint unsigned NOT NULL AUTO_INCREMENT,
  `currency` varchar(120) CHARACTER SET utf8mb4 COLLATE utf8mb4_unicode_ci DEFAULT NULL,
  `user_id` bigint unsigned NOT NULL DEFAULT '0',
  `charge_id` varchar(255) CHARACTER SET utf8mb4 COLLATE utf8mb4_unicode_ci DEFAULT NULL,
  `payment_channel` varchar(60) COLLATE utf8mb4_unicode_ci DEFAULT NULL,
  `description` varchar(255) COLLATE utf8mb4_unicode_ci DEFAULT NULL,
  `amount` decimal(15,2) unsigned NOT NULL,
  `order_id` bigint unsigned DEFAULT NULL,
  `status` varchar(60) COLLATE utf8mb4_unicode_ci DEFAULT 'pending',
  `payment_type` varchar(191) COLLATE utf8mb4_unicode_ci DEFAULT 'confirm',
  `customer_id` bigint unsigned DEFAULT NULL,
  `refunded_amount` decimal(15,2) unsigned DEFAULT NULL,
  `refund_note` varchar(255) COLLATE utf8mb4_unicode_ci DEFAULT NULL,
  `created_at` timestamp NULL DEFAULT NULL,
  `updated_at` timestamp NULL DEFAULT NULL,
  `customer_type` varchar(255) COLLATE utf8mb4_unicode_ci DEFAULT NULL,
  `metadata` mediumtext CHARACTER SET utf8mb4 COLLATE utf8mb4_unicode_ci,
  PRIMARY KEY (`id`)
) ENGINE=InnoDB AUTO_INCREMENT=44 DEFAULT CHARSET=utf8mb4 COLLATE=utf8mb4_unicode_ci;
/*!40101 SET character_set_client = @saved_cs_client */;

--
-- Dumping data for table `payments`
--

LOCK TABLES `payments` WRITE;
/*!40000 ALTER TABLE `payments` DISABLE KEYS */;
INSERT INTO `payments` VALUES (1,'USD',0,'BQRGPUI3HY','paypal',NULL,1455.00,1,'completed','confirm',7,NULL,NULL,'2023-03-01 01:08:23','2023-03-01 01:08:23','Botble\\Ecommerce\\Models\\Customer',NULL),(2,'USD',0,'Y9KCJUJTZI','paypal',NULL,997.00,2,'completed','confirm',7,NULL,NULL,'2023-03-01 01:08:23','2023-03-01 01:08:23','Botble\\Ecommerce\\Models\\Customer',NULL),(3,'USD',0,'RMFICORHLK','cod',NULL,3354.00,3,'pending','confirm',7,NULL,NULL,'2023-03-01 01:08:23','2023-03-01 01:08:23','Botble\\Ecommerce\\Models\\Customer',NULL),(4,'USD',0,'GTR3J2K3BL','paypal',NULL,1269.00,4,'completed','confirm',6,NULL,NULL,'2023-03-01 01:08:23','2023-03-01 01:08:23','Botble\\Ecommerce\\Models\\Customer',NULL),(5,'USD',0,'ENT1NSAKII','razorpay',NULL,4365.00,5,'completed','confirm',6,NULL,NULL,'2023-03-01 01:08:23','2023-03-01 01:08:23','Botble\\Ecommerce\\Models\\Customer',NULL),(6,'USD',0,'JHLROA2L97','mollie',NULL,1196.00,6,'completed','confirm',8,NULL,NULL,'2023-03-01 01:08:23','2023-03-01 01:08:23','Botble\\Ecommerce\\Models\\Customer',NULL),(7,'USD',0,'QLQHIQAKIF','razorpay',NULL,517.00,7,'completed','confirm',8,NULL,NULL,'2023-03-01 01:08:23','2023-03-01 01:08:23','Botble\\Ecommerce\\Models\\Customer',NULL),(8,'USD',0,'OJF2UESDIE','razorpay',NULL,2454.00,8,'completed','confirm',8,NULL,NULL,'2023-03-01 01:08:23','2023-03-01 01:08:23','Botble\\Ecommerce\\Models\\Customer',NULL),(9,'USD',0,'BNIQYIPBLS','sslcommerz',NULL,423.00,9,'completed','confirm',6,NULL,NULL,'2023-03-01 01:08:23','2023-03-01 01:08:23','Botble\\Ecommerce\\Models\\Customer',NULL),(10,'USD',0,'JZZQVCZJ8F','stripe',NULL,818.00,10,'completed','confirm',6,NULL,NULL,'2023-03-01 01:08:23','2023-03-01 01:08:23','Botble\\Ecommerce\\Models\\Customer',NULL),(11,'USD',0,'ZTZGTRRTVZ','stripe',NULL,3054.75,11,'completed','confirm',4,NULL,NULL,'2023-03-01 01:08:23','2023-03-01 01:08:23','Botble\\Ecommerce\\Models\\Customer',NULL),(12,'USD',0,'FF8DWSG1TH','paypal',NULL,857.00,12,'completed','confirm',4,NULL,NULL,'2023-03-01 01:08:23','2023-03-01 01:08:23','Botble\\Ecommerce\\Models\\Customer',NULL),(13,'USD',0,'NGSROYLIBW','cod',NULL,818.00,13,'pending','confirm',4,NULL,NULL,'2023-03-01 01:08:23','2023-03-01 01:08:23','Botble\\Ecommerce\\Models\\Customer',NULL),(14,'USD',0,'VGVVTYH00B','razorpay',NULL,1800.00,14,'completed','confirm',10,NULL,NULL,'2023-03-01 01:08:23','2023-03-01 01:08:23','Botble\\Ecommerce\\Models\\Customer',NULL),(15,'USD',0,'VIFBGAFZUK','paypal',NULL,3543.00,15,'completed','confirm',10,NULL,NULL,'2023-03-01 01:08:23','2023-03-01 01:08:23','Botble\\Ecommerce\\Models\\Customer',NULL),(16,'USD',0,'YWPVJ083M0','bank_transfer',NULL,3719.25,16,'pending','confirm',10,NULL,NULL,'2023-03-01 01:08:23','2023-03-01 01:08:23','Botble\\Ecommerce\\Models\\Customer',NULL),(17,'USD',0,'ICTKH3Y1L5','bank_transfer',NULL,1115.00,17,'pending','confirm',10,NULL,NULL,'2023-03-01 01:08:23','2023-03-01 01:08:23','Botble\\Ecommerce\\Models\\Customer',NULL),(18,'USD',0,'BWWZFKCWXJ','sslcommerz',NULL,3612.00,18,'completed','confirm',4,NULL,NULL,'2023-03-01 01:08:23','2023-03-01 01:08:23','Botble\\Ecommerce\\Models\\Customer',NULL),(19,'USD',0,'LFYC5ZITI8','paystack',NULL,2826.00,19,'completed','confirm',4,NULL,NULL,'2023-03-01 01:08:23','2023-03-01 01:08:23','Botble\\Ecommerce\\Models\\Customer',NULL),(20,'USD',0,'7BAFQOUFUU','stripe',NULL,3639.00,20,'completed','confirm',4,NULL,NULL,'2023-03-01 01:08:23','2023-03-01 01:08:23','Botble\\Ecommerce\\Models\\Customer',NULL),(21,'USD',0,'IKMT4DZA3P','mollie',NULL,1269.00,21,'completed','confirm',10,NULL,NULL,'2023-03-01 01:08:23','2023-03-01 01:08:23','Botble\\Ecommerce\\Models\\Customer',NULL),(22,'USD',0,'NQHWHWS9DI','stripe',NULL,538.00,22,'completed','confirm',10,NULL,NULL,'2023-03-01 01:08:23','2023-03-01 01:08:23','Botble\\Ecommerce\\Models\\Customer',NULL),(23,'USD',0,'QBMHNREIKO','paystack',NULL,3354.00,23,'completed','confirm',10,NULL,NULL,'2023-03-01 01:08:24','2023-03-01 01:08:24','Botble\\Ecommerce\\Models\\Customer',NULL),(24,'USD',0,'3Z2E2XJAU1','razorpay',NULL,2834.00,24,'completed','confirm',1,NULL,NULL,'2023-03-01 01:08:24','2023-03-01 01:08:24','Botble\\Ecommerce\\Models\\Customer',NULL),(25,'USD',0,'UBEUVJ9QUA','stripe',NULL,1114.00,25,'completed','confirm',1,NULL,NULL,'2023-03-01 01:08:24','2023-03-01 01:08:24','Botble\\Ecommerce\\Models\\Customer',NULL),(26,'USD',0,'MMK1GOBJOR','paypal',NULL,2412.00,26,'completed','confirm',6,NULL,NULL,'2023-03-01 01:08:24','2023-03-01 01:08:24','Botble\\Ecommerce\\Models\\Customer',NULL),(27,'USD',0,'A7CXCJTG7O','sslcommerz',NULL,1213.00,27,'completed','confirm',6,NULL,NULL,'2023-03-01 01:08:24','2023-03-01 01:08:24','Botble\\Ecommerce\\Models\\Customer',NULL),(28,'USD',0,'SLZZXD3N1Q','paypal',NULL,1290.00,28,'completed','confirm',6,NULL,NULL,'2023-03-01 01:08:24','2023-03-01 01:08:24','Botble\\Ecommerce\\Models\\Customer',NULL),(29,'USD',0,'OYMKLNVPPC','paystack',NULL,3952.00,29,'completed','confirm',6,NULL,NULL,'2023-03-01 01:08:24','2023-03-01 01:08:24','Botble\\Ecommerce\\Models\\Customer',NULL),(30,'USD',0,'B78CIUZONF','bank_transfer',NULL,80.25,30,'pending','confirm',6,NULL,NULL,'2023-03-01 01:08:24','2023-03-01 01:08:24','Botble\\Ecommerce\\Models\\Customer',NULL),(31,'USD',0,'VL3PNLZTZY','mollie',NULL,2906.00,31,'completed','confirm',6,NULL,NULL,'2023-03-01 01:08:24','2023-03-01 01:08:24','Botble\\Ecommerce\\Models\\Customer',NULL),(32,'USD',0,'WOMJEKC5AH','mollie',NULL,597.00,32,'completed','confirm',4,NULL,NULL,'2023-03-01 01:08:24','2023-03-01 01:08:24','Botble\\Ecommerce\\Models\\Customer',NULL),(33,'USD',0,'NPK0FY69DW','bank_transfer',NULL,2236.00,33,'pending','confirm',4,NULL,NULL,'2023-03-01 01:08:24','2023-03-01 01:08:24','Botble\\Ecommerce\\Models\\Customer',NULL),(34,'USD',0,'NQPPJFI1AM','paypal',NULL,3618.00,34,'completed','confirm',10,NULL,NULL,'2023-03-01 01:08:24','2023-03-01 01:08:24','Botble\\Ecommerce\\Models\\Customer',NULL),(35,'USD',0,'K0PTLVT0W5','cod',NULL,938.00,35,'pending','confirm',10,NULL,NULL,'2023-03-01 01:08:24','2023-03-01 01:08:24','Botble\\Ecommerce\\Models\\Customer',NULL),(36,'USD',0,'AS4WDVI8CV','mollie',NULL,160.50,36,'completed','confirm',10,NULL,NULL,'2023-03-01 01:08:24','2023-03-01 01:08:24','Botble\\Ecommerce\\Models\\Customer',NULL),(37,'USD',0,'MVQDB5PVKN','cod',NULL,1118.00,37,'pending','confirm',10,NULL,NULL,'2023-03-01 01:08:24','2023-03-01 01:08:24','Botble\\Ecommerce\\Models\\Customer',NULL),(38,'USD',0,'EQDATVNBVB','stripe',NULL,160.50,38,'completed','confirm',7,NULL,NULL,'2023-03-01 01:08:24','2023-03-01 01:08:24','Botble\\Ecommerce\\Models\\Customer',NULL),(39,'USD',0,'PWICORGTUG','mollie',NULL,3724.00,39,'completed','confirm',7,NULL,NULL,'2023-03-01 01:08:24','2023-03-01 01:08:24','Botble\\Ecommerce\\Models\\Customer',NULL),(40,'USD',0,'YK4ZCB8CRX','sslcommerz',NULL,1743.00,40,'completed','confirm',7,NULL,NULL,'2023-03-01 01:08:24','2023-03-01 01:08:24','Botble\\Ecommerce\\Models\\Customer',NULL),(41,'USD',0,'I87X7776DE','mollie',NULL,557.00,41,'completed','confirm',7,NULL,NULL,'2023-03-01 01:08:24','2023-03-01 01:08:24','Botble\\Ecommerce\\Models\\Customer',NULL),(42,'USD',0,'EPS1WSWG1B','razorpay',NULL,3345.00,42,'completed','confirm',7,NULL,NULL,'2023-03-01 01:08:24','2023-03-01 01:08:24','Botble\\Ecommerce\\Models\\Customer',NULL),(43,'USD',0,'ZMJAXFADAT','sslcommerz',NULL,556.00,43,'completed','confirm',7,NULL,NULL,'2023-03-01 01:08:24','2023-03-01 01:08:24','Botble\\Ecommerce\\Models\\Customer',NULL);
/*!40000 ALTER TABLE `payments` ENABLE KEYS */;
UNLOCK TABLES;

--
-- Table structure for table `personal_access_tokens`
--

DROP TABLE IF EXISTS `personal_access_tokens`;
/*!40101 SET @saved_cs_client     = @@character_set_client */;
/*!50503 SET character_set_client = utf8mb4 */;
CREATE TABLE `personal_access_tokens` (
  `id` bigint unsigned NOT NULL AUTO_INCREMENT,
  `tokenable_type` varchar(191) COLLATE utf8mb4_unicode_ci NOT NULL,
  `tokenable_id` bigint unsigned NOT NULL,
  `name` varchar(191) COLLATE utf8mb4_unicode_ci NOT NULL,
  `token` varchar(64) COLLATE utf8mb4_unicode_ci NOT NULL,
  `abilities` text COLLATE utf8mb4_unicode_ci,
  `last_used_at` timestamp NULL DEFAULT NULL,
  `expires_at` timestamp NULL DEFAULT NULL,
  `created_at` timestamp NULL DEFAULT NULL,
  `updated_at` timestamp NULL DEFAULT NULL,
  PRIMARY KEY (`id`),
  UNIQUE KEY `personal_access_tokens_token_unique` (`token`),
  KEY `personal_access_tokens_tokenable_type_tokenable_id_index` (`tokenable_type`,`tokenable_id`)
) ENGINE=InnoDB DEFAULT CHARSET=utf8mb4 COLLATE=utf8mb4_unicode_ci;
/*!40101 SET character_set_client = @saved_cs_client */;

--
-- Dumping data for table `personal_access_tokens`
--

LOCK TABLES `personal_access_tokens` WRITE;
/*!40000 ALTER TABLE `personal_access_tokens` DISABLE KEYS */;
/*!40000 ALTER TABLE `personal_access_tokens` ENABLE KEYS */;
UNLOCK TABLES;

--
-- Table structure for table `post_categories`
--

DROP TABLE IF EXISTS `post_categories`;
/*!40101 SET @saved_cs_client     = @@character_set_client */;
/*!50503 SET character_set_client = utf8mb4 */;
CREATE TABLE `post_categories` (
  `category_id` bigint unsigned NOT NULL,
  `post_id` bigint unsigned NOT NULL,
  KEY `post_categories_category_id_index` (`category_id`),
  KEY `post_categories_post_id_index` (`post_id`)
) ENGINE=InnoDB DEFAULT CHARSET=utf8mb4 COLLATE=utf8mb4_unicode_ci;
/*!40101 SET character_set_client = @saved_cs_client */;

--
-- Dumping data for table `post_categories`
--

LOCK TABLES `post_categories` WRITE;
/*!40000 ALTER TABLE `post_categories` DISABLE KEYS */;
INSERT INTO `post_categories` VALUES (2,1),(3,1),(2,2),(4,2),(2,3),(3,3),(1,4),(4,4),(2,5),(4,5),(1,6),(4,6),(2,7),(4,7),(1,8),(4,8),(1,9),(4,9),(1,10),(4,10),(1,11),(3,11);
/*!40000 ALTER TABLE `post_categories` ENABLE KEYS */;
UNLOCK TABLES;

--
-- Table structure for table `post_tags`
--

DROP TABLE IF EXISTS `post_tags`;
/*!40101 SET @saved_cs_client     = @@character_set_client */;
/*!50503 SET character_set_client = utf8mb4 */;
CREATE TABLE `post_tags` (
  `tag_id` bigint unsigned NOT NULL,
  `post_id` bigint unsigned NOT NULL,
  KEY `post_tags_tag_id_index` (`tag_id`),
  KEY `post_tags_post_id_index` (`post_id`)
) ENGINE=InnoDB DEFAULT CHARSET=utf8mb4 COLLATE=utf8mb4_unicode_ci;
/*!40101 SET character_set_client = @saved_cs_client */;

--
-- Dumping data for table `post_tags`
--

LOCK TABLES `post_tags` WRITE;
/*!40000 ALTER TABLE `post_tags` DISABLE KEYS */;
INSERT INTO `post_tags` VALUES (1,1),(2,1),(3,1),(4,1),(5,1),(1,2),(2,2),(3,2),(4,2),(5,2),(1,3),(2,3),(3,3),(4,3),(5,3),(1,4),(2,4),(3,4),(4,4),(5,4),(1,5),(2,5),(3,5),(4,5),(5,5),(1,6),(2,6),(3,6),(4,6),(5,6),(1,7),(2,7),(3,7),(4,7),(5,7),(1,8),(2,8),(3,8),(4,8),(5,8),(1,9),(2,9),(3,9),(4,9),(5,9),(1,10),(2,10),(3,10),(4,10),(5,10),(1,11),(2,11),(3,11),(4,11),(5,11);
/*!40000 ALTER TABLE `post_tags` ENABLE KEYS */;
UNLOCK TABLES;

--
-- Table structure for table `posts`
--

DROP TABLE IF EXISTS `posts`;
/*!40101 SET @saved_cs_client     = @@character_set_client */;
/*!50503 SET character_set_client = utf8mb4 */;
CREATE TABLE `posts` (
  `id` bigint unsigned NOT NULL AUTO_INCREMENT,
  `name` varchar(255) COLLATE utf8mb4_unicode_ci NOT NULL,
  `description` varchar(400) COLLATE utf8mb4_unicode_ci DEFAULT NULL,
  `content` longtext COLLATE utf8mb4_unicode_ci,
  `status` varchar(60) COLLATE utf8mb4_unicode_ci NOT NULL DEFAULT 'published',
  `author_id` bigint unsigned NOT NULL,
  `author_type` varchar(255) CHARACTER SET utf8mb4 COLLATE utf8mb4_unicode_ci NOT NULL DEFAULT 'Botble\\ACL\\Models\\User',
  `is_featured` tinyint unsigned NOT NULL DEFAULT '0',
  `image` varchar(255) COLLATE utf8mb4_unicode_ci DEFAULT NULL,
  `views` int unsigned NOT NULL DEFAULT '0',
  `format_type` varchar(30) COLLATE utf8mb4_unicode_ci DEFAULT NULL,
  `created_at` timestamp NULL DEFAULT NULL,
  `updated_at` timestamp NULL DEFAULT NULL,
  PRIMARY KEY (`id`),
  KEY `status` (`status`),
  KEY `author_id` (`author_id`),
  KEY `author_type` (`author_type`),
  KEY `created_at` (`created_at`)
) ENGINE=InnoDB AUTO_INCREMENT=12 DEFAULT CHARSET=utf8mb4 COLLATE=utf8mb4_unicode_ci;
/*!40101 SET character_set_client = @saved_cs_client */;

--
-- Dumping data for table `posts`
--

LOCK TABLES `posts` WRITE;
/*!40000 ALTER TABLE `posts` DISABLE KEYS */;
INSERT INTO `posts` VALUES (1,'4 Expert Tips On How To Choose The Right Men’s Wallet','You should pay more attention when you choose your wallets. There are a lot of them on the market with the different designs and styles. When you choose carefully, you would be able to buy a wallet that is catered to your needs. Not to mention that it will help to enhance your style significantly.','<p>I have seen many people underestimating the power of their wallets. To them, they are just a functional item they use to carry. As a result, they often end up with the wallets which are not really suitable for them.</p>\n\n<p>You should pay more attention when you choose your wallets. There are a lot of them on the market with the different designs and styles. When you choose carefully, you would be able to buy a wallet that is catered to your needs. Not to mention that it will help to enhance your style significantly.</p>\n\n<p style=\"text-align:center;\"><img alt=\"f4\" src=\"/storage/news/1.jpg\"></p>\n\n<p><br>\n </p>\n\n<p><strong><em>For all of the reason above, here are 7 expert tips to help you pick up the right men’s wallet for you:</em></strong></p>\n\n<h4><strong>Number 1: Choose A Neat Wallet</strong></h4>\n\n<p>The wallet is an essential accessory that you should go simple. Simplicity is the best in this case. A simple and neat wallet with the plain color and even <strong>minimalist style</strong> is versatile. It can be used for both formal and casual events. In addition, that wallet will go well with most of the clothes in your wardrobe.</p>\n\n<p>Keep in mind that a wallet will tell other people about your personality and your fashion sense as much as other clothes you put on. Hence, don’t go cheesy on your wallet or else people will think that you have a funny and particular style.</p>\n\n<p style=\"text-align:center;\"><img alt=\"f5\" src=\"/storage/news/2.jpg\"></p>\n\n<p><br>\n </p>\n<hr>\n<h4><strong>Number 2: Choose The Right Size For Your Wallet</strong></h4>\n\n<p>You should avoid having an over-sized wallet. Don’t think that you need to buy a big wallet because you have a lot to carry with you. In addition, a fat wallet is very ugly. It will make it harder for you to slide the wallet into your trousers’ pocket. In addition, it will create a bulge and ruin your look.</p>\n\n<p>Before you go on to buy a new wallet, clean out your wallet and place all of the items from your wallet on a table. Throw away things that you would never need any more such as the old bills or the expired gift cards. Remember to check your wallet on a frequent basis to get rid of all of the old stuff that you don’t need anymore.</p>\n\n<p style=\"text-align:center;\"><img alt=\"f1\" src=\"/storage/news/3.jpg\"></p>\n\n<p><br>\n </p>\n\n<hr>\n<h4><strong>Number 3: Don’t Limit Your Options Of Materials</strong></h4>\n\n<p>The types and designs of wallets are not the only things that you should consider when you go out searching for your best wallet. You have more than 1 option of material rather than leather to choose from as well.</p>\n\n<p>You can experiment with other available options such as cotton, polyester and canvas. They all have their own pros and cons. As a result, they will be suitable for different needs and requirements. You should think about them all in order to choose the material which you would like the most.</p>\n\n<p style=\"text-align:center;\"><img alt=\"f6\" height=\"375\" src=\"/storage/news/4.jpg\"></p>\n\n<p><br>\n </p>\n\n<hr>\n<h4><strong>Number 4: Consider A Wallet As A Long Term Investment</strong></h4>\n\n<p>Your wallet is indeed an investment that you should consider spending a decent amount of time and effort on it. Another factor that you need to consider is how much you want to spend on your wallet. The price ranges of wallets on the market vary a great deal. You can find a wallet which is as cheap as about 5 to 7 dollars. On the other hand, you should expect to pay around 250 to 300 dollars for a high-quality wallet.</p>\n\n<p>In case you need a wallet to use for a long time, it is a good idea that you should invest a decent amount of money on a wallet. A high quality wallet from a reputational brand with the premium quality such as cowhide leather will last for a long time. In addition, it is an accessory to show off your fashion sense and your social status.</p>\n\n<p style=\"text-align:center;\"><img alt=\"f2\" height=\"400\" src=\"/storage/news/5.jpg\"></p>\n\n<p> </p>\n','published',1,'Botble\\ACL\\Models\\User',1,'news/1.jpg',902,NULL,'2023-03-01 01:08:20','2023-03-01 01:08:20'),(2,'Sexy Clutches: How to Buy &amp; Wear a Designer Clutch Bag','You should pay more attention when you choose your wallets. There are a lot of them on the market with the different designs and styles. When you choose carefully, you would be able to buy a wallet that is catered to your needs. Not to mention that it will help to enhance your style significantly.','<p>I have seen many people underestimating the power of their wallets. To them, they are just a functional item they use to carry. As a result, they often end up with the wallets which are not really suitable for them.</p>\n\n<p>You should pay more attention when you choose your wallets. There are a lot of them on the market with the different designs and styles. When you choose carefully, you would be able to buy a wallet that is catered to your needs. Not to mention that it will help to enhance your style significantly.</p>\n\n<p style=\"text-align:center;\"><img alt=\"f4\" src=\"/storage/news/1.jpg\"></p>\n\n<p><br>\n </p>\n\n<p><strong><em>For all of the reason above, here are 7 expert tips to help you pick up the right men’s wallet for you:</em></strong></p>\n\n<h4><strong>Number 1: Choose A Neat Wallet</strong></h4>\n\n<p>The wallet is an essential accessory that you should go simple. Simplicity is the best in this case. A simple and neat wallet with the plain color and even <strong>minimalist style</strong> is versatile. It can be used for both formal and casual events. In addition, that wallet will go well with most of the clothes in your wardrobe.</p>\n\n<p>Keep in mind that a wallet will tell other people about your personality and your fashion sense as much as other clothes you put on. Hence, don’t go cheesy on your wallet or else people will think that you have a funny and particular style.</p>\n\n<p style=\"text-align:center;\"><img alt=\"f5\" src=\"/storage/news/2.jpg\"></p>\n\n<p><br>\n </p>\n<hr>\n<h4><strong>Number 2: Choose The Right Size For Your Wallet</strong></h4>\n\n<p>You should avoid having an over-sized wallet. Don’t think that you need to buy a big wallet because you have a lot to carry with you. In addition, a fat wallet is very ugly. It will make it harder for you to slide the wallet into your trousers’ pocket. In addition, it will create a bulge and ruin your look.</p>\n\n<p>Before you go on to buy a new wallet, clean out your wallet and place all of the items from your wallet on a table. Throw away things that you would never need any more such as the old bills or the expired gift cards. Remember to check your wallet on a frequent basis to get rid of all of the old stuff that you don’t need anymore.</p>\n\n<p style=\"text-align:center;\"><img alt=\"f1\" src=\"/storage/news/3.jpg\"></p>\n\n<p><br>\n </p>\n\n<hr>\n<h4><strong>Number 3: Don’t Limit Your Options Of Materials</strong></h4>\n\n<p>The types and designs of wallets are not the only things that you should consider when you go out searching for your best wallet. You have more than 1 option of material rather than leather to choose from as well.</p>\n\n<p>You can experiment with other available options such as cotton, polyester and canvas. They all have their own pros and cons. As a result, they will be suitable for different needs and requirements. You should think about them all in order to choose the material which you would like the most.</p>\n\n<p style=\"text-align:center;\"><img alt=\"f6\" height=\"375\" src=\"/storage/news/4.jpg\"></p>\n\n<p><br>\n </p>\n\n<hr>\n<h4><strong>Number 4: Consider A Wallet As A Long Term Investment</strong></h4>\n\n<p>Your wallet is indeed an investment that you should consider spending a decent amount of time and effort on it. Another factor that you need to consider is how much you want to spend on your wallet. The price ranges of wallets on the market vary a great deal. You can find a wallet which is as cheap as about 5 to 7 dollars. On the other hand, you should expect to pay around 250 to 300 dollars for a high-quality wallet.</p>\n\n<p>In case you need a wallet to use for a long time, it is a good idea that you should invest a decent amount of money on a wallet. A high quality wallet from a reputational brand with the premium quality such as cowhide leather will last for a long time. In addition, it is an accessory to show off your fashion sense and your social status.</p>\n\n<p style=\"text-align:center;\"><img alt=\"f2\" height=\"400\" src=\"/storage/news/5.jpg\"></p>\n\n<p> </p>\n','published',1,'Botble\\ACL\\Models\\User',1,'news/2.jpg',2195,NULL,'2023-03-01 01:08:20','2023-03-01 01:08:20'),(3,'The Top 2020 Handbag Trends to Know','You should pay more attention when you choose your wallets. There are a lot of them on the market with the different designs and styles. When you choose carefully, you would be able to buy a wallet that is catered to your needs. Not to mention that it will help to enhance your style significantly.','<p>I have seen many people underestimating the power of their wallets. To them, they are just a functional item they use to carry. As a result, they often end up with the wallets which are not really suitable for them.</p>\n\n<p>You should pay more attention when you choose your wallets. There are a lot of them on the market with the different designs and styles. When you choose carefully, you would be able to buy a wallet that is catered to your needs. Not to mention that it will help to enhance your style significantly.</p>\n\n<p style=\"text-align:center;\"><img alt=\"f4\" src=\"/storage/news/1.jpg\"></p>\n\n<p><br>\n </p>\n\n<p><strong><em>For all of the reason above, here are 7 expert tips to help you pick up the right men’s wallet for you:</em></strong></p>\n\n<h4><strong>Number 1: Choose A Neat Wallet</strong></h4>\n\n<p>The wallet is an essential accessory that you should go simple. Simplicity is the best in this case. A simple and neat wallet with the plain color and even <strong>minimalist style</strong> is versatile. It can be used for both formal and casual events. In addition, that wallet will go well with most of the clothes in your wardrobe.</p>\n\n<p>Keep in mind that a wallet will tell other people about your personality and your fashion sense as much as other clothes you put on. Hence, don’t go cheesy on your wallet or else people will think that you have a funny and particular style.</p>\n\n<p style=\"text-align:center;\"><img alt=\"f5\" src=\"/storage/news/2.jpg\"></p>\n\n<p><br>\n </p>\n<hr>\n<h4><strong>Number 2: Choose The Right Size For Your Wallet</strong></h4>\n\n<p>You should avoid having an over-sized wallet. Don’t think that you need to buy a big wallet because you have a lot to carry with you. In addition, a fat wallet is very ugly. It will make it harder for you to slide the wallet into your trousers’ pocket. In addition, it will create a bulge and ruin your look.</p>\n\n<p>Before you go on to buy a new wallet, clean out your wallet and place all of the items from your wallet on a table. Throw away things that you would never need any more such as the old bills or the expired gift cards. Remember to check your wallet on a frequent basis to get rid of all of the old stuff that you don’t need anymore.</p>\n\n<p style=\"text-align:center;\"><img alt=\"f1\" src=\"/storage/news/3.jpg\"></p>\n\n<p><br>\n </p>\n\n<hr>\n<h4><strong>Number 3: Don’t Limit Your Options Of Materials</strong></h4>\n\n<p>The types and designs of wallets are not the only things that you should consider when you go out searching for your best wallet. You have more than 1 option of material rather than leather to choose from as well.</p>\n\n<p>You can experiment with other available options such as cotton, polyester and canvas. They all have their own pros and cons. As a result, they will be suitable for different needs and requirements. You should think about them all in order to choose the material which you would like the most.</p>\n\n<p style=\"text-align:center;\"><img alt=\"f6\" height=\"375\" src=\"/storage/news/4.jpg\"></p>\n\n<p><br>\n </p>\n\n<hr>\n<h4><strong>Number 4: Consider A Wallet As A Long Term Investment</strong></h4>\n\n<p>Your wallet is indeed an investment that you should consider spending a decent amount of time and effort on it. Another factor that you need to consider is how much you want to spend on your wallet. The price ranges of wallets on the market vary a great deal. You can find a wallet which is as cheap as about 5 to 7 dollars. On the other hand, you should expect to pay around 250 to 300 dollars for a high-quality wallet.</p>\n\n<p>In case you need a wallet to use for a long time, it is a good idea that you should invest a decent amount of money on a wallet. A high quality wallet from a reputational brand with the premium quality such as cowhide leather will last for a long time. In addition, it is an accessory to show off your fashion sense and your social status.</p>\n\n<p style=\"text-align:center;\"><img alt=\"f2\" height=\"400\" src=\"/storage/news/5.jpg\"></p>\n\n<p> </p>\n','published',1,'Botble\\ACL\\Models\\User',1,'news/3.jpg',1337,NULL,'2023-03-01 01:08:20','2023-03-01 01:08:20'),(4,'How to Match the Color of Your Handbag With an Outfit','You should pay more attention when you choose your wallets. There are a lot of them on the market with the different designs and styles. When you choose carefully, you would be able to buy a wallet that is catered to your needs. Not to mention that it will help to enhance your style significantly.','<p>I have seen many people underestimating the power of their wallets. To them, they are just a functional item they use to carry. As a result, they often end up with the wallets which are not really suitable for them.</p>\n\n<p>You should pay more attention when you choose your wallets. There are a lot of them on the market with the different designs and styles. When you choose carefully, you would be able to buy a wallet that is catered to your needs. Not to mention that it will help to enhance your style significantly.</p>\n\n<p style=\"text-align:center;\"><img alt=\"f4\" src=\"/storage/news/1.jpg\"></p>\n\n<p><br>\n </p>\n\n<p><strong><em>For all of the reason above, here are 7 expert tips to help you pick up the right men’s wallet for you:</em></strong></p>\n\n<h4><strong>Number 1: Choose A Neat Wallet</strong></h4>\n\n<p>The wallet is an essential accessory that you should go simple. Simplicity is the best in this case. A simple and neat wallet with the plain color and even <strong>minimalist style</strong> is versatile. It can be used for both formal and casual events. In addition, that wallet will go well with most of the clothes in your wardrobe.</p>\n\n<p>Keep in mind that a wallet will tell other people about your personality and your fashion sense as much as other clothes you put on. Hence, don’t go cheesy on your wallet or else people will think that you have a funny and particular style.</p>\n\n<p style=\"text-align:center;\"><img alt=\"f5\" src=\"/storage/news/2.jpg\"></p>\n\n<p><br>\n </p>\n<hr>\n<h4><strong>Number 2: Choose The Right Size For Your Wallet</strong></h4>\n\n<p>You should avoid having an over-sized wallet. Don’t think that you need to buy a big wallet because you have a lot to carry with you. In addition, a fat wallet is very ugly. It will make it harder for you to slide the wallet into your trousers’ pocket. In addition, it will create a bulge and ruin your look.</p>\n\n<p>Before you go on to buy a new wallet, clean out your wallet and place all of the items from your wallet on a table. Throw away things that you would never need any more such as the old bills or the expired gift cards. Remember to check your wallet on a frequent basis to get rid of all of the old stuff that you don’t need anymore.</p>\n\n<p style=\"text-align:center;\"><img alt=\"f1\" src=\"/storage/news/3.jpg\"></p>\n\n<p><br>\n </p>\n\n<hr>\n<h4><strong>Number 3: Don’t Limit Your Options Of Materials</strong></h4>\n\n<p>The types and designs of wallets are not the only things that you should consider when you go out searching for your best wallet. You have more than 1 option of material rather than leather to choose from as well.</p>\n\n<p>You can experiment with other available options such as cotton, polyester and canvas. They all have their own pros and cons. As a result, they will be suitable for different needs and requirements. You should think about them all in order to choose the material which you would like the most.</p>\n\n<p style=\"text-align:center;\"><img alt=\"f6\" height=\"375\" src=\"/storage/news/4.jpg\"></p>\n\n<p><br>\n </p>\n\n<hr>\n<h4><strong>Number 4: Consider A Wallet As A Long Term Investment</strong></h4>\n\n<p>Your wallet is indeed an investment that you should consider spending a decent amount of time and effort on it. Another factor that you need to consider is how much you want to spend on your wallet. The price ranges of wallets on the market vary a great deal. You can find a wallet which is as cheap as about 5 to 7 dollars. On the other hand, you should expect to pay around 250 to 300 dollars for a high-quality wallet.</p>\n\n<p>In case you need a wallet to use for a long time, it is a good idea that you should invest a decent amount of money on a wallet. A high quality wallet from a reputational brand with the premium quality such as cowhide leather will last for a long time. In addition, it is an accessory to show off your fashion sense and your social status.</p>\n\n<p style=\"text-align:center;\"><img alt=\"f2\" height=\"400\" src=\"/storage/news/5.jpg\"></p>\n\n<p> </p>\n','published',1,'Botble\\ACL\\Models\\User',1,'news/4.jpg',1104,NULL,'2023-03-01 01:08:20','2023-03-01 01:08:20'),(5,'How to Care for Leather Bags','You should pay more attention when you choose your wallets. There are a lot of them on the market with the different designs and styles. When you choose carefully, you would be able to buy a wallet that is catered to your needs. Not to mention that it will help to enhance your style significantly.','<p>I have seen many people underestimating the power of their wallets. To them, they are just a functional item they use to carry. As a result, they often end up with the wallets which are not really suitable for them.</p>\n\n<p>You should pay more attention when you choose your wallets. There are a lot of them on the market with the different designs and styles. When you choose carefully, you would be able to buy a wallet that is catered to your needs. Not to mention that it will help to enhance your style significantly.</p>\n\n<p style=\"text-align:center;\"><img alt=\"f4\" src=\"/storage/news/1.jpg\"></p>\n\n<p><br>\n </p>\n\n<p><strong><em>For all of the reason above, here are 7 expert tips to help you pick up the right men’s wallet for you:</em></strong></p>\n\n<h4><strong>Number 1: Choose A Neat Wallet</strong></h4>\n\n<p>The wallet is an essential accessory that you should go simple. Simplicity is the best in this case. A simple and neat wallet with the plain color and even <strong>minimalist style</strong> is versatile. It can be used for both formal and casual events. In addition, that wallet will go well with most of the clothes in your wardrobe.</p>\n\n<p>Keep in mind that a wallet will tell other people about your personality and your fashion sense as much as other clothes you put on. Hence, don’t go cheesy on your wallet or else people will think that you have a funny and particular style.</p>\n\n<p style=\"text-align:center;\"><img alt=\"f5\" src=\"/storage/news/2.jpg\"></p>\n\n<p><br>\n </p>\n<hr>\n<h4><strong>Number 2: Choose The Right Size For Your Wallet</strong></h4>\n\n<p>You should avoid having an over-sized wallet. Don’t think that you need to buy a big wallet because you have a lot to carry with you. In addition, a fat wallet is very ugly. It will make it harder for you to slide the wallet into your trousers’ pocket. In addition, it will create a bulge and ruin your look.</p>\n\n<p>Before you go on to buy a new wallet, clean out your wallet and place all of the items from your wallet on a table. Throw away things that you would never need any more such as the old bills or the expired gift cards. Remember to check your wallet on a frequent basis to get rid of all of the old stuff that you don’t need anymore.</p>\n\n<p style=\"text-align:center;\"><img alt=\"f1\" src=\"/storage/news/3.jpg\"></p>\n\n<p><br>\n </p>\n\n<hr>\n<h4><strong>Number 3: Don’t Limit Your Options Of Materials</strong></h4>\n\n<p>The types and designs of wallets are not the only things that you should consider when you go out searching for your best wallet. You have more than 1 option of material rather than leather to choose from as well.</p>\n\n<p>You can experiment with other available options such as cotton, polyester and canvas. They all have their own pros and cons. As a result, they will be suitable for different needs and requirements. You should think about them all in order to choose the material which you would like the most.</p>\n\n<p style=\"text-align:center;\"><img alt=\"f6\" height=\"375\" src=\"/storage/news/4.jpg\"></p>\n\n<p><br>\n </p>\n\n<hr>\n<h4><strong>Number 4: Consider A Wallet As A Long Term Investment</strong></h4>\n\n<p>Your wallet is indeed an investment that you should consider spending a decent amount of time and effort on it. Another factor that you need to consider is how much you want to spend on your wallet. The price ranges of wallets on the market vary a great deal. You can find a wallet which is as cheap as about 5 to 7 dollars. On the other hand, you should expect to pay around 250 to 300 dollars for a high-quality wallet.</p>\n\n<p>In case you need a wallet to use for a long time, it is a good idea that you should invest a decent amount of money on a wallet. A high quality wallet from a reputational brand with the premium quality such as cowhide leather will last for a long time. In addition, it is an accessory to show off your fashion sense and your social status.</p>\n\n<p style=\"text-align:center;\"><img alt=\"f2\" height=\"400\" src=\"/storage/news/5.jpg\"></p>\n\n<p> </p>\n','published',1,'Botble\\ACL\\Models\\User',1,'news/5.jpg',433,NULL,'2023-03-01 01:08:20','2023-03-01 01:08:20'),(6,'We\'re Crushing Hard on Summer\'s 10 Biggest Bag Trends','You should pay more attention when you choose your wallets. There are a lot of them on the market with the different designs and styles. When you choose carefully, you would be able to buy a wallet that is catered to your needs. Not to mention that it will help to enhance your style significantly.','<p>I have seen many people underestimating the power of their wallets. To them, they are just a functional item they use to carry. As a result, they often end up with the wallets which are not really suitable for them.</p>\n\n<p>You should pay more attention when you choose your wallets. There are a lot of them on the market with the different designs and styles. When you choose carefully, you would be able to buy a wallet that is catered to your needs. Not to mention that it will help to enhance your style significantly.</p>\n\n<p style=\"text-align:center;\"><img alt=\"f4\" src=\"/storage/news/1.jpg\"></p>\n\n<p><br>\n </p>\n\n<p><strong><em>For all of the reason above, here are 7 expert tips to help you pick up the right men’s wallet for you:</em></strong></p>\n\n<h4><strong>Number 1: Choose A Neat Wallet</strong></h4>\n\n<p>The wallet is an essential accessory that you should go simple. Simplicity is the best in this case. A simple and neat wallet with the plain color and even <strong>minimalist style</strong> is versatile. It can be used for both formal and casual events. In addition, that wallet will go well with most of the clothes in your wardrobe.</p>\n\n<p>Keep in mind that a wallet will tell other people about your personality and your fashion sense as much as other clothes you put on. Hence, don’t go cheesy on your wallet or else people will think that you have a funny and particular style.</p>\n\n<p style=\"text-align:center;\"><img alt=\"f5\" src=\"/storage/news/2.jpg\"></p>\n\n<p><br>\n </p>\n<hr>\n<h4><strong>Number 2: Choose The Right Size For Your Wallet</strong></h4>\n\n<p>You should avoid having an over-sized wallet. Don’t think that you need to buy a big wallet because you have a lot to carry with you. In addition, a fat wallet is very ugly. It will make it harder for you to slide the wallet into your trousers’ pocket. In addition, it will create a bulge and ruin your look.</p>\n\n<p>Before you go on to buy a new wallet, clean out your wallet and place all of the items from your wallet on a table. Throw away things that you would never need any more such as the old bills or the expired gift cards. Remember to check your wallet on a frequent basis to get rid of all of the old stuff that you don’t need anymore.</p>\n\n<p style=\"text-align:center;\"><img alt=\"f1\" src=\"/storage/news/3.jpg\"></p>\n\n<p><br>\n </p>\n\n<hr>\n<h4><strong>Number 3: Don’t Limit Your Options Of Materials</strong></h4>\n\n<p>The types and designs of wallets are not the only things that you should consider when you go out searching for your best wallet. You have more than 1 option of material rather than leather to choose from as well.</p>\n\n<p>You can experiment with other available options such as cotton, polyester and canvas. They all have their own pros and cons. As a result, they will be suitable for different needs and requirements. You should think about them all in order to choose the material which you would like the most.</p>\n\n<p style=\"text-align:center;\"><img alt=\"f6\" height=\"375\" src=\"/storage/news/4.jpg\"></p>\n\n<p><br>\n </p>\n\n<hr>\n<h4><strong>Number 4: Consider A Wallet As A Long Term Investment</strong></h4>\n\n<p>Your wallet is indeed an investment that you should consider spending a decent amount of time and effort on it. Another factor that you need to consider is how much you want to spend on your wallet. The price ranges of wallets on the market vary a great deal. You can find a wallet which is as cheap as about 5 to 7 dollars. On the other hand, you should expect to pay around 250 to 300 dollars for a high-quality wallet.</p>\n\n<p>In case you need a wallet to use for a long time, it is a good idea that you should invest a decent amount of money on a wallet. A high quality wallet from a reputational brand with the premium quality such as cowhide leather will last for a long time. In addition, it is an accessory to show off your fashion sense and your social status.</p>\n\n<p style=\"text-align:center;\"><img alt=\"f2\" height=\"400\" src=\"/storage/news/5.jpg\"></p>\n\n<p> </p>\n','published',1,'Botble\\ACL\\Models\\User',1,'news/6.jpg',548,NULL,'2023-03-01 01:08:20','2023-03-01 01:08:20'),(7,'Essential Qualities of Highly Successful Music','You should pay more attention when you choose your wallets. There are a lot of them on the market with the different designs and styles. When you choose carefully, you would be able to buy a wallet that is catered to your needs. Not to mention that it will help to enhance your style significantly.','<p>I have seen many people underestimating the power of their wallets. To them, they are just a functional item they use to carry. As a result, they often end up with the wallets which are not really suitable for them.</p>\n\n<p>You should pay more attention when you choose your wallets. There are a lot of them on the market with the different designs and styles. When you choose carefully, you would be able to buy a wallet that is catered to your needs. Not to mention that it will help to enhance your style significantly.</p>\n\n<p style=\"text-align:center;\"><img alt=\"f4\" src=\"/storage/news/1.jpg\"></p>\n\n<p><br>\n </p>\n\n<p><strong><em>For all of the reason above, here are 7 expert tips to help you pick up the right men’s wallet for you:</em></strong></p>\n\n<h4><strong>Number 1: Choose A Neat Wallet</strong></h4>\n\n<p>The wallet is an essential accessory that you should go simple. Simplicity is the best in this case. A simple and neat wallet with the plain color and even <strong>minimalist style</strong> is versatile. It can be used for both formal and casual events. In addition, that wallet will go well with most of the clothes in your wardrobe.</p>\n\n<p>Keep in mind that a wallet will tell other people about your personality and your fashion sense as much as other clothes you put on. Hence, don’t go cheesy on your wallet or else people will think that you have a funny and particular style.</p>\n\n<p style=\"text-align:center;\"><img alt=\"f5\" src=\"/storage/news/2.jpg\"></p>\n\n<p><br>\n </p>\n<hr>\n<h4><strong>Number 2: Choose The Right Size For Your Wallet</strong></h4>\n\n<p>You should avoid having an over-sized wallet. Don’t think that you need to buy a big wallet because you have a lot to carry with you. In addition, a fat wallet is very ugly. It will make it harder for you to slide the wallet into your trousers’ pocket. In addition, it will create a bulge and ruin your look.</p>\n\n<p>Before you go on to buy a new wallet, clean out your wallet and place all of the items from your wallet on a table. Throw away things that you would never need any more such as the old bills or the expired gift cards. Remember to check your wallet on a frequent basis to get rid of all of the old stuff that you don’t need anymore.</p>\n\n<p style=\"text-align:center;\"><img alt=\"f1\" src=\"/storage/news/3.jpg\"></p>\n\n<p><br>\n </p>\n\n<hr>\n<h4><strong>Number 3: Don’t Limit Your Options Of Materials</strong></h4>\n\n<p>The types and designs of wallets are not the only things that you should consider when you go out searching for your best wallet. You have more than 1 option of material rather than leather to choose from as well.</p>\n\n<p>You can experiment with other available options such as cotton, polyester and canvas. They all have their own pros and cons. As a result, they will be suitable for different needs and requirements. You should think about them all in order to choose the material which you would like the most.</p>\n\n<p style=\"text-align:center;\"><img alt=\"f6\" height=\"375\" src=\"/storage/news/4.jpg\"></p>\n\n<p><br>\n </p>\n\n<hr>\n<h4><strong>Number 4: Consider A Wallet As A Long Term Investment</strong></h4>\n\n<p>Your wallet is indeed an investment that you should consider spending a decent amount of time and effort on it. Another factor that you need to consider is how much you want to spend on your wallet. The price ranges of wallets on the market vary a great deal. You can find a wallet which is as cheap as about 5 to 7 dollars. On the other hand, you should expect to pay around 250 to 300 dollars for a high-quality wallet.</p>\n\n<p>In case you need a wallet to use for a long time, it is a good idea that you should invest a decent amount of money on a wallet. A high quality wallet from a reputational brand with the premium quality such as cowhide leather will last for a long time. In addition, it is an accessory to show off your fashion sense and your social status.</p>\n\n<p style=\"text-align:center;\"><img alt=\"f2\" height=\"400\" src=\"/storage/news/5.jpg\"></p>\n\n<p> </p>\n','published',1,'Botble\\ACL\\Models\\User',1,'news/7.jpg',1834,NULL,'2023-03-01 01:08:20','2023-03-01 01:08:20'),(8,'9 Things I Love About Shaving My Head','You should pay more attention when you choose your wallets. There are a lot of them on the market with the different designs and styles. When you choose carefully, you would be able to buy a wallet that is catered to your needs. Not to mention that it will help to enhance your style significantly.','<p>I have seen many people underestimating the power of their wallets. To them, they are just a functional item they use to carry. As a result, they often end up with the wallets which are not really suitable for them.</p>\n\n<p>You should pay more attention when you choose your wallets. There are a lot of them on the market with the different designs and styles. When you choose carefully, you would be able to buy a wallet that is catered to your needs. Not to mention that it will help to enhance your style significantly.</p>\n\n<p style=\"text-align:center;\"><img alt=\"f4\" src=\"/storage/news/1.jpg\"></p>\n\n<p><br>\n </p>\n\n<p><strong><em>For all of the reason above, here are 7 expert tips to help you pick up the right men’s wallet for you:</em></strong></p>\n\n<h4><strong>Number 1: Choose A Neat Wallet</strong></h4>\n\n<p>The wallet is an essential accessory that you should go simple. Simplicity is the best in this case. A simple and neat wallet with the plain color and even <strong>minimalist style</strong> is versatile. It can be used for both formal and casual events. In addition, that wallet will go well with most of the clothes in your wardrobe.</p>\n\n<p>Keep in mind that a wallet will tell other people about your personality and your fashion sense as much as other clothes you put on. Hence, don’t go cheesy on your wallet or else people will think that you have a funny and particular style.</p>\n\n<p style=\"text-align:center;\"><img alt=\"f5\" src=\"/storage/news/2.jpg\"></p>\n\n<p><br>\n </p>\n<hr>\n<h4><strong>Number 2: Choose The Right Size For Your Wallet</strong></h4>\n\n<p>You should avoid having an over-sized wallet. Don’t think that you need to buy a big wallet because you have a lot to carry with you. In addition, a fat wallet is very ugly. It will make it harder for you to slide the wallet into your trousers’ pocket. In addition, it will create a bulge and ruin your look.</p>\n\n<p>Before you go on to buy a new wallet, clean out your wallet and place all of the items from your wallet on a table. Throw away things that you would never need any more such as the old bills or the expired gift cards. Remember to check your wallet on a frequent basis to get rid of all of the old stuff that you don’t need anymore.</p>\n\n<p style=\"text-align:center;\"><img alt=\"f1\" src=\"/storage/news/3.jpg\"></p>\n\n<p><br>\n </p>\n\n<hr>\n<h4><strong>Number 3: Don’t Limit Your Options Of Materials</strong></h4>\n\n<p>The types and designs of wallets are not the only things that you should consider when you go out searching for your best wallet. You have more than 1 option of material rather than leather to choose from as well.</p>\n\n<p>You can experiment with other available options such as cotton, polyester and canvas. They all have their own pros and cons. As a result, they will be suitable for different needs and requirements. You should think about them all in order to choose the material which you would like the most.</p>\n\n<p style=\"text-align:center;\"><img alt=\"f6\" height=\"375\" src=\"/storage/news/4.jpg\"></p>\n\n<p><br>\n </p>\n\n<hr>\n<h4><strong>Number 4: Consider A Wallet As A Long Term Investment</strong></h4>\n\n<p>Your wallet is indeed an investment that you should consider spending a decent amount of time and effort on it. Another factor that you need to consider is how much you want to spend on your wallet. The price ranges of wallets on the market vary a great deal. You can find a wallet which is as cheap as about 5 to 7 dollars. On the other hand, you should expect to pay around 250 to 300 dollars for a high-quality wallet.</p>\n\n<p>In case you need a wallet to use for a long time, it is a good idea that you should invest a decent amount of money on a wallet. A high quality wallet from a reputational brand with the premium quality such as cowhide leather will last for a long time. In addition, it is an accessory to show off your fashion sense and your social status.</p>\n\n<p style=\"text-align:center;\"><img alt=\"f2\" height=\"400\" src=\"/storage/news/5.jpg\"></p>\n\n<p> </p>\n','published',1,'Botble\\ACL\\Models\\User',1,'news/8.jpg',1071,NULL,'2023-03-01 01:08:20','2023-03-01 01:08:20'),(9,'Why Teamwork Really Makes The Dream Work','You should pay more attention when you choose your wallets. There are a lot of them on the market with the different designs and styles. When you choose carefully, you would be able to buy a wallet that is catered to your needs. Not to mention that it will help to enhance your style significantly.','<p>I have seen many people underestimating the power of their wallets. To them, they are just a functional item they use to carry. As a result, they often end up with the wallets which are not really suitable for them.</p>\n\n<p>You should pay more attention when you choose your wallets. There are a lot of them on the market with the different designs and styles. When you choose carefully, you would be able to buy a wallet that is catered to your needs. Not to mention that it will help to enhance your style significantly.</p>\n\n<p style=\"text-align:center;\"><img alt=\"f4\" src=\"/storage/news/1.jpg\"></p>\n\n<p><br>\n </p>\n\n<p><strong><em>For all of the reason above, here are 7 expert tips to help you pick up the right men’s wallet for you:</em></strong></p>\n\n<h4><strong>Number 1: Choose A Neat Wallet</strong></h4>\n\n<p>The wallet is an essential accessory that you should go simple. Simplicity is the best in this case. A simple and neat wallet with the plain color and even <strong>minimalist style</strong> is versatile. It can be used for both formal and casual events. In addition, that wallet will go well with most of the clothes in your wardrobe.</p>\n\n<p>Keep in mind that a wallet will tell other people about your personality and your fashion sense as much as other clothes you put on. Hence, don’t go cheesy on your wallet or else people will think that you have a funny and particular style.</p>\n\n<p style=\"text-align:center;\"><img alt=\"f5\" src=\"/storage/news/2.jpg\"></p>\n\n<p><br>\n </p>\n<hr>\n<h4><strong>Number 2: Choose The Right Size For Your Wallet</strong></h4>\n\n<p>You should avoid having an over-sized wallet. Don’t think that you need to buy a big wallet because you have a lot to carry with you. In addition, a fat wallet is very ugly. It will make it harder for you to slide the wallet into your trousers’ pocket. In addition, it will create a bulge and ruin your look.</p>\n\n<p>Before you go on to buy a new wallet, clean out your wallet and place all of the items from your wallet on a table. Throw away things that you would never need any more such as the old bills or the expired gift cards. Remember to check your wallet on a frequent basis to get rid of all of the old stuff that you don’t need anymore.</p>\n\n<p style=\"text-align:center;\"><img alt=\"f1\" src=\"/storage/news/3.jpg\"></p>\n\n<p><br>\n </p>\n\n<hr>\n<h4><strong>Number 3: Don’t Limit Your Options Of Materials</strong></h4>\n\n<p>The types and designs of wallets are not the only things that you should consider when you go out searching for your best wallet. You have more than 1 option of material rather than leather to choose from as well.</p>\n\n<p>You can experiment with other available options such as cotton, polyester and canvas. They all have their own pros and cons. As a result, they will be suitable for different needs and requirements. You should think about them all in order to choose the material which you would like the most.</p>\n\n<p style=\"text-align:center;\"><img alt=\"f6\" height=\"375\" src=\"/storage/news/4.jpg\"></p>\n\n<p><br>\n </p>\n\n<hr>\n<h4><strong>Number 4: Consider A Wallet As A Long Term Investment</strong></h4>\n\n<p>Your wallet is indeed an investment that you should consider spending a decent amount of time and effort on it. Another factor that you need to consider is how much you want to spend on your wallet. The price ranges of wallets on the market vary a great deal. You can find a wallet which is as cheap as about 5 to 7 dollars. On the other hand, you should expect to pay around 250 to 300 dollars for a high-quality wallet.</p>\n\n<p>In case you need a wallet to use for a long time, it is a good idea that you should invest a decent amount of money on a wallet. A high quality wallet from a reputational brand with the premium quality such as cowhide leather will last for a long time. In addition, it is an accessory to show off your fashion sense and your social status.</p>\n\n<p style=\"text-align:center;\"><img alt=\"f2\" height=\"400\" src=\"/storage/news/5.jpg\"></p>\n\n<p> </p>\n','published',1,'Botble\\ACL\\Models\\User',1,'news/9.jpg',1338,NULL,'2023-03-01 01:08:20','2023-03-01 01:08:20'),(10,'The World Caters to Average People','You should pay more attention when you choose your wallets. There are a lot of them on the market with the different designs and styles. When you choose carefully, you would be able to buy a wallet that is catered to your needs. Not to mention that it will help to enhance your style significantly.','<p>I have seen many people underestimating the power of their wallets. To them, they are just a functional item they use to carry. As a result, they often end up with the wallets which are not really suitable for them.</p>\n\n<p>You should pay more attention when you choose your wallets. There are a lot of them on the market with the different designs and styles. When you choose carefully, you would be able to buy a wallet that is catered to your needs. Not to mention that it will help to enhance your style significantly.</p>\n\n<p style=\"text-align:center;\"><img alt=\"f4\" src=\"/storage/news/1.jpg\"></p>\n\n<p><br>\n </p>\n\n<p><strong><em>For all of the reason above, here are 7 expert tips to help you pick up the right men’s wallet for you:</em></strong></p>\n\n<h4><strong>Number 1: Choose A Neat Wallet</strong></h4>\n\n<p>The wallet is an essential accessory that you should go simple. Simplicity is the best in this case. A simple and neat wallet with the plain color and even <strong>minimalist style</strong> is versatile. It can be used for both formal and casual events. In addition, that wallet will go well with most of the clothes in your wardrobe.</p>\n\n<p>Keep in mind that a wallet will tell other people about your personality and your fashion sense as much as other clothes you put on. Hence, don’t go cheesy on your wallet or else people will think that you have a funny and particular style.</p>\n\n<p style=\"text-align:center;\"><img alt=\"f5\" src=\"/storage/news/2.jpg\"></p>\n\n<p><br>\n </p>\n<hr>\n<h4><strong>Number 2: Choose The Right Size For Your Wallet</strong></h4>\n\n<p>You should avoid having an over-sized wallet. Don’t think that you need to buy a big wallet because you have a lot to carry with you. In addition, a fat wallet is very ugly. It will make it harder for you to slide the wallet into your trousers’ pocket. In addition, it will create a bulge and ruin your look.</p>\n\n<p>Before you go on to buy a new wallet, clean out your wallet and place all of the items from your wallet on a table. Throw away things that you would never need any more such as the old bills or the expired gift cards. Remember to check your wallet on a frequent basis to get rid of all of the old stuff that you don’t need anymore.</p>\n\n<p style=\"text-align:center;\"><img alt=\"f1\" src=\"/storage/news/3.jpg\"></p>\n\n<p><br>\n </p>\n\n<hr>\n<h4><strong>Number 3: Don’t Limit Your Options Of Materials</strong></h4>\n\n<p>The types and designs of wallets are not the only things that you should consider when you go out searching for your best wallet. You have more than 1 option of material rather than leather to choose from as well.</p>\n\n<p>You can experiment with other available options such as cotton, polyester and canvas. They all have their own pros and cons. As a result, they will be suitable for different needs and requirements. You should think about them all in order to choose the material which you would like the most.</p>\n\n<p style=\"text-align:center;\"><img alt=\"f6\" height=\"375\" src=\"/storage/news/4.jpg\"></p>\n\n<p><br>\n </p>\n\n<hr>\n<h4><strong>Number 4: Consider A Wallet As A Long Term Investment</strong></h4>\n\n<p>Your wallet is indeed an investment that you should consider spending a decent amount of time and effort on it. Another factor that you need to consider is how much you want to spend on your wallet. The price ranges of wallets on the market vary a great deal. You can find a wallet which is as cheap as about 5 to 7 dollars. On the other hand, you should expect to pay around 250 to 300 dollars for a high-quality wallet.</p>\n\n<p>In case you need a wallet to use for a long time, it is a good idea that you should invest a decent amount of money on a wallet. A high quality wallet from a reputational brand with the premium quality such as cowhide leather will last for a long time. In addition, it is an accessory to show off your fashion sense and your social status.</p>\n\n<p style=\"text-align:center;\"><img alt=\"f2\" height=\"400\" src=\"/storage/news/5.jpg\"></p>\n\n<p> </p>\n','published',1,'Botble\\ACL\\Models\\User',1,'news/10.jpg',1461,NULL,'2023-03-01 01:08:20','2023-03-01 01:08:20'),(11,'The litigants on the screen are not actors','You should pay more attention when you choose your wallets. There are a lot of them on the market with the different designs and styles. When you choose carefully, you would be able to buy a wallet that is catered to your needs. Not to mention that it will help to enhance your style significantly.','<p>I have seen many people underestimating the power of their wallets. To them, they are just a functional item they use to carry. As a result, they often end up with the wallets which are not really suitable for them.</p>\n\n<p>You should pay more attention when you choose your wallets. There are a lot of them on the market with the different designs and styles. When you choose carefully, you would be able to buy a wallet that is catered to your needs. Not to mention that it will help to enhance your style significantly.</p>\n\n<p style=\"text-align:center;\"><img alt=\"f4\" src=\"/storage/news/1.jpg\"></p>\n\n<p><br>\n </p>\n\n<p><strong><em>For all of the reason above, here are 7 expert tips to help you pick up the right men’s wallet for you:</em></strong></p>\n\n<h4><strong>Number 1: Choose A Neat Wallet</strong></h4>\n\n<p>The wallet is an essential accessory that you should go simple. Simplicity is the best in this case. A simple and neat wallet with the plain color and even <strong>minimalist style</strong> is versatile. It can be used for both formal and casual events. In addition, that wallet will go well with most of the clothes in your wardrobe.</p>\n\n<p>Keep in mind that a wallet will tell other people about your personality and your fashion sense as much as other clothes you put on. Hence, don’t go cheesy on your wallet or else people will think that you have a funny and particular style.</p>\n\n<p style=\"text-align:center;\"><img alt=\"f5\" src=\"/storage/news/2.jpg\"></p>\n\n<p><br>\n </p>\n<hr>\n<h4><strong>Number 2: Choose The Right Size For Your Wallet</strong></h4>\n\n<p>You should avoid having an over-sized wallet. Don’t think that you need to buy a big wallet because you have a lot to carry with you. In addition, a fat wallet is very ugly. It will make it harder for you to slide the wallet into your trousers’ pocket. In addition, it will create a bulge and ruin your look.</p>\n\n<p>Before you go on to buy a new wallet, clean out your wallet and place all of the items from your wallet on a table. Throw away things that you would never need any more such as the old bills or the expired gift cards. Remember to check your wallet on a frequent basis to get rid of all of the old stuff that you don’t need anymore.</p>\n\n<p style=\"text-align:center;\"><img alt=\"f1\" src=\"/storage/news/3.jpg\"></p>\n\n<p><br>\n </p>\n\n<hr>\n<h4><strong>Number 3: Don’t Limit Your Options Of Materials</strong></h4>\n\n<p>The types and designs of wallets are not the only things that you should consider when you go out searching for your best wallet. You have more than 1 option of material rather than leather to choose from as well.</p>\n\n<p>You can experiment with other available options such as cotton, polyester and canvas. They all have their own pros and cons. As a result, they will be suitable for different needs and requirements. You should think about them all in order to choose the material which you would like the most.</p>\n\n<p style=\"text-align:center;\"><img alt=\"f6\" height=\"375\" src=\"/storage/news/4.jpg\"></p>\n\n<p><br>\n </p>\n\n<hr>\n<h4><strong>Number 4: Consider A Wallet As A Long Term Investment</strong></h4>\n\n<p>Your wallet is indeed an investment that you should consider spending a decent amount of time and effort on it. Another factor that you need to consider is how much you want to spend on your wallet. The price ranges of wallets on the market vary a great deal. You can find a wallet which is as cheap as about 5 to 7 dollars. On the other hand, you should expect to pay around 250 to 300 dollars for a high-quality wallet.</p>\n\n<p>In case you need a wallet to use for a long time, it is a good idea that you should invest a decent amount of money on a wallet. A high quality wallet from a reputational brand with the premium quality such as cowhide leather will last for a long time. In addition, it is an accessory to show off your fashion sense and your social status.</p>\n\n<p style=\"text-align:center;\"><img alt=\"f2\" height=\"400\" src=\"/storage/news/5.jpg\"></p>\n\n<p> </p>\n','published',1,'Botble\\ACL\\Models\\User',0,'news/11.jpg',2491,NULL,'2023-03-01 01:08:20','2023-03-01 01:08:20');
/*!40000 ALTER TABLE `posts` ENABLE KEYS */;
UNLOCK TABLES;

--
-- Table structure for table `posts_translations`
--

DROP TABLE IF EXISTS `posts_translations`;
/*!40101 SET @saved_cs_client     = @@character_set_client */;
/*!50503 SET character_set_client = utf8mb4 */;
CREATE TABLE `posts_translations` (
  `lang_code` varchar(191) COLLATE utf8mb4_unicode_ci NOT NULL,
  `posts_id` bigint unsigned NOT NULL,
  `name` varchar(255) COLLATE utf8mb4_unicode_ci DEFAULT NULL,
  `description` varchar(400) COLLATE utf8mb4_unicode_ci DEFAULT NULL,
  `content` longtext COLLATE utf8mb4_unicode_ci,
  PRIMARY KEY (`lang_code`,`posts_id`)
) ENGINE=InnoDB DEFAULT CHARSET=utf8mb4 COLLATE=utf8mb4_unicode_ci;
/*!40101 SET character_set_client = @saved_cs_client */;

--
-- Dumping data for table `posts_translations`
--

LOCK TABLES `posts_translations` WRITE;
/*!40000 ALTER TABLE `posts_translations` DISABLE KEYS */;
INSERT INTO `posts_translations` VALUES ('vi',1,'4 Lời khuyên của Chuyên gia về Cách Chọn Ví Nam Phù hợp','Bạn nên chú ý hơn khi chọn ví. Có rất nhiều trong số chúng trên thị trường với các mẫu mã và phong cách khác nhau. Khi bạn lựa chọn cẩn thận, bạn sẽ có thể mua một chiếc ví phù hợp với nhu cầu của bạn. Chưa kể nó sẽ giúp nâng tầm phong cách của bạn một cách đáng kể.','<p>I have seen many people underestimating the power of their wallets. To them, they are just a functional item they use to carry. As a result, they often end up with the wallets which are not really suitable for them.</p>\n\n<p>You should pay more attention when you choose your wallets. There are a lot of them on the market with the different designs and styles. When you choose carefully, you would be able to buy a wallet that is catered to your needs. Not to mention that it will help to enhance your style significantly.</p>\n\n<p style=\"text-align:center;\"><img alt=\"f4\" src=\"/storage/news/1.jpg\"></p>\n\n<p><br>\n </p>\n\n<p><strong><em>For all of the reason above, here are 7 expert tips to help you pick up the right men’s wallet for you:</em></strong></p>\n\n<h4><strong>Number 1: Choose A Neat Wallet</strong></h4>\n\n<p>The wallet is an essential accessory that you should go simple. Simplicity is the best in this case. A simple and neat wallet with the plain color and even <strong>minimalist style</strong> is versatile. It can be used for both formal and casual events. In addition, that wallet will go well with most of the clothes in your wardrobe.</p>\n\n<p>Keep in mind that a wallet will tell other people about your personality and your fashion sense as much as other clothes you put on. Hence, don’t go cheesy on your wallet or else people will think that you have a funny and particular style.</p>\n\n<p style=\"text-align:center;\"><img alt=\"f5\" src=\"/storage/news/2.jpg\"></p>\n\n<p><br>\n </p>\n<hr>\n<h4><strong>Number 2: Choose The Right Size For Your Wallet</strong></h4>\n\n<p>You should avoid having an over-sized wallet. Don’t think that you need to buy a big wallet because you have a lot to carry with you. In addition, a fat wallet is very ugly. It will make it harder for you to slide the wallet into your trousers’ pocket. In addition, it will create a bulge and ruin your look.</p>\n\n<p>Before you go on to buy a new wallet, clean out your wallet and place all of the items from your wallet on a table. Throw away things that you would never need any more such as the old bills or the expired gift cards. Remember to check your wallet on a frequent basis to get rid of all of the old stuff that you don’t need anymore.</p>\n\n<p style=\"text-align:center;\"><img alt=\"f1\" src=\"/storage/news/3.jpg\"></p>\n\n<p><br>\n </p>\n\n<hr>\n<h4><strong>Number 3: Don’t Limit Your Options Of Materials</strong></h4>\n\n<p>The types and designs of wallets are not the only things that you should consider when you go out searching for your best wallet. You have more than 1 option of material rather than leather to choose from as well.</p>\n\n<p>You can experiment with other available options such as cotton, polyester and canvas. They all have their own pros and cons. As a result, they will be suitable for different needs and requirements. You should think about them all in order to choose the material which you would like the most.</p>\n\n<p style=\"text-align:center;\"><img alt=\"f6\" height=\"375\" src=\"/storage/news/4.jpg\"></p>\n\n<p><br>\n </p>\n\n<hr>\n<h4><strong>Number 4: Consider A Wallet As A Long Term Investment</strong></h4>\n\n<p>Your wallet is indeed an investment that you should consider spending a decent amount of time and effort on it. Another factor that you need to consider is how much you want to spend on your wallet. The price ranges of wallets on the market vary a great deal. You can find a wallet which is as cheap as about 5 to 7 dollars. On the other hand, you should expect to pay around 250 to 300 dollars for a high-quality wallet.</p>\n\n<p>In case you need a wallet to use for a long time, it is a good idea that you should invest a decent amount of money on a wallet. A high quality wallet from a reputational brand with the premium quality such as cowhide leather will last for a long time. In addition, it is an accessory to show off your fashion sense and your social status.</p>\n\n<p style=\"text-align:center;\"><img alt=\"f2\" height=\"400\" src=\"/storage/news/5.jpg\"></p>\n\n<p> </p>\n'),('vi',2,'Sexy Clutches: Cách Mua & Đeo Túi Clutch Thiết kế','Bạn nên chú ý hơn khi chọn ví. Có rất nhiều trong số chúng trên thị trường với các mẫu mã và phong cách khác nhau. Khi bạn lựa chọn cẩn thận, bạn sẽ có thể mua một chiếc ví phù hợp với nhu cầu của bạn. Chưa kể nó sẽ giúp nâng tầm phong cách của bạn một cách đáng kể.','<p>I have seen many people underestimating the power of their wallets. To them, they are just a functional item they use to carry. As a result, they often end up with the wallets which are not really suitable for them.</p>\n\n<p>You should pay more attention when you choose your wallets. There are a lot of them on the market with the different designs and styles. When you choose carefully, you would be able to buy a wallet that is catered to your needs. Not to mention that it will help to enhance your style significantly.</p>\n\n<p style=\"text-align:center;\"><img alt=\"f4\" src=\"/storage/news/1.jpg\"></p>\n\n<p><br>\n </p>\n\n<p><strong><em>For all of the reason above, here are 7 expert tips to help you pick up the right men’s wallet for you:</em></strong></p>\n\n<h4><strong>Number 1: Choose A Neat Wallet</strong></h4>\n\n<p>The wallet is an essential accessory that you should go simple. Simplicity is the best in this case. A simple and neat wallet with the plain color and even <strong>minimalist style</strong> is versatile. It can be used for both formal and casual events. In addition, that wallet will go well with most of the clothes in your wardrobe.</p>\n\n<p>Keep in mind that a wallet will tell other people about your personality and your fashion sense as much as other clothes you put on. Hence, don’t go cheesy on your wallet or else people will think that you have a funny and particular style.</p>\n\n<p style=\"text-align:center;\"><img alt=\"f5\" src=\"/storage/news/2.jpg\"></p>\n\n<p><br>\n </p>\n<hr>\n<h4><strong>Number 2: Choose The Right Size For Your Wallet</strong></h4>\n\n<p>You should avoid having an over-sized wallet. Don’t think that you need to buy a big wallet because you have a lot to carry with you. In addition, a fat wallet is very ugly. It will make it harder for you to slide the wallet into your trousers’ pocket. In addition, it will create a bulge and ruin your look.</p>\n\n<p>Before you go on to buy a new wallet, clean out your wallet and place all of the items from your wallet on a table. Throw away things that you would never need any more such as the old bills or the expired gift cards. Remember to check your wallet on a frequent basis to get rid of all of the old stuff that you don’t need anymore.</p>\n\n<p style=\"text-align:center;\"><img alt=\"f1\" src=\"/storage/news/3.jpg\"></p>\n\n<p><br>\n </p>\n\n<hr>\n<h4><strong>Number 3: Don’t Limit Your Options Of Materials</strong></h4>\n\n<p>The types and designs of wallets are not the only things that you should consider when you go out searching for your best wallet. You have more than 1 option of material rather than leather to choose from as well.</p>\n\n<p>You can experiment with other available options such as cotton, polyester and canvas. They all have their own pros and cons. As a result, they will be suitable for different needs and requirements. You should think about them all in order to choose the material which you would like the most.</p>\n\n<p style=\"text-align:center;\"><img alt=\"f6\" height=\"375\" src=\"/storage/news/4.jpg\"></p>\n\n<p><br>\n </p>\n\n<hr>\n<h4><strong>Number 4: Consider A Wallet As A Long Term Investment</strong></h4>\n\n<p>Your wallet is indeed an investment that you should consider spending a decent amount of time and effort on it. Another factor that you need to consider is how much you want to spend on your wallet. The price ranges of wallets on the market vary a great deal. You can find a wallet which is as cheap as about 5 to 7 dollars. On the other hand, you should expect to pay around 250 to 300 dollars for a high-quality wallet.</p>\n\n<p>In case you need a wallet to use for a long time, it is a good idea that you should invest a decent amount of money on a wallet. A high quality wallet from a reputational brand with the premium quality such as cowhide leather will last for a long time. In addition, it is an accessory to show off your fashion sense and your social status.</p>\n\n<p style=\"text-align:center;\"><img alt=\"f2\" height=\"400\" src=\"/storage/news/5.jpg\"></p>\n\n<p> </p>\n'),('vi',3,'Xu hướng túi xách hàng đầu năm 2020 cần biết','Bạn nên chú ý hơn khi chọn ví. Có rất nhiều trong số chúng trên thị trường với các mẫu mã và phong cách khác nhau. Khi bạn lựa chọn cẩn thận, bạn sẽ có thể mua một chiếc ví phù hợp với nhu cầu của bạn. Chưa kể nó sẽ giúp nâng tầm phong cách của bạn một cách đáng kể.','<p>I have seen many people underestimating the power of their wallets. To them, they are just a functional item they use to carry. As a result, they often end up with the wallets which are not really suitable for them.</p>\n\n<p>You should pay more attention when you choose your wallets. There are a lot of them on the market with the different designs and styles. When you choose carefully, you would be able to buy a wallet that is catered to your needs. Not to mention that it will help to enhance your style significantly.</p>\n\n<p style=\"text-align:center;\"><img alt=\"f4\" src=\"/storage/news/1.jpg\"></p>\n\n<p><br>\n </p>\n\n<p><strong><em>For all of the reason above, here are 7 expert tips to help you pick up the right men’s wallet for you:</em></strong></p>\n\n<h4><strong>Number 1: Choose A Neat Wallet</strong></h4>\n\n<p>The wallet is an essential accessory that you should go simple. Simplicity is the best in this case. A simple and neat wallet with the plain color and even <strong>minimalist style</strong> is versatile. It can be used for both formal and casual events. In addition, that wallet will go well with most of the clothes in your wardrobe.</p>\n\n<p>Keep in mind that a wallet will tell other people about your personality and your fashion sense as much as other clothes you put on. Hence, don’t go cheesy on your wallet or else people will think that you have a funny and particular style.</p>\n\n<p style=\"text-align:center;\"><img alt=\"f5\" src=\"/storage/news/2.jpg\"></p>\n\n<p><br>\n </p>\n<hr>\n<h4><strong>Number 2: Choose The Right Size For Your Wallet</strong></h4>\n\n<p>You should avoid having an over-sized wallet. Don’t think that you need to buy a big wallet because you have a lot to carry with you. In addition, a fat wallet is very ugly. It will make it harder for you to slide the wallet into your trousers’ pocket. In addition, it will create a bulge and ruin your look.</p>\n\n<p>Before you go on to buy a new wallet, clean out your wallet and place all of the items from your wallet on a table. Throw away things that you would never need any more such as the old bills or the expired gift cards. Remember to check your wallet on a frequent basis to get rid of all of the old stuff that you don’t need anymore.</p>\n\n<p style=\"text-align:center;\"><img alt=\"f1\" src=\"/storage/news/3.jpg\"></p>\n\n<p><br>\n </p>\n\n<hr>\n<h4><strong>Number 3: Don’t Limit Your Options Of Materials</strong></h4>\n\n<p>The types and designs of wallets are not the only things that you should consider when you go out searching for your best wallet. You have more than 1 option of material rather than leather to choose from as well.</p>\n\n<p>You can experiment with other available options such as cotton, polyester and canvas. They all have their own pros and cons. As a result, they will be suitable for different needs and requirements. You should think about them all in order to choose the material which you would like the most.</p>\n\n<p style=\"text-align:center;\"><img alt=\"f6\" height=\"375\" src=\"/storage/news/4.jpg\"></p>\n\n<p><br>\n </p>\n\n<hr>\n<h4><strong>Number 4: Consider A Wallet As A Long Term Investment</strong></h4>\n\n<p>Your wallet is indeed an investment that you should consider spending a decent amount of time and effort on it. Another factor that you need to consider is how much you want to spend on your wallet. The price ranges of wallets on the market vary a great deal. You can find a wallet which is as cheap as about 5 to 7 dollars. On the other hand, you should expect to pay around 250 to 300 dollars for a high-quality wallet.</p>\n\n<p>In case you need a wallet to use for a long time, it is a good idea that you should invest a decent amount of money on a wallet. A high quality wallet from a reputational brand with the premium quality such as cowhide leather will last for a long time. In addition, it is an accessory to show off your fashion sense and your social status.</p>\n\n<p style=\"text-align:center;\"><img alt=\"f2\" height=\"400\" src=\"/storage/news/5.jpg\"></p>\n\n<p> </p>\n'),('vi',4,'Cách Phối Màu Túi Xách Của Bạn Với Trang Phục','Bạn nên chú ý hơn khi chọn ví. Có rất nhiều trong số chúng trên thị trường với các mẫu mã và phong cách khác nhau. Khi bạn lựa chọn cẩn thận, bạn sẽ có thể mua một chiếc ví phù hợp với nhu cầu của bạn. Chưa kể nó sẽ giúp nâng tầm phong cách của bạn một cách đáng kể.','<p>I have seen many people underestimating the power of their wallets. To them, they are just a functional item they use to carry. As a result, they often end up with the wallets which are not really suitable for them.</p>\n\n<p>You should pay more attention when you choose your wallets. There are a lot of them on the market with the different designs and styles. When you choose carefully, you would be able to buy a wallet that is catered to your needs. Not to mention that it will help to enhance your style significantly.</p>\n\n<p style=\"text-align:center;\"><img alt=\"f4\" src=\"/storage/news/1.jpg\"></p>\n\n<p><br>\n </p>\n\n<p><strong><em>For all of the reason above, here are 7 expert tips to help you pick up the right men’s wallet for you:</em></strong></p>\n\n<h4><strong>Number 1: Choose A Neat Wallet</strong></h4>\n\n<p>The wallet is an essential accessory that you should go simple. Simplicity is the best in this case. A simple and neat wallet with the plain color and even <strong>minimalist style</strong> is versatile. It can be used for both formal and casual events. In addition, that wallet will go well with most of the clothes in your wardrobe.</p>\n\n<p>Keep in mind that a wallet will tell other people about your personality and your fashion sense as much as other clothes you put on. Hence, don’t go cheesy on your wallet or else people will think that you have a funny and particular style.</p>\n\n<p style=\"text-align:center;\"><img alt=\"f5\" src=\"/storage/news/2.jpg\"></p>\n\n<p><br>\n </p>\n<hr>\n<h4><strong>Number 2: Choose The Right Size For Your Wallet</strong></h4>\n\n<p>You should avoid having an over-sized wallet. Don’t think that you need to buy a big wallet because you have a lot to carry with you. In addition, a fat wallet is very ugly. It will make it harder for you to slide the wallet into your trousers’ pocket. In addition, it will create a bulge and ruin your look.</p>\n\n<p>Before you go on to buy a new wallet, clean out your wallet and place all of the items from your wallet on a table. Throw away things that you would never need any more such as the old bills or the expired gift cards. Remember to check your wallet on a frequent basis to get rid of all of the old stuff that you don’t need anymore.</p>\n\n<p style=\"text-align:center;\"><img alt=\"f1\" src=\"/storage/news/3.jpg\"></p>\n\n<p><br>\n </p>\n\n<hr>\n<h4><strong>Number 3: Don’t Limit Your Options Of Materials</strong></h4>\n\n<p>The types and designs of wallets are not the only things that you should consider when you go out searching for your best wallet. You have more than 1 option of material rather than leather to choose from as well.</p>\n\n<p>You can experiment with other available options such as cotton, polyester and canvas. They all have their own pros and cons. As a result, they will be suitable for different needs and requirements. You should think about them all in order to choose the material which you would like the most.</p>\n\n<p style=\"text-align:center;\"><img alt=\"f6\" height=\"375\" src=\"/storage/news/4.jpg\"></p>\n\n<p><br>\n </p>\n\n<hr>\n<h4><strong>Number 4: Consider A Wallet As A Long Term Investment</strong></h4>\n\n<p>Your wallet is indeed an investment that you should consider spending a decent amount of time and effort on it. Another factor that you need to consider is how much you want to spend on your wallet. The price ranges of wallets on the market vary a great deal. You can find a wallet which is as cheap as about 5 to 7 dollars. On the other hand, you should expect to pay around 250 to 300 dollars for a high-quality wallet.</p>\n\n<p>In case you need a wallet to use for a long time, it is a good idea that you should invest a decent amount of money on a wallet. A high quality wallet from a reputational brand with the premium quality such as cowhide leather will last for a long time. In addition, it is an accessory to show off your fashion sense and your social status.</p>\n\n<p style=\"text-align:center;\"><img alt=\"f2\" height=\"400\" src=\"/storage/news/5.jpg\"></p>\n\n<p> </p>\n'),('vi',5,'Cách Chăm sóc Túi Da','Bạn nên chú ý hơn khi chọn ví. Có rất nhiều trong số chúng trên thị trường với các mẫu mã và phong cách khác nhau. Khi bạn lựa chọn cẩn thận, bạn sẽ có thể mua một chiếc ví phù hợp với nhu cầu của bạn. Chưa kể nó sẽ giúp nâng tầm phong cách của bạn một cách đáng kể.','<p>I have seen many people underestimating the power of their wallets. To them, they are just a functional item they use to carry. As a result, they often end up with the wallets which are not really suitable for them.</p>\n\n<p>You should pay more attention when you choose your wallets. There are a lot of them on the market with the different designs and styles. When you choose carefully, you would be able to buy a wallet that is catered to your needs. Not to mention that it will help to enhance your style significantly.</p>\n\n<p style=\"text-align:center;\"><img alt=\"f4\" src=\"/storage/news/1.jpg\"></p>\n\n<p><br>\n </p>\n\n<p><strong><em>For all of the reason above, here are 7 expert tips to help you pick up the right men’s wallet for you:</em></strong></p>\n\n<h4><strong>Number 1: Choose A Neat Wallet</strong></h4>\n\n<p>The wallet is an essential accessory that you should go simple. Simplicity is the best in this case. A simple and neat wallet with the plain color and even <strong>minimalist style</strong> is versatile. It can be used for both formal and casual events. In addition, that wallet will go well with most of the clothes in your wardrobe.</p>\n\n<p>Keep in mind that a wallet will tell other people about your personality and your fashion sense as much as other clothes you put on. Hence, don’t go cheesy on your wallet or else people will think that you have a funny and particular style.</p>\n\n<p style=\"text-align:center;\"><img alt=\"f5\" src=\"/storage/news/2.jpg\"></p>\n\n<p><br>\n </p>\n<hr>\n<h4><strong>Number 2: Choose The Right Size For Your Wallet</strong></h4>\n\n<p>You should avoid having an over-sized wallet. Don’t think that you need to buy a big wallet because you have a lot to carry with you. In addition, a fat wallet is very ugly. It will make it harder for you to slide the wallet into your trousers’ pocket. In addition, it will create a bulge and ruin your look.</p>\n\n<p>Before you go on to buy a new wallet, clean out your wallet and place all of the items from your wallet on a table. Throw away things that you would never need any more such as the old bills or the expired gift cards. Remember to check your wallet on a frequent basis to get rid of all of the old stuff that you don’t need anymore.</p>\n\n<p style=\"text-align:center;\"><img alt=\"f1\" src=\"/storage/news/3.jpg\"></p>\n\n<p><br>\n </p>\n\n<hr>\n<h4><strong>Number 3: Don’t Limit Your Options Of Materials</strong></h4>\n\n<p>The types and designs of wallets are not the only things that you should consider when you go out searching for your best wallet. You have more than 1 option of material rather than leather to choose from as well.</p>\n\n<p>You can experiment with other available options such as cotton, polyester and canvas. They all have their own pros and cons. As a result, they will be suitable for different needs and requirements. You should think about them all in order to choose the material which you would like the most.</p>\n\n<p style=\"text-align:center;\"><img alt=\"f6\" height=\"375\" src=\"/storage/news/4.jpg\"></p>\n\n<p><br>\n </p>\n\n<hr>\n<h4><strong>Number 4: Consider A Wallet As A Long Term Investment</strong></h4>\n\n<p>Your wallet is indeed an investment that you should consider spending a decent amount of time and effort on it. Another factor that you need to consider is how much you want to spend on your wallet. The price ranges of wallets on the market vary a great deal. You can find a wallet which is as cheap as about 5 to 7 dollars. On the other hand, you should expect to pay around 250 to 300 dollars for a high-quality wallet.</p>\n\n<p>In case you need a wallet to use for a long time, it is a good idea that you should invest a decent amount of money on a wallet. A high quality wallet from a reputational brand with the premium quality such as cowhide leather will last for a long time. In addition, it is an accessory to show off your fashion sense and your social status.</p>\n\n<p style=\"text-align:center;\"><img alt=\"f2\" height=\"400\" src=\"/storage/news/5.jpg\"></p>\n\n<p> </p>\n'),('vi',6,'Chúng tôi đang nghiền ngẫm 10 xu hướng túi lớn nhất của mùa hè','Bạn nên chú ý hơn khi chọn ví. Có rất nhiều trong số chúng trên thị trường với các mẫu mã và phong cách khác nhau. Khi bạn lựa chọn cẩn thận, bạn sẽ có thể mua một chiếc ví phù hợp với nhu cầu của bạn. Chưa kể nó sẽ giúp nâng tầm phong cách của bạn một cách đáng kể.','<p>I have seen many people underestimating the power of their wallets. To them, they are just a functional item they use to carry. As a result, they often end up with the wallets which are not really suitable for them.</p>\n\n<p>You should pay more attention when you choose your wallets. There are a lot of them on the market with the different designs and styles. When you choose carefully, you would be able to buy a wallet that is catered to your needs. Not to mention that it will help to enhance your style significantly.</p>\n\n<p style=\"text-align:center;\"><img alt=\"f4\" src=\"/storage/news/1.jpg\"></p>\n\n<p><br>\n </p>\n\n<p><strong><em>For all of the reason above, here are 7 expert tips to help you pick up the right men’s wallet for you:</em></strong></p>\n\n<h4><strong>Number 1: Choose A Neat Wallet</strong></h4>\n\n<p>The wallet is an essential accessory that you should go simple. Simplicity is the best in this case. A simple and neat wallet with the plain color and even <strong>minimalist style</strong> is versatile. It can be used for both formal and casual events. In addition, that wallet will go well with most of the clothes in your wardrobe.</p>\n\n<p>Keep in mind that a wallet will tell other people about your personality and your fashion sense as much as other clothes you put on. Hence, don’t go cheesy on your wallet or else people will think that you have a funny and particular style.</p>\n\n<p style=\"text-align:center;\"><img alt=\"f5\" src=\"/storage/news/2.jpg\"></p>\n\n<p><br>\n </p>\n<hr>\n<h4><strong>Number 2: Choose The Right Size For Your Wallet</strong></h4>\n\n<p>You should avoid having an over-sized wallet. Don’t think that you need to buy a big wallet because you have a lot to carry with you. In addition, a fat wallet is very ugly. It will make it harder for you to slide the wallet into your trousers’ pocket. In addition, it will create a bulge and ruin your look.</p>\n\n<p>Before you go on to buy a new wallet, clean out your wallet and place all of the items from your wallet on a table. Throw away things that you would never need any more such as the old bills or the expired gift cards. Remember to check your wallet on a frequent basis to get rid of all of the old stuff that you don’t need anymore.</p>\n\n<p style=\"text-align:center;\"><img alt=\"f1\" src=\"/storage/news/3.jpg\"></p>\n\n<p><br>\n </p>\n\n<hr>\n<h4><strong>Number 3: Don’t Limit Your Options Of Materials</strong></h4>\n\n<p>The types and designs of wallets are not the only things that you should consider when you go out searching for your best wallet. You have more than 1 option of material rather than leather to choose from as well.</p>\n\n<p>You can experiment with other available options such as cotton, polyester and canvas. They all have their own pros and cons. As a result, they will be suitable for different needs and requirements. You should think about them all in order to choose the material which you would like the most.</p>\n\n<p style=\"text-align:center;\"><img alt=\"f6\" height=\"375\" src=\"/storage/news/4.jpg\"></p>\n\n<p><br>\n </p>\n\n<hr>\n<h4><strong>Number 4: Consider A Wallet As A Long Term Investment</strong></h4>\n\n<p>Your wallet is indeed an investment that you should consider spending a decent amount of time and effort on it. Another factor that you need to consider is how much you want to spend on your wallet. The price ranges of wallets on the market vary a great deal. You can find a wallet which is as cheap as about 5 to 7 dollars. On the other hand, you should expect to pay around 250 to 300 dollars for a high-quality wallet.</p>\n\n<p>In case you need a wallet to use for a long time, it is a good idea that you should invest a decent amount of money on a wallet. A high quality wallet from a reputational brand with the premium quality such as cowhide leather will last for a long time. In addition, it is an accessory to show off your fashion sense and your social status.</p>\n\n<p style=\"text-align:center;\"><img alt=\"f2\" height=\"400\" src=\"/storage/news/5.jpg\"></p>\n\n<p> </p>\n'),('vi',7,'Những phẩm chất cần thiết của âm nhạc thành công cao','Bạn nên chú ý hơn khi chọn ví. Có rất nhiều trong số chúng trên thị trường với các mẫu mã và phong cách khác nhau. Khi bạn lựa chọn cẩn thận, bạn sẽ có thể mua một chiếc ví phù hợp với nhu cầu của bạn. Chưa kể nó sẽ giúp nâng tầm phong cách của bạn một cách đáng kể.','<p>I have seen many people underestimating the power of their wallets. To them, they are just a functional item they use to carry. As a result, they often end up with the wallets which are not really suitable for them.</p>\n\n<p>You should pay more attention when you choose your wallets. There are a lot of them on the market with the different designs and styles. When you choose carefully, you would be able to buy a wallet that is catered to your needs. Not to mention that it will help to enhance your style significantly.</p>\n\n<p style=\"text-align:center;\"><img alt=\"f4\" src=\"/storage/news/1.jpg\"></p>\n\n<p><br>\n </p>\n\n<p><strong><em>For all of the reason above, here are 7 expert tips to help you pick up the right men’s wallet for you:</em></strong></p>\n\n<h4><strong>Number 1: Choose A Neat Wallet</strong></h4>\n\n<p>The wallet is an essential accessory that you should go simple. Simplicity is the best in this case. A simple and neat wallet with the plain color and even <strong>minimalist style</strong> is versatile. It can be used for both formal and casual events. In addition, that wallet will go well with most of the clothes in your wardrobe.</p>\n\n<p>Keep in mind that a wallet will tell other people about your personality and your fashion sense as much as other clothes you put on. Hence, don’t go cheesy on your wallet or else people will think that you have a funny and particular style.</p>\n\n<p style=\"text-align:center;\"><img alt=\"f5\" src=\"/storage/news/2.jpg\"></p>\n\n<p><br>\n </p>\n<hr>\n<h4><strong>Number 2: Choose The Right Size For Your Wallet</strong></h4>\n\n<p>You should avoid having an over-sized wallet. Don’t think that you need to buy a big wallet because you have a lot to carry with you. In addition, a fat wallet is very ugly. It will make it harder for you to slide the wallet into your trousers’ pocket. In addition, it will create a bulge and ruin your look.</p>\n\n<p>Before you go on to buy a new wallet, clean out your wallet and place all of the items from your wallet on a table. Throw away things that you would never need any more such as the old bills or the expired gift cards. Remember to check your wallet on a frequent basis to get rid of all of the old stuff that you don’t need anymore.</p>\n\n<p style=\"text-align:center;\"><img alt=\"f1\" src=\"/storage/news/3.jpg\"></p>\n\n<p><br>\n </p>\n\n<hr>\n<h4><strong>Number 3: Don’t Limit Your Options Of Materials</strong></h4>\n\n<p>The types and designs of wallets are not the only things that you should consider when you go out searching for your best wallet. You have more than 1 option of material rather than leather to choose from as well.</p>\n\n<p>You can experiment with other available options such as cotton, polyester and canvas. They all have their own pros and cons. As a result, they will be suitable for different needs and requirements. You should think about them all in order to choose the material which you would like the most.</p>\n\n<p style=\"text-align:center;\"><img alt=\"f6\" height=\"375\" src=\"/storage/news/4.jpg\"></p>\n\n<p><br>\n </p>\n\n<hr>\n<h4><strong>Number 4: Consider A Wallet As A Long Term Investment</strong></h4>\n\n<p>Your wallet is indeed an investment that you should consider spending a decent amount of time and effort on it. Another factor that you need to consider is how much you want to spend on your wallet. The price ranges of wallets on the market vary a great deal. You can find a wallet which is as cheap as about 5 to 7 dollars. On the other hand, you should expect to pay around 250 to 300 dollars for a high-quality wallet.</p>\n\n<p>In case you need a wallet to use for a long time, it is a good idea that you should invest a decent amount of money on a wallet. A high quality wallet from a reputational brand with the premium quality such as cowhide leather will last for a long time. In addition, it is an accessory to show off your fashion sense and your social status.</p>\n\n<p style=\"text-align:center;\"><img alt=\"f2\" height=\"400\" src=\"/storage/news/5.jpg\"></p>\n\n<p> </p>\n'),('vi',8,'9 điều tôi thích khi cạo đầu','Bạn nên chú ý hơn khi chọn ví. Có rất nhiều trong số chúng trên thị trường với các mẫu mã và phong cách khác nhau. Khi bạn lựa chọn cẩn thận, bạn sẽ có thể mua một chiếc ví phù hợp với nhu cầu của bạn. Chưa kể nó sẽ giúp nâng tầm phong cách của bạn một cách đáng kể.','<p>I have seen many people underestimating the power of their wallets. To them, they are just a functional item they use to carry. As a result, they often end up with the wallets which are not really suitable for them.</p>\n\n<p>You should pay more attention when you choose your wallets. There are a lot of them on the market with the different designs and styles. When you choose carefully, you would be able to buy a wallet that is catered to your needs. Not to mention that it will help to enhance your style significantly.</p>\n\n<p style=\"text-align:center;\"><img alt=\"f4\" src=\"/storage/news/1.jpg\"></p>\n\n<p><br>\n </p>\n\n<p><strong><em>For all of the reason above, here are 7 expert tips to help you pick up the right men’s wallet for you:</em></strong></p>\n\n<h4><strong>Number 1: Choose A Neat Wallet</strong></h4>\n\n<p>The wallet is an essential accessory that you should go simple. Simplicity is the best in this case. A simple and neat wallet with the plain color and even <strong>minimalist style</strong> is versatile. It can be used for both formal and casual events. In addition, that wallet will go well with most of the clothes in your wardrobe.</p>\n\n<p>Keep in mind that a wallet will tell other people about your personality and your fashion sense as much as other clothes you put on. Hence, don’t go cheesy on your wallet or else people will think that you have a funny and particular style.</p>\n\n<p style=\"text-align:center;\"><img alt=\"f5\" src=\"/storage/news/2.jpg\"></p>\n\n<p><br>\n </p>\n<hr>\n<h4><strong>Number 2: Choose The Right Size For Your Wallet</strong></h4>\n\n<p>You should avoid having an over-sized wallet. Don’t think that you need to buy a big wallet because you have a lot to carry with you. In addition, a fat wallet is very ugly. It will make it harder for you to slide the wallet into your trousers’ pocket. In addition, it will create a bulge and ruin your look.</p>\n\n<p>Before you go on to buy a new wallet, clean out your wallet and place all of the items from your wallet on a table. Throw away things that you would never need any more such as the old bills or the expired gift cards. Remember to check your wallet on a frequent basis to get rid of all of the old stuff that you don’t need anymore.</p>\n\n<p style=\"text-align:center;\"><img alt=\"f1\" src=\"/storage/news/3.jpg\"></p>\n\n<p><br>\n </p>\n\n<hr>\n<h4><strong>Number 3: Don’t Limit Your Options Of Materials</strong></h4>\n\n<p>The types and designs of wallets are not the only things that you should consider when you go out searching for your best wallet. You have more than 1 option of material rather than leather to choose from as well.</p>\n\n<p>You can experiment with other available options such as cotton, polyester and canvas. They all have their own pros and cons. As a result, they will be suitable for different needs and requirements. You should think about them all in order to choose the material which you would like the most.</p>\n\n<p style=\"text-align:center;\"><img alt=\"f6\" height=\"375\" src=\"/storage/news/4.jpg\"></p>\n\n<p><br>\n </p>\n\n<hr>\n<h4><strong>Number 4: Consider A Wallet As A Long Term Investment</strong></h4>\n\n<p>Your wallet is indeed an investment that you should consider spending a decent amount of time and effort on it. Another factor that you need to consider is how much you want to spend on your wallet. The price ranges of wallets on the market vary a great deal. You can find a wallet which is as cheap as about 5 to 7 dollars. On the other hand, you should expect to pay around 250 to 300 dollars for a high-quality wallet.</p>\n\n<p>In case you need a wallet to use for a long time, it is a good idea that you should invest a decent amount of money on a wallet. A high quality wallet from a reputational brand with the premium quality such as cowhide leather will last for a long time. In addition, it is an accessory to show off your fashion sense and your social status.</p>\n\n<p style=\"text-align:center;\"><img alt=\"f2\" height=\"400\" src=\"/storage/news/5.jpg\"></p>\n\n<p> </p>\n'),('vi',9,'Tại sao làm việc theo nhóm thực sự biến giấc mơ thành công','Bạn nên chú ý hơn khi chọn ví. Có rất nhiều trong số chúng trên thị trường với các mẫu mã và phong cách khác nhau. Khi bạn lựa chọn cẩn thận, bạn sẽ có thể mua một chiếc ví phù hợp với nhu cầu của bạn. Chưa kể nó sẽ giúp nâng tầm phong cách của bạn một cách đáng kể.','<p>I have seen many people underestimating the power of their wallets. To them, they are just a functional item they use to carry. As a result, they often end up with the wallets which are not really suitable for them.</p>\n\n<p>You should pay more attention when you choose your wallets. There are a lot of them on the market with the different designs and styles. When you choose carefully, you would be able to buy a wallet that is catered to your needs. Not to mention that it will help to enhance your style significantly.</p>\n\n<p style=\"text-align:center;\"><img alt=\"f4\" src=\"/storage/news/1.jpg\"></p>\n\n<p><br>\n </p>\n\n<p><strong><em>For all of the reason above, here are 7 expert tips to help you pick up the right men’s wallet for you:</em></strong></p>\n\n<h4><strong>Number 1: Choose A Neat Wallet</strong></h4>\n\n<p>The wallet is an essential accessory that you should go simple. Simplicity is the best in this case. A simple and neat wallet with the plain color and even <strong>minimalist style</strong> is versatile. It can be used for both formal and casual events. In addition, that wallet will go well with most of the clothes in your wardrobe.</p>\n\n<p>Keep in mind that a wallet will tell other people about your personality and your fashion sense as much as other clothes you put on. Hence, don’t go cheesy on your wallet or else people will think that you have a funny and particular style.</p>\n\n<p style=\"text-align:center;\"><img alt=\"f5\" src=\"/storage/news/2.jpg\"></p>\n\n<p><br>\n </p>\n<hr>\n<h4><strong>Number 2: Choose The Right Size For Your Wallet</strong></h4>\n\n<p>You should avoid having an over-sized wallet. Don’t think that you need to buy a big wallet because you have a lot to carry with you. In addition, a fat wallet is very ugly. It will make it harder for you to slide the wallet into your trousers’ pocket. In addition, it will create a bulge and ruin your look.</p>\n\n<p>Before you go on to buy a new wallet, clean out your wallet and place all of the items from your wallet on a table. Throw away things that you would never need any more such as the old bills or the expired gift cards. Remember to check your wallet on a frequent basis to get rid of all of the old stuff that you don’t need anymore.</p>\n\n<p style=\"text-align:center;\"><img alt=\"f1\" src=\"/storage/news/3.jpg\"></p>\n\n<p><br>\n </p>\n\n<hr>\n<h4><strong>Number 3: Don’t Limit Your Options Of Materials</strong></h4>\n\n<p>The types and designs of wallets are not the only things that you should consider when you go out searching for your best wallet. You have more than 1 option of material rather than leather to choose from as well.</p>\n\n<p>You can experiment with other available options such as cotton, polyester and canvas. They all have their own pros and cons. As a result, they will be suitable for different needs and requirements. You should think about them all in order to choose the material which you would like the most.</p>\n\n<p style=\"text-align:center;\"><img alt=\"f6\" height=\"375\" src=\"/storage/news/4.jpg\"></p>\n\n<p><br>\n </p>\n\n<hr>\n<h4><strong>Number 4: Consider A Wallet As A Long Term Investment</strong></h4>\n\n<p>Your wallet is indeed an investment that you should consider spending a decent amount of time and effort on it. Another factor that you need to consider is how much you want to spend on your wallet. The price ranges of wallets on the market vary a great deal. You can find a wallet which is as cheap as about 5 to 7 dollars. On the other hand, you should expect to pay around 250 to 300 dollars for a high-quality wallet.</p>\n\n<p>In case you need a wallet to use for a long time, it is a good idea that you should invest a decent amount of money on a wallet. A high quality wallet from a reputational brand with the premium quality such as cowhide leather will last for a long time. In addition, it is an accessory to show off your fashion sense and your social status.</p>\n\n<p style=\"text-align:center;\"><img alt=\"f2\" height=\"400\" src=\"/storage/news/5.jpg\"></p>\n\n<p> </p>\n'),('vi',10,'Thế giới phục vụ cho những người trung bình','Bạn nên chú ý hơn khi chọn ví. Có rất nhiều trong số chúng trên thị trường với các mẫu mã và phong cách khác nhau. Khi bạn lựa chọn cẩn thận, bạn sẽ có thể mua một chiếc ví phù hợp với nhu cầu của bạn. Chưa kể nó sẽ giúp nâng tầm phong cách của bạn một cách đáng kể.','<p>I have seen many people underestimating the power of their wallets. To them, they are just a functional item they use to carry. As a result, they often end up with the wallets which are not really suitable for them.</p>\n\n<p>You should pay more attention when you choose your wallets. There are a lot of them on the market with the different designs and styles. When you choose carefully, you would be able to buy a wallet that is catered to your needs. Not to mention that it will help to enhance your style significantly.</p>\n\n<p style=\"text-align:center;\"><img alt=\"f4\" src=\"/storage/news/1.jpg\"></p>\n\n<p><br>\n </p>\n\n<p><strong><em>For all of the reason above, here are 7 expert tips to help you pick up the right men’s wallet for you:</em></strong></p>\n\n<h4><strong>Number 1: Choose A Neat Wallet</strong></h4>\n\n<p>The wallet is an essential accessory that you should go simple. Simplicity is the best in this case. A simple and neat wallet with the plain color and even <strong>minimalist style</strong> is versatile. It can be used for both formal and casual events. In addition, that wallet will go well with most of the clothes in your wardrobe.</p>\n\n<p>Keep in mind that a wallet will tell other people about your personality and your fashion sense as much as other clothes you put on. Hence, don’t go cheesy on your wallet or else people will think that you have a funny and particular style.</p>\n\n<p style=\"text-align:center;\"><img alt=\"f5\" src=\"/storage/news/2.jpg\"></p>\n\n<p><br>\n </p>\n<hr>\n<h4><strong>Number 2: Choose The Right Size For Your Wallet</strong></h4>\n\n<p>You should avoid having an over-sized wallet. Don’t think that you need to buy a big wallet because you have a lot to carry with you. In addition, a fat wallet is very ugly. It will make it harder for you to slide the wallet into your trousers’ pocket. In addition, it will create a bulge and ruin your look.</p>\n\n<p>Before you go on to buy a new wallet, clean out your wallet and place all of the items from your wallet on a table. Throw away things that you would never need any more such as the old bills or the expired gift cards. Remember to check your wallet on a frequent basis to get rid of all of the old stuff that you don’t need anymore.</p>\n\n<p style=\"text-align:center;\"><img alt=\"f1\" src=\"/storage/news/3.jpg\"></p>\n\n<p><br>\n </p>\n\n<hr>\n<h4><strong>Number 3: Don’t Limit Your Options Of Materials</strong></h4>\n\n<p>The types and designs of wallets are not the only things that you should consider when you go out searching for your best wallet. You have more than 1 option of material rather than leather to choose from as well.</p>\n\n<p>You can experiment with other available options such as cotton, polyester and canvas. They all have their own pros and cons. As a result, they will be suitable for different needs and requirements. You should think about them all in order to choose the material which you would like the most.</p>\n\n<p style=\"text-align:center;\"><img alt=\"f6\" height=\"375\" src=\"/storage/news/4.jpg\"></p>\n\n<p><br>\n </p>\n\n<hr>\n<h4><strong>Number 4: Consider A Wallet As A Long Term Investment</strong></h4>\n\n<p>Your wallet is indeed an investment that you should consider spending a decent amount of time and effort on it. Another factor that you need to consider is how much you want to spend on your wallet. The price ranges of wallets on the market vary a great deal. You can find a wallet which is as cheap as about 5 to 7 dollars. On the other hand, you should expect to pay around 250 to 300 dollars for a high-quality wallet.</p>\n\n<p>In case you need a wallet to use for a long time, it is a good idea that you should invest a decent amount of money on a wallet. A high quality wallet from a reputational brand with the premium quality such as cowhide leather will last for a long time. In addition, it is an accessory to show off your fashion sense and your social status.</p>\n\n<p style=\"text-align:center;\"><img alt=\"f2\" height=\"400\" src=\"/storage/news/5.jpg\"></p>\n\n<p> </p>\n'),('vi',11,'Các đương sự trên màn hình không phải là diễn viên','Bạn nên chú ý hơn khi chọn ví. Có rất nhiều trong số chúng trên thị trường với các mẫu mã và phong cách khác nhau. Khi bạn lựa chọn cẩn thận, bạn sẽ có thể mua một chiếc ví phù hợp với nhu cầu của bạn. Chưa kể nó sẽ giúp nâng tầm phong cách của bạn một cách đáng kể.','<p>I have seen many people underestimating the power of their wallets. To them, they are just a functional item they use to carry. As a result, they often end up with the wallets which are not really suitable for them.</p>\n\n<p>You should pay more attention when you choose your wallets. There are a lot of them on the market with the different designs and styles. When you choose carefully, you would be able to buy a wallet that is catered to your needs. Not to mention that it will help to enhance your style significantly.</p>\n\n<p style=\"text-align:center;\"><img alt=\"f4\" src=\"/storage/news/1.jpg\"></p>\n\n<p><br>\n </p>\n\n<p><strong><em>For all of the reason above, here are 7 expert tips to help you pick up the right men’s wallet for you:</em></strong></p>\n\n<h4><strong>Number 1: Choose A Neat Wallet</strong></h4>\n\n<p>The wallet is an essential accessory that you should go simple. Simplicity is the best in this case. A simple and neat wallet with the plain color and even <strong>minimalist style</strong> is versatile. It can be used for both formal and casual events. In addition, that wallet will go well with most of the clothes in your wardrobe.</p>\n\n<p>Keep in mind that a wallet will tell other people about your personality and your fashion sense as much as other clothes you put on. Hence, don’t go cheesy on your wallet or else people will think that you have a funny and particular style.</p>\n\n<p style=\"text-align:center;\"><img alt=\"f5\" src=\"/storage/news/2.jpg\"></p>\n\n<p><br>\n </p>\n<hr>\n<h4><strong>Number 2: Choose The Right Size For Your Wallet</strong></h4>\n\n<p>You should avoid having an over-sized wallet. Don’t think that you need to buy a big wallet because you have a lot to carry with you. In addition, a fat wallet is very ugly. It will make it harder for you to slide the wallet into your trousers’ pocket. In addition, it will create a bulge and ruin your look.</p>\n\n<p>Before you go on to buy a new wallet, clean out your wallet and place all of the items from your wallet on a table. Throw away things that you would never need any more such as the old bills or the expired gift cards. Remember to check your wallet on a frequent basis to get rid of all of the old stuff that you don’t need anymore.</p>\n\n<p style=\"text-align:center;\"><img alt=\"f1\" src=\"/storage/news/3.jpg\"></p>\n\n<p><br>\n </p>\n\n<hr>\n<h4><strong>Number 3: Don’t Limit Your Options Of Materials</strong></h4>\n\n<p>The types and designs of wallets are not the only things that you should consider when you go out searching for your best wallet. You have more than 1 option of material rather than leather to choose from as well.</p>\n\n<p>You can experiment with other available options such as cotton, polyester and canvas. They all have their own pros and cons. As a result, they will be suitable for different needs and requirements. You should think about them all in order to choose the material which you would like the most.</p>\n\n<p style=\"text-align:center;\"><img alt=\"f6\" height=\"375\" src=\"/storage/news/4.jpg\"></p>\n\n<p><br>\n </p>\n\n<hr>\n<h4><strong>Number 4: Consider A Wallet As A Long Term Investment</strong></h4>\n\n<p>Your wallet is indeed an investment that you should consider spending a decent amount of time and effort on it. Another factor that you need to consider is how much you want to spend on your wallet. The price ranges of wallets on the market vary a great deal. You can find a wallet which is as cheap as about 5 to 7 dollars. On the other hand, you should expect to pay around 250 to 300 dollars for a high-quality wallet.</p>\n\n<p>In case you need a wallet to use for a long time, it is a good idea that you should invest a decent amount of money on a wallet. A high quality wallet from a reputational brand with the premium quality such as cowhide leather will last for a long time. In addition, it is an accessory to show off your fashion sense and your social status.</p>\n\n<p style=\"text-align:center;\"><img alt=\"f2\" height=\"400\" src=\"/storage/news/5.jpg\"></p>\n\n<p> </p>\n');
/*!40000 ALTER TABLE `posts_translations` ENABLE KEYS */;
UNLOCK TABLES;

--
-- Table structure for table `revisions`
--

DROP TABLE IF EXISTS `revisions`;
/*!40101 SET @saved_cs_client     = @@character_set_client */;
/*!50503 SET character_set_client = utf8mb4 */;
CREATE TABLE `revisions` (
  `id` bigint unsigned NOT NULL AUTO_INCREMENT,
  `revisionable_type` varchar(191) COLLATE utf8mb4_unicode_ci NOT NULL,
  `revisionable_id` bigint unsigned NOT NULL,
  `user_id` bigint unsigned DEFAULT NULL,
  `key` varchar(191) COLLATE utf8mb4_unicode_ci NOT NULL,
  `old_value` text COLLATE utf8mb4_unicode_ci,
  `new_value` text COLLATE utf8mb4_unicode_ci,
  `created_at` timestamp NULL DEFAULT NULL,
  `updated_at` timestamp NULL DEFAULT NULL,
  PRIMARY KEY (`id`),
  KEY `revisions_revisionable_id_revisionable_type_index` (`revisionable_id`,`revisionable_type`)
) ENGINE=InnoDB DEFAULT CHARSET=utf8mb4 COLLATE=utf8mb4_unicode_ci;
/*!40101 SET character_set_client = @saved_cs_client */;

--
-- Dumping data for table `revisions`
--

LOCK TABLES `revisions` WRITE;
/*!40000 ALTER TABLE `revisions` DISABLE KEYS */;
/*!40000 ALTER TABLE `revisions` ENABLE KEYS */;
UNLOCK TABLES;

--
-- Table structure for table `role_users`
--

DROP TABLE IF EXISTS `role_users`;
/*!40101 SET @saved_cs_client     = @@character_set_client */;
/*!50503 SET character_set_client = utf8mb4 */;
CREATE TABLE `role_users` (
  `id` bigint unsigned NOT NULL AUTO_INCREMENT,
  `user_id` bigint unsigned NOT NULL,
  `role_id` bigint unsigned NOT NULL,
  `created_at` timestamp NULL DEFAULT NULL,
  `updated_at` timestamp NULL DEFAULT NULL,
  PRIMARY KEY (`id`),
  KEY `role_users_user_id_index` (`user_id`),
  KEY `role_users_role_id_index` (`role_id`)
) ENGINE=InnoDB DEFAULT CHARSET=utf8mb4 COLLATE=utf8mb4_unicode_ci;
/*!40101 SET character_set_client = @saved_cs_client */;

--
-- Dumping data for table `role_users`
--

LOCK TABLES `role_users` WRITE;
/*!40000 ALTER TABLE `role_users` DISABLE KEYS */;
/*!40000 ALTER TABLE `role_users` ENABLE KEYS */;
UNLOCK TABLES;

--
-- Table structure for table `roles`
--

DROP TABLE IF EXISTS `roles`;
/*!40101 SET @saved_cs_client     = @@character_set_client */;
/*!50503 SET character_set_client = utf8mb4 */;
CREATE TABLE `roles` (
  `id` bigint unsigned NOT NULL AUTO_INCREMENT,
  `slug` varchar(120) COLLATE utf8mb4_unicode_ci NOT NULL,
  `name` varchar(120) COLLATE utf8mb4_unicode_ci NOT NULL,
  `permissions` text COLLATE utf8mb4_unicode_ci,
  `description` varchar(255) COLLATE utf8mb4_unicode_ci DEFAULT NULL,
  `is_default` tinyint unsigned NOT NULL DEFAULT '0',
  `created_by` bigint unsigned NOT NULL,
  `updated_by` bigint unsigned NOT NULL,
  `created_at` timestamp NULL DEFAULT NULL,
  `updated_at` timestamp NULL DEFAULT NULL,
  PRIMARY KEY (`id`),
  UNIQUE KEY `roles_slug_unique` (`slug`),
  KEY `roles_created_by_index` (`created_by`),
  KEY `roles_updated_by_index` (`updated_by`)
) ENGINE=InnoDB DEFAULT CHARSET=utf8mb4 COLLATE=utf8mb4_unicode_ci;
/*!40101 SET character_set_client = @saved_cs_client */;

--
-- Dumping data for table `roles`
--

LOCK TABLES `roles` WRITE;
/*!40000 ALTER TABLE `roles` DISABLE KEYS */;
/*!40000 ALTER TABLE `roles` ENABLE KEYS */;
UNLOCK TABLES;

--
-- Table structure for table `settings`
--

DROP TABLE IF EXISTS `settings`;
/*!40101 SET @saved_cs_client     = @@character_set_client */;
/*!50503 SET character_set_client = utf8mb4 */;
CREATE TABLE `settings` (
  `id` bigint unsigned NOT NULL AUTO_INCREMENT,
  `key` varchar(191) COLLATE utf8mb4_unicode_ci NOT NULL,
  `value` text COLLATE utf8mb4_unicode_ci,
  `created_at` timestamp NULL DEFAULT NULL,
  `updated_at` timestamp NULL DEFAULT NULL,
  PRIMARY KEY (`id`),
  UNIQUE KEY `settings_key_unique` (`key`)
) ENGINE=InnoDB AUTO_INCREMENT=103 DEFAULT CHARSET=utf8mb4 COLLATE=utf8mb4_unicode_ci;
/*!40101 SET character_set_client = @saved_cs_client */;

--
-- Dumping data for table `settings`
--

LOCK TABLES `settings` WRITE;
/*!40000 ALTER TABLE `settings` DISABLE KEYS */;
INSERT INTO `settings` VALUES (1,'activated_plugins','[\"language\",\"language-advanced\",\"ads\",\"analytics\",\"audit-log\",\"backup\",\"blog\",\"captcha\",\"contact\",\"cookie-consent\",\"ecommerce\",\"faq\",\"location\",\"marketplace\",\"newsletter\",\"payment\",\"paypal\",\"paystack\",\"razorpay\",\"shippo\",\"simple-slider\",\"social-login\",\"sslcommerz\",\"stripe\",\"translation\",\"mollie\"]',NULL,'2023-03-01 01:08:13'),(4,'language_hide_default','1',NULL,NULL),(5,'language_switcher_display','dropdown',NULL,NULL),(6,'language_display','all',NULL,NULL),(7,'language_hide_languages','[]',NULL,NULL),(8,'simple_slider_using_assets','0',NULL,NULL),(9,'media_random_hash','1b5193a2a30d0599f4075651f8973916',NULL,NULL),(10,'permalink-botble-blog-models-post','blog',NULL,NULL),(11,'permalink-botble-blog-models-category','blog',NULL,NULL),(12,'payment_cod_status','1',NULL,NULL),(13,'payment_cod_description','Please pay money directly to the postman, if you choose cash on delivery method (COD).',NULL,NULL),(14,'payment_bank_transfer_status','1',NULL,NULL),(15,'payment_bank_transfer_description','Please send money to our bank account: ACB - 69270 213 19.',NULL,NULL),(16,'plugins_ecommerce_customer_new_order_status','0',NULL,NULL),(17,'plugins_ecommerce_admin_new_order_status','0',NULL,NULL),(18,'ecommerce_load_countries_states_cities_from_location_plugin','0',NULL,NULL),(19,'payment_stripe_payment_type','stripe_checkout',NULL,NULL),(20,'ecommerce_is_enabled_support_digital_products','1',NULL,NULL),(21,'ecommerce_store_name','Martfury',NULL,NULL),(22,'ecommerce_store_phone','1800979769',NULL,NULL),(23,'ecommerce_store_address','502 New Street',NULL,NULL),(24,'ecommerce_store_state','Brighton VIC',NULL,NULL),(25,'ecommerce_store_city','Brighton VIC',NULL,NULL),(26,'ecommerce_store_country','AU',NULL,NULL),(27,'theme','martfury',NULL,NULL),(28,'admin_logo','general/logo-light.png',NULL,NULL),(29,'theme-martfury-site_title','Martfury - Laravel Ecommerce system',NULL,NULL),(30,'theme-martfury-seo_description','Martfury is a clean & modern Laravel Ecommerce System for multipurpose online stores. With design clean and trendy, Martfury will make your online store look more impressive and attractive to viewers.',NULL,NULL),(31,'theme-martfury-copyright','© 2023 Martfury. All Rights Reserved.',NULL,NULL),(32,'theme-martfury-favicon','general/favicon.png',NULL,NULL),(33,'theme-martfury-logo','general/logo.png',NULL,NULL),(34,'theme-martfury-welcome_message','Welcome to Martfury Online Shopping Store!',NULL,NULL),(35,'theme-martfury-address','502 New Street, Brighton VIC, Australia',NULL,NULL),(36,'theme-martfury-hotline','1800 97 97 69',NULL,NULL),(37,'theme-martfury-email','contact@martfury.co',NULL,NULL),(38,'theme-martfury-payment_methods','[\"general\\/payment-method-1.jpg\",\"general\\/payment-method-2.jpg\",\"general\\/payment-method-3.jpg\",\"general\\/payment-method-4.jpg\",\"general\\/payment-method-5.jpg\"]',NULL,NULL),(39,'theme-martfury-newsletter_image','general/newsletter.jpg',NULL,NULL),(40,'theme-martfury-homepage_id','1',NULL,NULL),(41,'theme-martfury-blog_page_id','6',NULL,NULL),(42,'theme-martfury-cookie_consent_message','Your experience on this site will be improved by allowing cookies ',NULL,NULL),(43,'theme-martfury-cookie_consent_learn_more_url','https://martfury.test/cookie-policy',NULL,NULL),(44,'theme-martfury-cookie_consent_learn_more_text','Cookie Policy',NULL,NULL),(45,'theme-martfury-number_of_products_per_page','42',NULL,NULL),(46,'theme-martfury-product_feature_1_title','Shipping worldwide',NULL,NULL),(47,'theme-martfury-product_feature_1_icon','icon-network',NULL,NULL),(48,'theme-martfury-product_feature_2_title','Free 7-day return if eligible, so easy',NULL,NULL),(49,'theme-martfury-product_feature_2_icon','icon-3d-rotate',NULL,NULL),(50,'theme-martfury-product_feature_3_title','Supplier give bills for this product.',NULL,NULL),(51,'theme-martfury-product_feature_3_icon','icon-receipt',NULL,NULL),(52,'theme-martfury-product_feature_4_title','Pay online or when receiving goods',NULL,NULL),(53,'theme-martfury-product_feature_4_icon','icon-credit-card',NULL,NULL),(54,'theme-martfury-contact_info_box_1_title','Contact Directly',NULL,NULL),(55,'theme-martfury-contact_info_box_1_subtitle','contact@martfury.com',NULL,NULL),(56,'theme-martfury-contact_info_box_1_details','(+004) 912-3548-07',NULL,NULL),(57,'theme-martfury-contact_info_box_2_title','Headquarters',NULL,NULL),(58,'theme-martfury-contact_info_box_2_subtitle','17 Queen St, Southbank, Melbourne 10560, Australia',NULL,NULL),(59,'theme-martfury-contact_info_box_2_details','',NULL,NULL),(60,'theme-martfury-contact_info_box_3_title','Work With Us',NULL,NULL),(61,'theme-martfury-contact_info_box_3_subtitle','Send your CV to our email:',NULL,NULL),(62,'theme-martfury-contact_info_box_3_details','career@martfury.com',NULL,NULL),(63,'theme-martfury-contact_info_box_4_title','Customer Service',NULL,NULL),(64,'theme-martfury-contact_info_box_4_subtitle','customercare@martfury.com',NULL,NULL),(65,'theme-martfury-contact_info_box_4_details','(800) 843-2446',NULL,NULL),(66,'theme-martfury-contact_info_box_5_title','Media Relations',NULL,NULL),(67,'theme-martfury-contact_info_box_5_subtitle','media@martfury.com',NULL,NULL),(68,'theme-martfury-contact_info_box_5_details','(801) 947-3564',NULL,NULL),(69,'theme-martfury-contact_info_box_6_title','Vendor Support',NULL,NULL),(70,'theme-martfury-contact_info_box_6_subtitle','vendorsupport@martfury.com',NULL,NULL),(71,'theme-martfury-contact_info_box_6_details','(801) 947-3100',NULL,NULL),(72,'theme-martfury-number_of_cross_sale_product','7',NULL,NULL),(73,'theme-martfury-logo_in_the_checkout_page','general/logo-dark.png',NULL,NULL),(74,'theme-martfury-logo_in_invoices','general/logo-dark.png',NULL,NULL),(75,'theme-martfury-logo_vendor_dashboard','general/logo-dark.png',NULL,NULL),(76,'theme-martfury-social-name-1','Facebook','2023-03-01 01:08:22','2023-03-01 01:08:22'),(77,'theme-martfury-social-url-1','https://www.facebook.com/','2023-03-01 01:08:22','2023-03-01 01:08:22'),(78,'theme-martfury-social-icon-1','fa-facebook','2023-03-01 01:08:22','2023-03-01 01:08:22'),(79,'theme-martfury-social-color-1','#3b5999','2023-03-01 01:08:22','2023-03-01 01:08:22'),(80,'theme-martfury-social-name-2','Twitter','2023-03-01 01:08:22','2023-03-01 01:08:22'),(81,'theme-martfury-social-url-2','https://www.twitter.com/','2023-03-01 01:08:22','2023-03-01 01:08:22'),(82,'theme-martfury-social-icon-2','fa-twitter','2023-03-01 01:08:22','2023-03-01 01:08:22'),(83,'theme-martfury-social-color-2','#55ACF9','2023-03-01 01:08:22','2023-03-01 01:08:22'),(84,'theme-martfury-social-name-3','Instagram','2023-03-01 01:08:22','2023-03-01 01:08:22'),(85,'theme-martfury-social-url-3','https://www.instagram.com/','2023-03-01 01:08:22','2023-03-01 01:08:22'),(86,'theme-martfury-social-icon-3','fa-instagram','2023-03-01 01:08:22','2023-03-01 01:08:22'),(87,'theme-martfury-social-color-3','#E1306C','2023-03-01 01:08:22','2023-03-01 01:08:22'),(88,'theme-martfury-social-name-4','Youtube','2023-03-01 01:08:22','2023-03-01 01:08:22'),(89,'theme-martfury-social-url-4','https://www.youtube.com/','2023-03-01 01:08:22','2023-03-01 01:08:22'),(90,'theme-martfury-social-icon-4','fa-youtube','2023-03-01 01:08:22','2023-03-01 01:08:22'),(91,'theme-martfury-social-color-4','#FF0000','2023-03-01 01:08:22','2023-03-01 01:08:22'),(92,'theme-martfury-vi-copyright','© 2023 Martfury. Tất cả quyền đã được bảo hộ.',NULL,NULL),(93,'theme-martfury-vi-welcome_message','Chào mừng đến với Martfury - Cửa Hàng Mua Sắm Online!',NULL,NULL),(94,'theme-martfury-vi-homepage_id','1',NULL,NULL),(95,'theme-martfury-vi-blog_page_id','6',NULL,NULL),(96,'theme-martfury-vi-cookie_consent_message','Trải nghiệm của bạn trên trang web này sẽ được cải thiện bằng cách cho phép cookie ',NULL,NULL),(97,'theme-martfury-vi-cookie_consent_learn_more_url','https://martfury.test/cookie-policy',NULL,NULL),(98,'theme-martfury-vi-cookie_consent_learn_more_text','Chính sách cookie',NULL,NULL),(99,'theme-martfury-vi-product_feature_1_title','Vận chuyển toàn cầu',NULL,NULL),(100,'theme-martfury-vi-product_feature_2_title','Miễn phí hoàn hàng 7 ngày',NULL,NULL),(101,'theme-martfury-vi-product_feature_3_title','Nhà cung cấp sẽ cấp hóa đơn cho sản phẩm này',NULL,NULL),(102,'theme-martfury-vi-product_feature_4_title','Thanh toán online hoặc trực tiếp',NULL,NULL);
/*!40000 ALTER TABLE `settings` ENABLE KEYS */;
UNLOCK TABLES;

--
-- Table structure for table `simple_slider_items`
--

DROP TABLE IF EXISTS `simple_slider_items`;
/*!40101 SET @saved_cs_client     = @@character_set_client */;
/*!50503 SET character_set_client = utf8mb4 */;
CREATE TABLE `simple_slider_items` (
  `id` bigint unsigned NOT NULL AUTO_INCREMENT,
  `simple_slider_id` bigint unsigned NOT NULL,
  `title` varchar(255) COLLATE utf8mb4_unicode_ci DEFAULT NULL,
  `image` varchar(255) COLLATE utf8mb4_unicode_ci NOT NULL,
  `link` varchar(255) COLLATE utf8mb4_unicode_ci DEFAULT NULL,
  `description` text COLLATE utf8mb4_unicode_ci,
  `order` int unsigned NOT NULL DEFAULT '0',
  `created_at` timestamp NULL DEFAULT NULL,
  `updated_at` timestamp NULL DEFAULT NULL,
  PRIMARY KEY (`id`)
) ENGINE=InnoDB AUTO_INCREMENT=7 DEFAULT CHARSET=utf8mb4 COLLATE=utf8mb4_unicode_ci;
/*!40101 SET character_set_client = @saved_cs_client */;

--
-- Dumping data for table `simple_slider_items`
--

LOCK TABLES `simple_slider_items` WRITE;
/*!40000 ALTER TABLE `simple_slider_items` DISABLE KEYS */;
INSERT INTO `simple_slider_items` VALUES (1,1,'Slider 1','sliders/1-lg.jpg','/products',NULL,1,'2023-03-01 01:08:21','2023-03-01 01:08:21'),(2,1,'Slider 2','sliders/2-lg.jpg','/products',NULL,2,'2023-03-01 01:08:21','2023-03-01 01:08:21'),(3,1,'Slider 3','sliders/3-lg.jpg','/products',NULL,3,'2023-03-01 01:08:21','2023-03-01 01:08:21'),(4,2,'Slider 1','sliders/1-lg.jpg','/products',NULL,1,'2023-03-01 01:08:21','2023-03-01 01:08:21'),(5,2,'Slider 2','sliders/2-lg.jpg','/products',NULL,2,'2023-03-01 01:08:21','2023-03-01 01:08:21'),(6,2,'Slider 3','sliders/3-lg.jpg','/products',NULL,3,'2023-03-01 01:08:21','2023-03-01 01:08:21');
/*!40000 ALTER TABLE `simple_slider_items` ENABLE KEYS */;
UNLOCK TABLES;

--
-- Table structure for table `simple_sliders`
--

DROP TABLE IF EXISTS `simple_sliders`;
/*!40101 SET @saved_cs_client     = @@character_set_client */;
/*!50503 SET character_set_client = utf8mb4 */;
CREATE TABLE `simple_sliders` (
  `id` bigint unsigned NOT NULL AUTO_INCREMENT,
  `name` varchar(120) COLLATE utf8mb4_unicode_ci NOT NULL,
  `key` varchar(120) COLLATE utf8mb4_unicode_ci NOT NULL,
  `description` varchar(255) COLLATE utf8mb4_unicode_ci DEFAULT NULL,
  `status` varchar(60) COLLATE utf8mb4_unicode_ci NOT NULL DEFAULT 'published',
  `created_at` timestamp NULL DEFAULT NULL,
  `updated_at` timestamp NULL DEFAULT NULL,
  PRIMARY KEY (`id`)
) ENGINE=InnoDB AUTO_INCREMENT=3 DEFAULT CHARSET=utf8mb4 COLLATE=utf8mb4_unicode_ci;
/*!40101 SET character_set_client = @saved_cs_client */;

--
-- Dumping data for table `simple_sliders`
--

LOCK TABLES `simple_sliders` WRITE;
/*!40000 ALTER TABLE `simple_sliders` DISABLE KEYS */;
INSERT INTO `simple_sliders` VALUES (1,'Home slider','home-slider','The main slider on homepage','published','2023-03-01 01:08:21','2023-03-01 01:08:21'),(2,'Slider trang chủ','slider-trang-chu','Slider chính trên trang chủ','published','2023-03-01 01:08:21','2023-03-01 01:08:21');
/*!40000 ALTER TABLE `simple_sliders` ENABLE KEYS */;
UNLOCK TABLES;

--
-- Table structure for table `slugs`
--

DROP TABLE IF EXISTS `slugs`;
/*!40101 SET @saved_cs_client     = @@character_set_client */;
/*!50503 SET character_set_client = utf8mb4 */;
CREATE TABLE `slugs` (
  `id` bigint unsigned NOT NULL AUTO_INCREMENT,
  `key` varchar(255) COLLATE utf8mb4_unicode_ci NOT NULL,
  `reference_id` bigint unsigned NOT NULL,
  `reference_type` varchar(255) COLLATE utf8mb4_unicode_ci NOT NULL,
  `prefix` varchar(120) COLLATE utf8mb4_unicode_ci DEFAULT '',
  `created_at` timestamp NULL DEFAULT NULL,
  `updated_at` timestamp NULL DEFAULT NULL,
  PRIMARY KEY (`id`),
  KEY `slugs_reference_id_index` (`reference_id`)
) ENGINE=InnoDB AUTO_INCREMENT=110 DEFAULT CHARSET=utf8mb4 COLLATE=utf8mb4_unicode_ci;
/*!40101 SET character_set_client = @saved_cs_client */;

--
-- Dumping data for table `slugs`
--

LOCK TABLES `slugs` WRITE;
/*!40000 ALTER TABLE `slugs` DISABLE KEYS */;
INSERT INTO `slugs` VALUES (1,'fashion-live',1,'Botble\\Ecommerce\\Models\\Brand','brands','2023-03-01 01:08:13','2023-03-01 01:08:13'),(2,'hand-crafted',2,'Botble\\Ecommerce\\Models\\Brand','brands','2023-03-01 01:08:13','2023-03-01 01:08:13'),(3,'mestonix',3,'Botble\\Ecommerce\\Models\\Brand','brands','2023-03-01 01:08:13','2023-03-01 01:08:13'),(4,'sunshine',4,'Botble\\Ecommerce\\Models\\Brand','brands','2023-03-01 01:08:13','2023-03-01 01:08:13'),(5,'pure',5,'Botble\\Ecommerce\\Models\\Brand','brands','2023-03-01 01:08:13','2023-03-01 01:08:13'),(6,'anfold',6,'Botble\\Ecommerce\\Models\\Brand','brands','2023-03-01 01:08:13','2023-03-01 01:08:13'),(7,'automotive',7,'Botble\\Ecommerce\\Models\\Brand','brands','2023-03-01 01:08:13','2023-03-01 01:08:13'),(8,'hot-promotions',1,'Botble\\Ecommerce\\Models\\ProductCategory','product-categories','2023-03-01 01:08:14','2023-03-01 01:08:14'),(9,'electronics',2,'Botble\\Ecommerce\\Models\\ProductCategory','product-categories','2023-03-01 01:08:14','2023-03-01 01:08:14'),(10,'consumer-electronic',3,'Botble\\Ecommerce\\Models\\ProductCategory','product-categories','2023-03-01 01:08:14','2023-03-01 01:08:14'),(11,'home-audio-theaters',4,'Botble\\Ecommerce\\Models\\ProductCategory','product-categories','2023-03-01 01:08:14','2023-03-01 01:08:14'),(12,'tv-videos',5,'Botble\\Ecommerce\\Models\\ProductCategory','product-categories','2023-03-01 01:08:14','2023-03-01 01:08:14'),(13,'camera-photos-videos',6,'Botble\\Ecommerce\\Models\\ProductCategory','product-categories','2023-03-01 01:08:14','2023-03-01 01:08:14'),(14,'cellphones-accessories',7,'Botble\\Ecommerce\\Models\\ProductCategory','product-categories','2023-03-01 01:08:14','2023-03-01 01:08:14'),(15,'headphones',8,'Botble\\Ecommerce\\Models\\ProductCategory','product-categories','2023-03-01 01:08:14','2023-03-01 01:08:14'),(16,'videos-games',9,'Botble\\Ecommerce\\Models\\ProductCategory','product-categories','2023-03-01 01:08:14','2023-03-01 01:08:14'),(17,'wireless-speakers',10,'Botble\\Ecommerce\\Models\\ProductCategory','product-categories','2023-03-01 01:08:14','2023-03-01 01:08:14'),(18,'office-electronic',11,'Botble\\Ecommerce\\Models\\ProductCategory','product-categories','2023-03-01 01:08:14','2023-03-01 01:08:14'),(19,'accessories-parts',12,'Botble\\Ecommerce\\Models\\ProductCategory','product-categories','2023-03-01 01:08:14','2023-03-01 01:08:14'),(20,'digital-cables',13,'Botble\\Ecommerce\\Models\\ProductCategory','product-categories','2023-03-01 01:08:14','2023-03-01 01:08:14'),(21,'audio-video-cables',14,'Botble\\Ecommerce\\Models\\ProductCategory','product-categories','2023-03-01 01:08:14','2023-03-01 01:08:14'),(22,'batteries',15,'Botble\\Ecommerce\\Models\\ProductCategory','product-categories','2023-03-01 01:08:14','2023-03-01 01:08:14'),(23,'clothing',16,'Botble\\Ecommerce\\Models\\ProductCategory','product-categories','2023-03-01 01:08:14','2023-03-01 01:08:14'),(24,'computers',17,'Botble\\Ecommerce\\Models\\ProductCategory','product-categories','2023-03-01 01:08:14','2023-03-01 01:08:14'),(25,'computer-technologies',18,'Botble\\Ecommerce\\Models\\ProductCategory','product-categories','2023-03-01 01:08:14','2023-03-01 01:08:14'),(26,'computer-tablets',19,'Botble\\Ecommerce\\Models\\ProductCategory','product-categories','2023-03-01 01:08:14','2023-03-01 01:08:14'),(27,'laptop',20,'Botble\\Ecommerce\\Models\\ProductCategory','product-categories','2023-03-01 01:08:14','2023-03-01 01:08:14'),(28,'monitors',21,'Botble\\Ecommerce\\Models\\ProductCategory','product-categories','2023-03-01 01:08:14','2023-03-01 01:08:14'),(29,'computer-components',22,'Botble\\Ecommerce\\Models\\ProductCategory','product-categories','2023-03-01 01:08:14','2023-03-01 01:08:14'),(30,'networking',23,'Botble\\Ecommerce\\Models\\ProductCategory','product-categories','2023-03-01 01:08:14','2023-03-01 01:08:14'),(31,'drive-storages',24,'Botble\\Ecommerce\\Models\\ProductCategory','product-categories','2023-03-01 01:08:14','2023-03-01 01:08:14'),(32,'gaming-laptop',25,'Botble\\Ecommerce\\Models\\ProductCategory','product-categories','2023-03-01 01:08:14','2023-03-01 01:08:14'),(33,'security-protection',26,'Botble\\Ecommerce\\Models\\ProductCategory','product-categories','2023-03-01 01:08:14','2023-03-01 01:08:14'),(34,'accessories',27,'Botble\\Ecommerce\\Models\\ProductCategory','product-categories','2023-03-01 01:08:14','2023-03-01 01:08:14'),(35,'home-kitchen',28,'Botble\\Ecommerce\\Models\\ProductCategory','product-categories','2023-03-01 01:08:14','2023-03-01 01:08:14'),(36,'health-beauty',29,'Botble\\Ecommerce\\Models\\ProductCategory','product-categories','2023-03-01 01:08:14','2023-03-01 01:08:14'),(37,'jewelry-watch',30,'Botble\\Ecommerce\\Models\\ProductCategory','product-categories','2023-03-01 01:08:14','2023-03-01 01:08:14'),(38,'technology-toys',31,'Botble\\Ecommerce\\Models\\ProductCategory','product-categories','2023-03-01 01:08:14','2023-03-01 01:08:14'),(39,'phones',32,'Botble\\Ecommerce\\Models\\ProductCategory','product-categories','2023-03-01 01:08:14','2023-03-01 01:08:14'),(40,'babies-moms',33,'Botble\\Ecommerce\\Models\\ProductCategory','product-categories','2023-03-01 01:08:14','2023-03-01 01:08:14'),(41,'sport-outdoor',34,'Botble\\Ecommerce\\Models\\ProductCategory','product-categories','2023-03-01 01:08:14','2023-03-01 01:08:14'),(42,'books-office',35,'Botble\\Ecommerce\\Models\\ProductCategory','product-categories','2023-03-01 01:08:14','2023-03-01 01:08:14'),(43,'cars-motorcycles',36,'Botble\\Ecommerce\\Models\\ProductCategory','product-categories','2023-03-01 01:08:14','2023-03-01 01:08:14'),(44,'home-improvements',37,'Botble\\Ecommerce\\Models\\ProductCategory','product-categories','2023-03-01 01:08:14','2023-03-01 01:08:14'),(45,'dual-camera-20mp',1,'Botble\\Ecommerce\\Models\\Product','products','2023-03-01 01:08:17','2023-03-01 01:08:17'),(46,'smart-watches',2,'Botble\\Ecommerce\\Models\\Product','products','2023-03-01 01:08:17','2023-03-01 01:08:17'),(47,'beat-headphone',3,'Botble\\Ecommerce\\Models\\Product','products','2023-03-01 01:08:17','2023-03-01 01:08:17'),(48,'red-black-headphone',4,'Botble\\Ecommerce\\Models\\Product','products','2023-03-01 01:08:17','2023-03-01 01:08:17'),(49,'smart-watch-external',5,'Botble\\Ecommerce\\Models\\Product','products','2023-03-01 01:08:17','2023-03-01 01:08:17'),(50,'nikon-hd-camera',6,'Botble\\Ecommerce\\Models\\Product','products','2023-03-01 01:08:17','2023-03-01 01:08:17'),(51,'audio-equipment',7,'Botble\\Ecommerce\\Models\\Product','products','2023-03-01 01:08:17','2023-03-01 01:08:17'),(52,'smart-televisions',8,'Botble\\Ecommerce\\Models\\Product','products','2023-03-01 01:08:17','2023-03-01 01:08:17'),(53,'samsung-smart-phone',9,'Botble\\Ecommerce\\Models\\Product','products','2023-03-01 01:08:17','2023-03-01 01:08:17'),(54,'herschel-leather-duffle-bag-in-brown-color',10,'Botble\\Ecommerce\\Models\\Product','products','2023-03-01 01:08:17','2023-03-01 01:08:17'),(55,'xbox-one-wireless-controller-black-color',11,'Botble\\Ecommerce\\Models\\Product','products','2023-03-01 01:08:17','2023-03-01 01:08:17'),(56,'epsion-plaster-printer',12,'Botble\\Ecommerce\\Models\\Product','products','2023-03-01 01:08:17','2023-03-01 01:08:17'),(57,'sound-intone-i65-earphone-white-version',13,'Botble\\Ecommerce\\Models\\Product','products','2023-03-01 01:08:17','2023-03-01 01:08:17'),(58,'bo-play-mini-bluetooth-speaker',14,'Botble\\Ecommerce\\Models\\Product','products','2023-03-01 01:08:17','2023-03-01 01:08:17'),(59,'apple-macbook-air-retina-133-inch-laptop',15,'Botble\\Ecommerce\\Models\\Product','products','2023-03-01 01:08:18','2023-03-01 01:08:18'),(60,'apple-macbook-air-retina-12-inch-laptop',16,'Botble\\Ecommerce\\Models\\Product','products','2023-03-01 01:08:18','2023-03-01 01:08:18'),(61,'samsung-gear-vr-virtual-reality-headset',17,'Botble\\Ecommerce\\Models\\Product','products','2023-03-01 01:08:18','2023-03-01 01:08:18'),(62,'aveeno-moisturizing-body-shower-450ml',18,'Botble\\Ecommerce\\Models\\Product','products','2023-03-01 01:08:18','2023-03-01 01:08:18'),(63,'nyx-beauty-couton-pallete-makeup-12',19,'Botble\\Ecommerce\\Models\\Product','products','2023-03-01 01:08:18','2023-03-01 01:08:18'),(64,'nyx-beauty-couton-pallete-makeup-12',20,'Botble\\Ecommerce\\Models\\Product','products','2023-03-01 01:08:18','2023-03-01 01:08:18'),(65,'mvmth-classical-leather-watch-in-black',21,'Botble\\Ecommerce\\Models\\Product','products','2023-03-01 01:08:18','2023-03-01 01:08:18'),(66,'baxter-care-hair-kit-for-bearded-mens',22,'Botble\\Ecommerce\\Models\\Product','products','2023-03-01 01:08:18','2023-03-01 01:08:18'),(67,'ciate-palemore-lipstick-bold-red-color',23,'Botble\\Ecommerce\\Models\\Product','products','2023-03-01 01:08:18','2023-03-01 01:08:18'),(68,'electronic',1,'Botble\\Ecommerce\\Models\\ProductTag','product-tags','2023-03-01 01:08:20','2023-03-01 01:08:20'),(69,'mobile',2,'Botble\\Ecommerce\\Models\\ProductTag','product-tags','2023-03-01 01:08:20','2023-03-01 01:08:20'),(70,'iphone',3,'Botble\\Ecommerce\\Models\\ProductTag','product-tags','2023-03-01 01:08:20','2023-03-01 01:08:20'),(71,'printer',4,'Botble\\Ecommerce\\Models\\ProductTag','product-tags','2023-03-01 01:08:20','2023-03-01 01:08:20'),(72,'office',5,'Botble\\Ecommerce\\Models\\ProductTag','product-tags','2023-03-01 01:08:20','2023-03-01 01:08:20'),(73,'it',6,'Botble\\Ecommerce\\Models\\ProductTag','product-tags','2023-03-01 01:08:20','2023-03-01 01:08:20'),(74,'ecommerce',1,'Botble\\Blog\\Models\\Category','blog','2023-03-01 01:08:20','2023-03-01 01:08:21'),(75,'fashion',2,'Botble\\Blog\\Models\\Category','blog','2023-03-01 01:08:20','2023-03-01 01:08:21'),(76,'electronic',3,'Botble\\Blog\\Models\\Category','blog','2023-03-01 01:08:20','2023-03-01 01:08:21'),(77,'commercial',4,'Botble\\Blog\\Models\\Category','blog','2023-03-01 01:08:20','2023-03-01 01:08:21'),(78,'general',1,'Botble\\Blog\\Models\\Tag','tag','2023-03-01 01:08:20','2023-03-01 01:08:20'),(79,'design',2,'Botble\\Blog\\Models\\Tag','tag','2023-03-01 01:08:20','2023-03-01 01:08:20'),(80,'fashion',3,'Botble\\Blog\\Models\\Tag','tag','2023-03-01 01:08:20','2023-03-01 01:08:20'),(81,'branding',4,'Botble\\Blog\\Models\\Tag','tag','2023-03-01 01:08:20','2023-03-01 01:08:20'),(82,'modern',5,'Botble\\Blog\\Models\\Tag','tag','2023-03-01 01:08:20','2023-03-01 01:08:20'),(83,'4-expert-tips-on-how-to-choose-the-right-mens-wallet',1,'Botble\\Blog\\Models\\Post','blog','2023-03-01 01:08:20','2023-03-01 01:08:21'),(84,'sexy-clutches-how-to-buy-amp-wear-a-designer-clutch-bag',2,'Botble\\Blog\\Models\\Post','blog','2023-03-01 01:08:20','2023-03-01 01:08:21'),(85,'the-top-2020-handbag-trends-to-know',3,'Botble\\Blog\\Models\\Post','blog','2023-03-01 01:08:20','2023-03-01 01:08:21'),(86,'how-to-match-the-color-of-your-handbag-with-an-outfit',4,'Botble\\Blog\\Models\\Post','blog','2023-03-01 01:08:20','2023-03-01 01:08:21'),(87,'how-to-care-for-leather-bags',5,'Botble\\Blog\\Models\\Post','blog','2023-03-01 01:08:20','2023-03-01 01:08:21'),(88,'were-crushing-hard-on-summers-10-biggest-bag-trends',6,'Botble\\Blog\\Models\\Post','blog','2023-03-01 01:08:20','2023-03-01 01:08:21'),(89,'essential-qualities-of-highly-successful-music',7,'Botble\\Blog\\Models\\Post','blog','2023-03-01 01:08:20','2023-03-01 01:08:21'),(90,'9-things-i-love-about-shaving-my-head',8,'Botble\\Blog\\Models\\Post','blog','2023-03-01 01:08:20','2023-03-01 01:08:21'),(91,'why-teamwork-really-makes-the-dream-work',9,'Botble\\Blog\\Models\\Post','blog','2023-03-01 01:08:20','2023-03-01 01:08:21'),(92,'the-world-caters-to-average-people',10,'Botble\\Blog\\Models\\Post','blog','2023-03-01 01:08:20','2023-03-01 01:08:21'),(93,'the-litigants-on-the-screen-are-not-actors',11,'Botble\\Blog\\Models\\Post','blog','2023-03-01 01:08:20','2023-03-01 01:08:21'),(94,'home',1,'Botble\\Page\\Models\\Page','','2023-03-01 01:08:21','2023-03-01 01:08:21'),(95,'about-us',2,'Botble\\Page\\Models\\Page','','2023-03-01 01:08:21','2023-03-01 01:08:21'),(96,'terms-of-use',3,'Botble\\Page\\Models\\Page','','2023-03-01 01:08:21','2023-03-01 01:08:21'),(97,'terms-amp-conditions',4,'Botble\\Page\\Models\\Page','','2023-03-01 01:08:21','2023-03-01 01:08:21'),(98,'refund-policy',5,'Botble\\Page\\Models\\Page','','2023-03-01 01:08:21','2023-03-01 01:08:21'),(99,'blog',6,'Botble\\Page\\Models\\Page','','2023-03-01 01:08:21','2023-03-01 01:08:21'),(100,'faqs',7,'Botble\\Page\\Models\\Page','','2023-03-01 01:08:21','2023-03-01 01:08:21'),(101,'contact',8,'Botble\\Page\\Models\\Page','','2023-03-01 01:08:21','2023-03-01 01:08:21'),(102,'cookie-policy',9,'Botble\\Page\\Models\\Page','','2023-03-01 01:08:21','2023-03-01 01:08:21'),(103,'affiliate',10,'Botble\\Page\\Models\\Page','','2023-03-01 01:08:21','2023-03-01 01:08:21'),(104,'career',11,'Botble\\Page\\Models\\Page','','2023-03-01 01:08:21','2023-03-01 01:08:21'),(105,'coming-soon',12,'Botble\\Page\\Models\\Page','','2023-03-01 01:08:21','2023-03-01 01:08:21'),(106,'gopro',1,'Botble\\Marketplace\\Models\\Store','stores','2023-03-01 01:08:23','2023-03-01 01:08:23'),(107,'global-office',2,'Botble\\Marketplace\\Models\\Store','stores','2023-03-01 01:08:23','2023-03-01 01:08:23'),(108,'young-shop',3,'Botble\\Marketplace\\Models\\Store','stores','2023-03-01 01:08:23','2023-03-01 01:08:23'),(109,'global-store',4,'Botble\\Marketplace\\Models\\Store','stores','2023-03-01 01:08:23','2023-03-01 01:08:23');
/*!40000 ALTER TABLE `slugs` ENABLE KEYS */;
UNLOCK TABLES;

--
-- Table structure for table `states`
--

DROP TABLE IF EXISTS `states`;
/*!40101 SET @saved_cs_client     = @@character_set_client */;
/*!50503 SET character_set_client = utf8mb4 */;
CREATE TABLE `states` (
  `id` bigint unsigned NOT NULL AUTO_INCREMENT,
  `name` varchar(120) COLLATE utf8mb4_unicode_ci NOT NULL,
  `abbreviation` varchar(3) CHARACTER SET utf8mb4 COLLATE utf8mb4_unicode_ci DEFAULT NULL,
  `country_id` bigint unsigned DEFAULT NULL,
  `order` tinyint NOT NULL DEFAULT '0',
  `is_default` tinyint unsigned NOT NULL DEFAULT '0',
  `status` varchar(60) COLLATE utf8mb4_unicode_ci NOT NULL DEFAULT 'published',
  `created_at` timestamp NULL DEFAULT NULL,
  `updated_at` timestamp NULL DEFAULT NULL,
  PRIMARY KEY (`id`)
) ENGINE=InnoDB DEFAULT CHARSET=utf8mb4 COLLATE=utf8mb4_unicode_ci;
/*!40101 SET character_set_client = @saved_cs_client */;

--
-- Dumping data for table `states`
--

LOCK TABLES `states` WRITE;
/*!40000 ALTER TABLE `states` DISABLE KEYS */;
/*!40000 ALTER TABLE `states` ENABLE KEYS */;
UNLOCK TABLES;

--
-- Table structure for table `states_translations`
--

DROP TABLE IF EXISTS `states_translations`;
/*!40101 SET @saved_cs_client     = @@character_set_client */;
/*!50503 SET character_set_client = utf8mb4 */;
CREATE TABLE `states_translations` (
  `lang_code` varchar(191) COLLATE utf8mb4_unicode_ci NOT NULL,
  `states_id` bigint unsigned NOT NULL,
  `name` varchar(120) COLLATE utf8mb4_unicode_ci DEFAULT NULL,
  `abbreviation` varchar(3) CHARACTER SET utf8mb4 COLLATE utf8mb4_unicode_ci DEFAULT NULL,
  PRIMARY KEY (`lang_code`,`states_id`)
) ENGINE=InnoDB DEFAULT CHARSET=utf8mb4 COLLATE=utf8mb4_unicode_ci;
/*!40101 SET character_set_client = @saved_cs_client */;

--
-- Dumping data for table `states_translations`
--

LOCK TABLES `states_translations` WRITE;
/*!40000 ALTER TABLE `states_translations` DISABLE KEYS */;
/*!40000 ALTER TABLE `states_translations` ENABLE KEYS */;
UNLOCK TABLES;

--
-- Table structure for table `tags`
--

DROP TABLE IF EXISTS `tags`;
/*!40101 SET @saved_cs_client     = @@character_set_client */;
/*!50503 SET character_set_client = utf8mb4 */;
CREATE TABLE `tags` (
  `id` bigint unsigned NOT NULL AUTO_INCREMENT,
  `name` varchar(120) COLLATE utf8mb4_unicode_ci NOT NULL,
  `author_id` bigint unsigned NOT NULL,
  `author_type` varchar(255) CHARACTER SET utf8mb4 COLLATE utf8mb4_unicode_ci NOT NULL DEFAULT 'Botble\\ACL\\Models\\User',
  `description` varchar(400) COLLATE utf8mb4_unicode_ci DEFAULT '',
  `status` varchar(60) COLLATE utf8mb4_unicode_ci NOT NULL DEFAULT 'published',
  `created_at` timestamp NULL DEFAULT NULL,
  `updated_at` timestamp NULL DEFAULT NULL,
  PRIMARY KEY (`id`)
) ENGINE=InnoDB AUTO_INCREMENT=6 DEFAULT CHARSET=utf8mb4 COLLATE=utf8mb4_unicode_ci;
/*!40101 SET character_set_client = @saved_cs_client */;

--
-- Dumping data for table `tags`
--

LOCK TABLES `tags` WRITE;
/*!40000 ALTER TABLE `tags` DISABLE KEYS */;
INSERT INTO `tags` VALUES (1,'General',1,'Botble\\ACL\\Models\\User','','published','2023-03-01 01:08:20','2023-03-01 01:08:20'),(2,'Design',1,'Botble\\ACL\\Models\\User','','published','2023-03-01 01:08:20','2023-03-01 01:08:20'),(3,'Fashion',1,'Botble\\ACL\\Models\\User','','published','2023-03-01 01:08:20','2023-03-01 01:08:20'),(4,'Branding',1,'Botble\\ACL\\Models\\User','','published','2023-03-01 01:08:20','2023-03-01 01:08:20'),(5,'Modern',1,'Botble\\ACL\\Models\\User','','published','2023-03-01 01:08:20','2023-03-01 01:08:20');
/*!40000 ALTER TABLE `tags` ENABLE KEYS */;
UNLOCK TABLES;

--
-- Table structure for table `tags_translations`
--

DROP TABLE IF EXISTS `tags_translations`;
/*!40101 SET @saved_cs_client     = @@character_set_client */;
/*!50503 SET character_set_client = utf8mb4 */;
CREATE TABLE `tags_translations` (
  `lang_code` varchar(191) COLLATE utf8mb4_unicode_ci NOT NULL,
  `tags_id` bigint unsigned NOT NULL,
  `name` varchar(255) COLLATE utf8mb4_unicode_ci DEFAULT NULL,
  `description` varchar(400) COLLATE utf8mb4_unicode_ci DEFAULT NULL,
  PRIMARY KEY (`lang_code`,`tags_id`)
) ENGINE=InnoDB DEFAULT CHARSET=utf8mb4 COLLATE=utf8mb4_unicode_ci;
/*!40101 SET character_set_client = @saved_cs_client */;

--
-- Dumping data for table `tags_translations`
--

LOCK TABLES `tags_translations` WRITE;
/*!40000 ALTER TABLE `tags_translations` DISABLE KEYS */;
INSERT INTO `tags_translations` VALUES ('vi',1,'Chung',NULL),('vi',2,'Thiết kế',NULL),('vi',3,'Thời trang',NULL),('vi',4,'Thương hiệu',NULL),('vi',5,'Hiện đại',NULL);
/*!40000 ALTER TABLE `tags_translations` ENABLE KEYS */;
UNLOCK TABLES;

--
-- Table structure for table `translations`
--

DROP TABLE IF EXISTS `translations`;
/*!40101 SET @saved_cs_client     = @@character_set_client */;
/*!50503 SET character_set_client = utf8mb4 */;
CREATE TABLE `translations` (
  `id` bigint unsigned NOT NULL AUTO_INCREMENT,
  `status` int NOT NULL DEFAULT '0',
  `locale` varchar(191) COLLATE utf8mb4_unicode_ci NOT NULL,
  `group` varchar(191) COLLATE utf8mb4_unicode_ci NOT NULL,
  `key` varchar(191) COLLATE utf8mb4_unicode_ci NOT NULL,
  `value` text COLLATE utf8mb4_unicode_ci,
  `created_at` timestamp NULL DEFAULT NULL,
  `updated_at` timestamp NULL DEFAULT NULL,
  PRIMARY KEY (`id`)
) ENGINE=InnoDB AUTO_INCREMENT=5291 DEFAULT CHARSET=utf8mb4 COLLATE=utf8mb4_unicode_ci;
/*!40101 SET character_set_client = @saved_cs_client */;

--
-- Dumping data for table `translations`
--

LOCK TABLES `translations` WRITE;
/*!40000 ALTER TABLE `translations` DISABLE KEYS */;
INSERT INTO `translations` VALUES (1,1,'en','auth','failed','These credentials do not match our records.','2023-03-01 01:08:28','2023-03-01 01:08:28'),(2,1,'en','auth','password','The provided password is incorrect.','2023-03-01 01:08:28','2023-03-01 01:08:28'),(3,1,'en','auth','throttle','Too many login attempts. Please try again in :seconds seconds.','2023-03-01 01:08:29','2023-03-01 01:08:29'),(4,1,'en','pagination','previous','&laquo; Previous','2023-03-01 01:08:29','2023-03-01 01:08:29'),(5,1,'en','pagination','next','Next &raquo;','2023-03-01 01:08:29','2023-03-01 01:08:29'),(6,1,'en','passwords','reset','Your password has been reset!','2023-03-01 01:08:29','2023-03-01 01:08:29'),(7,1,'en','passwords','sent','We have emailed your password reset link!','2023-03-01 01:08:29','2023-03-01 01:08:29'),(8,1,'en','passwords','throttled','Please wait before retrying.','2023-03-01 01:08:29','2023-03-01 01:08:29'),(9,1,'en','passwords','token','This password reset token is invalid.','2023-03-01 01:08:29','2023-03-01 01:08:29'),(10,1,'en','passwords','user','We can\'t find a user with that email address.','2023-03-01 01:08:29','2023-03-01 01:08:29'),(11,1,'en','validation','accepted','The :attribute must be accepted.','2023-03-01 01:08:29','2023-03-01 01:08:29'),(12,1,'en','validation','accepted_if','The :attribute must be accepted when :other is :value.','2023-03-01 01:08:29','2023-03-01 01:08:29'),(13,1,'en','validation','active_url','The :attribute is not a valid URL.','2023-03-01 01:08:29','2023-03-01 01:08:29'),(14,1,'en','validation','after','The :attribute must be a date after :date.','2023-03-01 01:08:29','2023-03-01 01:08:29'),(15,1,'en','validation','after_or_equal','The :attribute must be a date after or equal to :date.','2023-03-01 01:08:29','2023-03-01 01:08:29'),(16,1,'en','validation','alpha','The :attribute must only contain letters.','2023-03-01 01:08:29','2023-03-01 01:08:29'),(17,1,'en','validation','alpha_dash','The :attribute must only contain letters, numbers, dashes and underscores.','2023-03-01 01:08:29','2023-03-01 01:08:29'),(18,1,'en','validation','alpha_num','The :attribute must only contain letters and numbers.','2023-03-01 01:08:29','2023-03-01 01:08:29'),(19,1,'en','validation','array','The :attribute must be an array.','2023-03-01 01:08:29','2023-03-01 01:08:29'),(20,1,'en','validation','ascii','The :attribute must only contain single-byte alphanumeric characters and symbols.','2023-03-01 01:08:29','2023-03-01 01:08:29'),(21,1,'en','validation','before','The :attribute must be a date before :date.','2023-03-01 01:08:29','2023-03-01 01:08:29'),(22,1,'en','validation','before_or_equal','The :attribute must be a date before or equal to :date.','2023-03-01 01:08:29','2023-03-01 01:08:29'),(23,1,'en','validation','between.array','The :attribute must have between :min and :max items.','2023-03-01 01:08:29','2023-03-01 01:08:29'),(24,1,'en','validation','between.file','The :attribute must be between :min and :max kilobytes.','2023-03-01 01:08:29','2023-03-01 01:08:29'),(25,1,'en','validation','between.numeric','The :attribute must be between :min and :max.','2023-03-01 01:08:29','2023-03-01 01:08:29'),(26,1,'en','validation','between.string','The :attribute must be between :min and :max characters.','2023-03-01 01:08:29','2023-03-01 01:08:29'),(27,1,'en','validation','boolean','The :attribute field must be true or false.','2023-03-01 01:08:29','2023-03-01 01:08:29'),(28,1,'en','validation','confirmed','The :attribute confirmation does not match.','2023-03-01 01:08:29','2023-03-01 01:08:29'),(29,1,'en','validation','current_password','The password is incorrect.','2023-03-01 01:08:29','2023-03-01 01:08:29'),(30,1,'en','validation','date','The :attribute is not a valid date.','2023-03-01 01:08:29','2023-03-01 01:08:29'),(31,1,'en','validation','date_equals','The :attribute must be a date equal to :date.','2023-03-01 01:08:29','2023-03-01 01:08:29'),(32,1,'en','validation','date_format','The :attribute does not match the format :format.','2023-03-01 01:08:29','2023-03-01 01:08:29'),(33,1,'en','validation','decimal','The :attribute must have :decimal decimal places.','2023-03-01 01:08:29','2023-03-01 01:08:29'),(34,1,'en','validation','declined','The :attribute must be declined.','2023-03-01 01:08:29','2023-03-01 01:08:29'),(35,1,'en','validation','declined_if','The :attribute must be declined when :other is :value.','2023-03-01 01:08:29','2023-03-01 01:08:29'),(36,1,'en','validation','different','The :attribute and :other must be different.','2023-03-01 01:08:29','2023-03-01 01:08:29'),(37,1,'en','validation','digits','The :attribute must be :digits digits.','2023-03-01 01:08:29','2023-03-01 01:08:29'),(38,1,'en','validation','digits_between','The :attribute must be between :min and :max digits.','2023-03-01 01:08:29','2023-03-01 01:08:29'),(39,1,'en','validation','dimensions','The :attribute has invalid image dimensions.','2023-03-01 01:08:29','2023-03-01 01:08:29'),(40,1,'en','validation','distinct','The :attribute field has a duplicate value.','2023-03-01 01:08:29','2023-03-01 01:08:29'),(41,1,'en','validation','doesnt_end_with','The :attribute may not end with one of the following: :values.','2023-03-01 01:08:29','2023-03-01 01:08:29'),(42,1,'en','validation','doesnt_start_with','The :attribute may not start with one of the following: :values.','2023-03-01 01:08:29','2023-03-01 01:08:29'),(43,1,'en','validation','email','The :attribute must be a valid email address.','2023-03-01 01:08:29','2023-03-01 01:08:29'),(44,1,'en','validation','ends_with','The :attribute must end with one of the following: :values.','2023-03-01 01:08:29','2023-03-01 01:08:29'),(45,1,'en','validation','enum','The selected :attribute is invalid.','2023-03-01 01:08:29','2023-03-01 01:08:29'),(46,1,'en','validation','exists','The selected :attribute is invalid.','2023-03-01 01:08:29','2023-03-01 01:08:29'),(47,1,'en','validation','file','The :attribute must be a file.','2023-03-01 01:08:29','2023-03-01 01:08:29'),(48,1,'en','validation','filled','The :attribute field must have a value.','2023-03-01 01:08:29','2023-03-01 01:08:29'),(49,1,'en','validation','gt.array','The :attribute must have more than :value items.','2023-03-01 01:08:29','2023-03-01 01:08:29'),(50,1,'en','validation','gt.file','The :attribute must be greater than :value kilobytes.','2023-03-01 01:08:29','2023-03-01 01:08:29'),(51,1,'en','validation','gt.numeric','The :attribute must be greater than :value.','2023-03-01 01:08:29','2023-03-01 01:08:29'),(52,1,'en','validation','gt.string','The :attribute must be greater than :value characters.','2023-03-01 01:08:29','2023-03-01 01:08:29'),(53,1,'en','validation','gte.array','The :attribute must have :value items or more.','2023-03-01 01:08:29','2023-03-01 01:08:29'),(54,1,'en','validation','gte.file','The :attribute must be greater than or equal to :value kilobytes.','2023-03-01 01:08:29','2023-03-01 01:08:29'),(55,1,'en','validation','gte.numeric','The :attribute must be greater than or equal to :value.','2023-03-01 01:08:29','2023-03-01 01:08:29'),(56,1,'en','validation','gte.string','The :attribute must be greater than or equal to :value characters.','2023-03-01 01:08:29','2023-03-01 01:08:29'),(57,1,'en','validation','image','The :attribute must be an image.','2023-03-01 01:08:29','2023-03-01 01:08:29'),(58,1,'en','validation','in','The selected :attribute is invalid.','2023-03-01 01:08:29','2023-03-01 01:08:29'),(59,1,'en','validation','in_array','The :attribute field does not exist in :other.','2023-03-01 01:08:29','2023-03-01 01:08:29'),(60,1,'en','validation','integer','The :attribute must be an integer.','2023-03-01 01:08:29','2023-03-01 01:08:29'),(61,1,'en','validation','ip','The :attribute must be a valid IP address.','2023-03-01 01:08:29','2023-03-01 01:08:29'),(62,1,'en','validation','ipv4','The :attribute must be a valid IPv4 address.','2023-03-01 01:08:29','2023-03-01 01:08:29'),(63,1,'en','validation','ipv6','The :attribute must be a valid IPv6 address.','2023-03-01 01:08:29','2023-03-01 01:08:29'),(64,1,'en','validation','json','The :attribute must be a valid JSON string.','2023-03-01 01:08:29','2023-03-01 01:08:29'),(65,1,'en','validation','lowercase','The :attribute must be lowercase.','2023-03-01 01:08:29','2023-03-01 01:08:29'),(66,1,'en','validation','lt.array','The :attribute must have less than :value items.','2023-03-01 01:08:29','2023-03-01 01:08:29'),(67,1,'en','validation','lt.file','The :attribute must be less than :value kilobytes.','2023-03-01 01:08:29','2023-03-01 01:08:29'),(68,1,'en','validation','lt.numeric','The :attribute must be less than :value.','2023-03-01 01:08:29','2023-03-01 01:08:29'),(69,1,'en','validation','lt.string','The :attribute must be less than :value characters.','2023-03-01 01:08:29','2023-03-01 01:08:29'),(70,1,'en','validation','lte.array','The :attribute must not have more than :value items.','2023-03-01 01:08:29','2023-03-01 01:08:29'),(71,1,'en','validation','lte.file','The :attribute must be less than or equal to :value kilobytes.','2023-03-01 01:08:29','2023-03-01 01:08:29'),(72,1,'en','validation','lte.numeric','The :attribute must be less than or equal to :value.','2023-03-01 01:08:29','2023-03-01 01:08:29'),(73,1,'en','validation','lte.string','The :attribute must be less than or equal to :value characters.','2023-03-01 01:08:29','2023-03-01 01:08:29'),(74,1,'en','validation','mac_address','The :attribute must be a valid MAC address.','2023-03-01 01:08:29','2023-03-01 01:08:29'),(75,1,'en','validation','max.array','The :attribute must not have more than :max items.','2023-03-01 01:08:29','2023-03-01 01:08:29'),(76,1,'en','validation','max.file','The :attribute must not be greater than :max kilobytes.','2023-03-01 01:08:29','2023-03-01 01:08:29'),(77,1,'en','validation','max.numeric','The :attribute must not be greater than :max.','2023-03-01 01:08:29','2023-03-01 01:08:29'),(78,1,'en','validation','max.string','The :attribute must not be greater than :max characters.','2023-03-01 01:08:29','2023-03-01 01:08:29'),(79,1,'en','validation','max_digits','The :attribute must not have more than :max digits.','2023-03-01 01:08:29','2023-03-01 01:08:29'),(80,1,'en','validation','mimes','The :attribute must be a file of type: :values.','2023-03-01 01:08:29','2023-03-01 01:08:29'),(81,1,'en','validation','mimetypes','The :attribute must be a file of type: :values.','2023-03-01 01:08:29','2023-03-01 01:08:29'),(82,1,'en','validation','min.array','The :attribute must have at least :min items.','2023-03-01 01:08:29','2023-03-01 01:08:29'),(83,1,'en','validation','min.file','The :attribute must be at least :min kilobytes.','2023-03-01 01:08:29','2023-03-01 01:08:29'),(84,1,'en','validation','min.numeric','The :attribute must be at least :min.','2023-03-01 01:08:29','2023-03-01 01:08:29'),(85,1,'en','validation','min.string','The :attribute must be at least :min characters.','2023-03-01 01:08:29','2023-03-01 01:08:29'),(86,1,'en','validation','min_digits','The :attribute must have at least :min digits.','2023-03-01 01:08:29','2023-03-01 01:08:29'),(87,1,'en','validation','missing','The :attribute field must be missing.','2023-03-01 01:08:29','2023-03-01 01:08:29'),(88,1,'en','validation','missing_if','The :attribute field must be missing when :other is :value.','2023-03-01 01:08:29','2023-03-01 01:08:29'),(89,1,'en','validation','missing_unless','The :attribute field must be missing unless :other is :value.','2023-03-01 01:08:29','2023-03-01 01:08:29'),(90,1,'en','validation','missing_with','The :attribute field must be missing when :values is present.','2023-03-01 01:08:29','2023-03-01 01:08:29'),(91,1,'en','validation','missing_with_all','The :attribute field must be missing when :values are present.','2023-03-01 01:08:29','2023-03-01 01:08:29'),(92,1,'en','validation','multiple_of','The :attribute must be a multiple of :value.','2023-03-01 01:08:29','2023-03-01 01:08:29'),(93,1,'en','validation','not_in','The selected :attribute is invalid.','2023-03-01 01:08:29','2023-03-01 01:08:29'),(94,1,'en','validation','not_regex','The :attribute format is invalid.','2023-03-01 01:08:29','2023-03-01 01:08:29'),(95,1,'en','validation','numeric','The :attribute must be a number.','2023-03-01 01:08:29','2023-03-01 01:08:29'),(96,1,'en','validation','password.letters','The :attribute must contain at least one letter.','2023-03-01 01:08:29','2023-03-01 01:08:29'),(97,1,'en','validation','password.mixed','The :attribute must contain at least one uppercase and one lowercase letter.','2023-03-01 01:08:29','2023-03-01 01:08:29'),(98,1,'en','validation','password.numbers','The :attribute must contain at least one number.','2023-03-01 01:08:29','2023-03-01 01:08:29'),(99,1,'en','validation','password.symbols','The :attribute must contain at least one symbol.','2023-03-01 01:08:29','2023-03-01 01:08:29'),(100,1,'en','validation','password.uncompromised','The given :attribute has appeared in a data leak. Please choose a different :attribute.','2023-03-01 01:08:29','2023-03-01 01:08:29'),(101,1,'en','validation','present','The :attribute field must be present.','2023-03-01 01:08:29','2023-03-01 01:08:29'),(102,1,'en','validation','prohibited','The :attribute field is prohibited.','2023-03-01 01:08:29','2023-03-01 01:08:29'),(103,1,'en','validation','prohibited_if','The :attribute field is prohibited when :other is :value.','2023-03-01 01:08:29','2023-03-01 01:08:29'),(104,1,'en','validation','prohibited_unless','The :attribute field is prohibited unless :other is in :values.','2023-03-01 01:08:29','2023-03-01 01:08:29'),(105,1,'en','validation','prohibits','The :attribute field prohibits :other from being present.','2023-03-01 01:08:29','2023-03-01 01:08:29'),(106,1,'en','validation','regex','The :attribute format is invalid.','2023-03-01 01:08:29','2023-03-01 01:08:29'),(107,1,'en','validation','required','The :attribute field is required.','2023-03-01 01:08:29','2023-03-01 01:08:29'),(108,1,'en','validation','required_array_keys','The :attribute field must contain entries for: :values.','2023-03-01 01:08:29','2023-03-01 01:08:29'),(109,1,'en','validation','required_if','The :attribute field is required when :other is :value.','2023-03-01 01:08:29','2023-03-01 01:08:29'),(110,1,'en','validation','required_if_accepted','The :attribute field is required when :other is accepted.','2023-03-01 01:08:29','2023-03-01 01:08:29'),(111,1,'en','validation','required_unless','The :attribute field is required unless :other is in :values.','2023-03-01 01:08:29','2023-03-01 01:08:29'),(112,1,'en','validation','required_with','The :attribute field is required when :values is present.','2023-03-01 01:08:29','2023-03-01 01:08:29'),(113,1,'en','validation','required_with_all','The :attribute field is required when :values are present.','2023-03-01 01:08:29','2023-03-01 01:08:29'),(114,1,'en','validation','required_without','The :attribute field is required when :values is not present.','2023-03-01 01:08:29','2023-03-01 01:08:29'),(115,1,'en','validation','required_without_all','The :attribute field is required when none of :values are present.','2023-03-01 01:08:29','2023-03-01 01:08:29'),(116,1,'en','validation','same','The :attribute and :other must match.','2023-03-01 01:08:29','2023-03-01 01:08:29'),(117,1,'en','validation','size.array','The :attribute must contain :size items.','2023-03-01 01:08:29','2023-03-01 01:08:29'),(118,1,'en','validation','size.file','The :attribute must be :size kilobytes.','2023-03-01 01:08:29','2023-03-01 01:08:29'),(119,1,'en','validation','size.numeric','The :attribute must be :size.','2023-03-01 01:08:29','2023-03-01 01:08:29'),(120,1,'en','validation','size.string','The :attribute must be :size characters.','2023-03-01 01:08:29','2023-03-01 01:08:29'),(121,1,'en','validation','starts_with','The :attribute must start with one of the following: :values.','2023-03-01 01:08:29','2023-03-01 01:08:29'),(122,1,'en','validation','string','The :attribute must be a string.','2023-03-01 01:08:29','2023-03-01 01:08:29'),(123,1,'en','validation','timezone','The :attribute must be a valid timezone.','2023-03-01 01:08:29','2023-03-01 01:08:29'),(124,1,'en','validation','unique','The :attribute has already been taken.','2023-03-01 01:08:29','2023-03-01 01:08:29'),(125,1,'en','validation','uploaded','The :attribute failed to upload.','2023-03-01 01:08:29','2023-03-01 01:08:29'),(126,1,'en','validation','uppercase','The :attribute must be uppercase.','2023-03-01 01:08:29','2023-03-01 01:08:29'),(127,1,'en','validation','url','The :attribute must be a valid URL.','2023-03-01 01:08:29','2023-03-01 01:08:29'),(128,1,'en','validation','ulid','The :attribute must be a valid ULID.','2023-03-01 01:08:29','2023-03-01 01:08:29'),(129,1,'en','validation','uuid','The :attribute must be a valid UUID.','2023-03-01 01:08:29','2023-03-01 01:08:29'),(130,1,'en','validation','custom.attribute-name.rule-name','custom-message','2023-03-01 01:08:29','2023-03-01 01:08:29'),(131,1,'en','core/acl/api','api_clients','API Clients','2023-03-01 01:08:29','2023-03-01 01:08:29'),(132,1,'en','core/acl/api','create_new_client','Create new client','2023-03-01 01:08:29','2023-03-01 01:08:29'),(133,1,'en','core/acl/api','create_new_client_success','Create new client successfully!','2023-03-01 01:08:29','2023-03-01 01:08:29'),(134,1,'en','core/acl/api','edit_client','Edit client \":name\"','2023-03-01 01:08:29','2023-03-01 01:08:29'),(135,1,'en','core/acl/api','edit_client_success','Updated client successfully!','2023-03-01 01:08:29','2023-03-01 01:08:29'),(136,1,'en','core/acl/api','delete_success','Deleted client successfully!','2023-03-01 01:08:29','2023-03-01 01:08:29'),(137,1,'en','core/acl/api','confirm_delete_title','Confirm delete client \":name\"','2023-03-01 01:08:29','2023-03-01 01:08:29'),(138,1,'en','core/acl/api','confirm_delete_description','Do you really want to delete client \":name\"?','2023-03-01 01:08:29','2023-03-01 01:08:29'),(139,1,'en','core/acl/api','cancel_delete','No','2023-03-01 01:08:29','2023-03-01 01:08:29'),(140,1,'en','core/acl/api','continue_delete','Yes, let\'s delete it!','2023-03-01 01:08:29','2023-03-01 01:08:29'),(141,1,'en','core/acl/api','name','Name','2023-03-01 01:08:29','2023-03-01 01:08:29'),(142,1,'en','core/acl/api','cancel','Cancel','2023-03-01 01:08:29','2023-03-01 01:08:29'),(143,1,'en','core/acl/api','save','Save','2023-03-01 01:08:29','2023-03-01 01:08:29'),(144,1,'en','core/acl/api','edit','Edit','2023-03-01 01:08:29','2023-03-01 01:08:29'),(145,1,'en','core/acl/api','delete','Delete','2023-03-01 01:08:29','2023-03-01 01:08:29'),(146,1,'en','core/acl/api','client_id','Client ID','2023-03-01 01:08:29','2023-03-01 01:08:29'),(147,1,'en','core/acl/api','secret','Secret','2023-03-01 01:08:29','2023-03-01 01:08:29'),(148,1,'en','core/acl/auth','login.username','Email/Username','2023-03-01 01:08:29','2023-03-01 01:08:29'),(149,1,'en','core/acl/auth','login.email','Email','2023-03-01 01:08:29','2023-03-01 01:08:29'),(150,1,'en','core/acl/auth','login.password','Password','2023-03-01 01:08:29','2023-03-01 01:08:29'),(151,1,'en','core/acl/auth','login.title','User Login','2023-03-01 01:08:29','2023-03-01 01:08:29'),(152,1,'en','core/acl/auth','login.remember','Remember me?','2023-03-01 01:08:29','2023-03-01 01:08:29'),(153,1,'en','core/acl/auth','login.login','Sign in','2023-03-01 01:08:29','2023-03-01 01:08:29'),(154,1,'en','core/acl/auth','login.placeholder.username','Please enter your username','2023-03-01 01:08:29','2023-03-01 01:08:29'),(155,1,'en','core/acl/auth','login.placeholder.email','Please enter your email','2023-03-01 01:08:29','2023-03-01 01:08:29'),(156,1,'en','core/acl/auth','login.success','Login successfully!','2023-03-01 01:08:29','2023-03-01 01:08:29'),(157,1,'en','core/acl/auth','login.fail','Wrong username or password.','2023-03-01 01:08:29','2023-03-01 01:08:29'),(158,1,'en','core/acl/auth','login.not_active','Your account has not been activated yet!','2023-03-01 01:08:29','2023-03-01 01:08:29'),(159,1,'en','core/acl/auth','login.banned','This account is banned.','2023-03-01 01:08:29','2023-03-01 01:08:29'),(160,1,'en','core/acl/auth','login.logout_success','Logout successfully!','2023-03-01 01:08:29','2023-03-01 01:08:29'),(161,1,'en','core/acl/auth','login.dont_have_account','You don\'t have account on this system, please contact administrator for more information!','2023-03-01 01:08:29','2023-03-01 01:08:29'),(162,1,'en','core/acl/auth','forgot_password.title','Forgot Password','2023-03-01 01:08:29','2023-03-01 01:08:29'),(163,1,'en','core/acl/auth','forgot_password.message','<p>Have you forgotten your password?</p><p>Please enter your email account. System will send a email with active link to reset your password.</p>','2023-03-01 01:08:29','2023-03-01 01:08:29'),(164,1,'en','core/acl/auth','forgot_password.submit','Submit','2023-03-01 01:08:29','2023-03-01 01:08:29'),(165,1,'en','core/acl/auth','reset.new_password','New password','2023-03-01 01:08:29','2023-03-01 01:08:29'),(166,1,'en','core/acl/auth','reset.password_confirmation','Confirm new password','2023-03-01 01:08:29','2023-03-01 01:08:29'),(167,1,'en','core/acl/auth','reset.email','Email','2023-03-01 01:08:29','2023-03-01 01:08:29'),(168,1,'en','core/acl/auth','reset.title','Reset your password','2023-03-01 01:08:29','2023-03-01 01:08:29'),(169,1,'en','core/acl/auth','reset.update','Update','2023-03-01 01:08:29','2023-03-01 01:08:29'),(170,1,'en','core/acl/auth','reset.wrong_token','This link is invalid or expired. Please try using reset form again.','2023-03-01 01:08:29','2023-03-01 01:08:29'),(171,1,'en','core/acl/auth','reset.user_not_found','This username is not exist.','2023-03-01 01:08:29','2023-03-01 01:08:29'),(172,1,'en','core/acl/auth','reset.success','Reset password successfully!','2023-03-01 01:08:29','2023-03-01 01:08:29'),(173,1,'en','core/acl/auth','reset.fail','Token is invalid, the reset password link has been expired!','2023-03-01 01:08:29','2023-03-01 01:08:29'),(174,1,'en','core/acl/auth','reset.reset.title','Email reset password','2023-03-01 01:08:29','2023-03-01 01:08:29'),(175,1,'en','core/acl/auth','reset.send.success','A email was sent to your email account. Please check and complete this action.','2023-03-01 01:08:29','2023-03-01 01:08:29'),(176,1,'en','core/acl/auth','reset.send.fail','Can not send email in this time. Please try again later.','2023-03-01 01:08:29','2023-03-01 01:08:29'),(177,1,'en','core/acl/auth','reset.new-password','New password','2023-03-01 01:08:29','2023-03-01 01:08:29'),(178,1,'en','core/acl/auth','email.reminder.title','Email reset password','2023-03-01 01:08:29','2023-03-01 01:08:29'),(179,1,'en','core/acl/auth','password_confirmation','Password confirm','2023-03-01 01:08:29','2023-03-01 01:08:29'),(180,1,'en','core/acl/auth','failed','Failed','2023-03-01 01:08:29','2023-03-01 01:08:29'),(181,1,'en','core/acl/auth','throttle','Throttle','2023-03-01 01:08:29','2023-03-01 01:08:29'),(182,1,'en','core/acl/auth','not_member','Not a member yet?','2023-03-01 01:08:29','2023-03-01 01:08:29'),(183,1,'en','core/acl/auth','register_now','Register now','2023-03-01 01:08:29','2023-03-01 01:08:29'),(184,1,'en','core/acl/auth','lost_your_password','Lost your password?','2023-03-01 01:08:29','2023-03-01 01:08:29'),(185,1,'en','core/acl/auth','login_title','Admin','2023-03-01 01:08:29','2023-03-01 01:08:29'),(186,1,'en','core/acl/auth','login_via_social','Login with social networks','2023-03-01 01:08:29','2023-03-01 01:08:29'),(187,1,'en','core/acl/auth','back_to_login','Back to login page','2023-03-01 01:08:29','2023-03-01 01:08:29'),(188,1,'en','core/acl/auth','sign_in_below','Sign In Below','2023-03-01 01:08:29','2023-03-01 01:08:29'),(189,1,'en','core/acl/auth','languages','Languages','2023-03-01 01:08:29','2023-03-01 01:08:29'),(190,1,'en','core/acl/auth','reset_password','Reset Password','2023-03-01 01:08:29','2023-03-01 01:08:29'),(191,1,'en','core/acl/auth','settings.email.title','ACL','2023-03-01 01:08:29','2023-03-01 01:08:29'),(192,1,'en','core/acl/auth','settings.email.description','ACL email configuration','2023-03-01 01:08:29','2023-03-01 01:08:29'),(193,1,'en','core/acl/permissions','notices.role_in_use','Cannot delete this role, it is still in use!','2023-03-01 01:08:29','2023-03-01 01:08:29'),(194,1,'en','core/acl/permissions','notices.role_delete_belong_user','You are not able to delete this role; it belongs to someone else!','2023-03-01 01:08:29','2023-03-01 01:08:29'),(195,1,'en','core/acl/permissions','notices.role_edit_belong_user','You are not able to edit this role; it belongs to someone else!','2023-03-01 01:08:29','2023-03-01 01:08:29'),(196,1,'en','core/acl/permissions','notices.delete_global_role','You are not allowed to delete global roles!','2023-03-01 01:08:29','2023-03-01 01:08:29'),(197,1,'en','core/acl/permissions','notices.delete_success','The selected role was deleted successfully!','2023-03-01 01:08:29','2023-03-01 01:08:29'),(198,1,'en','core/acl/permissions','notices.modified_success','The selected role was modified successfully!','2023-03-01 01:08:29','2023-03-01 01:08:29'),(199,1,'en','core/acl/permissions','notices.create_success','The new role was successfully created','2023-03-01 01:08:29','2023-03-01 01:08:29'),(200,1,'en','core/acl/permissions','notices.duplicated_success','The selected role was duplicated successfully','2023-03-01 01:08:29','2023-03-01 01:08:29'),(201,1,'en','core/acl/permissions','notices.no_select','Please select at least one record to take this action!','2023-03-01 01:08:29','2023-03-01 01:08:29'),(202,1,'en','core/acl/permissions','notices.not_found','Role not found','2023-03-01 01:08:29','2023-03-01 01:08:29'),(203,1,'en','core/acl/permissions','name','Name','2023-03-01 01:08:29','2023-03-01 01:08:29'),(204,1,'en','core/acl/permissions','current_role','Current Role','2023-03-01 01:08:29','2023-03-01 01:08:29'),(205,1,'en','core/acl/permissions','no_role_assigned','No role assigned','2023-03-01 01:08:29','2023-03-01 01:08:29'),(206,1,'en','core/acl/permissions','role_assigned','Assigned Role','2023-03-01 01:08:29','2023-03-01 01:08:29'),(207,1,'en','core/acl/permissions','create_role','Create New Role','2023-03-01 01:08:29','2023-03-01 01:08:29'),(208,1,'en','core/acl/permissions','role_name','Name','2023-03-01 01:08:29','2023-03-01 01:08:29'),(209,1,'en','core/acl/permissions','role_description','Description','2023-03-01 01:08:29','2023-03-01 01:08:29'),(210,1,'en','core/acl/permissions','permission_flags','Permission Flags','2023-03-01 01:08:29','2023-03-01 01:08:29'),(211,1,'en','core/acl/permissions','cancel','Cancel','2023-03-01 01:08:29','2023-03-01 01:08:29'),(212,1,'en','core/acl/permissions','reset','Reset','2023-03-01 01:08:29','2023-03-01 01:08:29'),(213,1,'en','core/acl/permissions','save','Save','2023-03-01 01:08:29','2023-03-01 01:08:29'),(214,1,'en','core/acl/permissions','global_role_msg','This is a global role and cannot be modified.  You can use the Duplicate button to make a copy of this role that you can then modify.','2023-03-01 01:08:29','2023-03-01 01:08:29'),(215,1,'en','core/acl/permissions','details','Details','2023-03-01 01:08:29','2023-03-01 01:08:29'),(216,1,'en','core/acl/permissions','duplicate','Duplicate','2023-03-01 01:08:29','2023-03-01 01:08:29'),(217,1,'en','core/acl/permissions','all','All Permissions','2023-03-01 01:08:29','2023-03-01 01:08:29'),(218,1,'en','core/acl/permissions','list_role','List Roles','2023-03-01 01:08:29','2023-03-01 01:08:29'),(219,1,'en','core/acl/permissions','created_on','Created On','2023-03-01 01:08:29','2023-03-01 01:08:29'),(220,1,'en','core/acl/permissions','created_by','Created By','2023-03-01 01:08:29','2023-03-01 01:08:29'),(221,1,'en','core/acl/permissions','actions','Actions','2023-03-01 01:08:29','2023-03-01 01:08:29'),(222,1,'en','core/acl/permissions','role_in_use','Cannot delete this role, it is still in use!','2023-03-01 01:08:29','2023-03-01 01:08:29'),(223,1,'en','core/acl/permissions','role_delete_belong_user','You are not able to delete this role; it belongs to someone else!','2023-03-01 01:08:29','2023-03-01 01:08:29'),(224,1,'en','core/acl/permissions','delete_global_role','Can not delete global role','2023-03-01 01:08:29','2023-03-01 01:08:29'),(225,1,'en','core/acl/permissions','delete_success','Delete role successfully','2023-03-01 01:08:29','2023-03-01 01:08:29'),(226,1,'en','core/acl/permissions','no_select','Please select at least one role to take this action!','2023-03-01 01:08:29','2023-03-01 01:08:29'),(227,1,'en','core/acl/permissions','not_found','No role found!','2023-03-01 01:08:29','2023-03-01 01:08:29'),(228,1,'en','core/acl/permissions','role_edit_belong_user','You are not able to edit this role; it belongs to someone else!','2023-03-01 01:08:29','2023-03-01 01:08:29'),(229,1,'en','core/acl/permissions','modified_success','Modified successfully','2023-03-01 01:08:29','2023-03-01 01:08:29'),(230,1,'en','core/acl/permissions','create_success','Create successfully','2023-03-01 01:08:29','2023-03-01 01:08:29'),(231,1,'en','core/acl/permissions','duplicated_success','Duplicated successfully','2023-03-01 01:08:29','2023-03-01 01:08:29'),(232,1,'en','core/acl/permissions','options','Options','2023-03-01 01:08:29','2023-03-01 01:08:29'),(233,1,'en','core/acl/permissions','access_denied_message','You are not allowed to do this action','2023-03-01 01:08:29','2023-03-01 01:08:29'),(234,1,'en','core/acl/permissions','roles','Roles','2023-03-01 01:08:29','2023-03-01 01:08:29'),(235,1,'en','core/acl/permissions','role_permission','Roles and Permissions','2023-03-01 01:08:29','2023-03-01 01:08:29'),(236,1,'en','core/acl/permissions','user_management','User Management','2023-03-01 01:08:29','2023-03-01 01:08:29'),(237,1,'en','core/acl/permissions','super_user_management','Super User Management','2023-03-01 01:08:29','2023-03-01 01:08:29'),(238,1,'en','core/acl/permissions','action_unauthorized','This action is unauthorized.','2023-03-01 01:08:29','2023-03-01 01:08:29'),(239,1,'en','core/acl/reminders','password','Passwords must be at least six characters and match the confirmation.','2023-03-01 01:08:29','2023-03-01 01:08:29'),(240,1,'en','core/acl/reminders','user','We can\'t find a user with that e-mail address.','2023-03-01 01:08:29','2023-03-01 01:08:29'),(241,1,'en','core/acl/reminders','token','This password reset token is invalid.','2023-03-01 01:08:29','2023-03-01 01:08:29'),(242,1,'en','core/acl/reminders','sent','Password reminder sent!','2023-03-01 01:08:29','2023-03-01 01:08:29'),(243,1,'en','core/acl/reminders','reset','Password has been reset!','2023-03-01 01:08:29','2023-03-01 01:08:29'),(244,1,'en','core/acl/users','delete_user_logged_in','Can\'t delete this user. This user is logged on!','2023-03-01 01:08:29','2023-03-01 01:08:29'),(245,1,'en','core/acl/users','no_select','Please select at least one record to take this action!','2023-03-01 01:08:29','2023-03-01 01:08:29'),(246,1,'en','core/acl/users','lock_user_logged_in','Can\'t lock this user. This user is logged on!','2023-03-01 01:08:29','2023-03-01 01:08:29'),(247,1,'en','core/acl/users','update_success','Update status successfully!','2023-03-01 01:08:29','2023-03-01 01:08:29'),(248,1,'en','core/acl/users','save_setting_failed','Something went wrong when save your setting','2023-03-01 01:08:29','2023-03-01 01:08:29'),(249,1,'en','core/acl/users','not_found','User not found','2023-03-01 01:08:29','2023-03-01 01:08:29'),(250,1,'en','core/acl/users','email_exist','That email address already belongs to an existing account','2023-03-01 01:08:29','2023-03-01 01:08:29'),(251,1,'en','core/acl/users','username_exist','That username address already belongs to an existing account','2023-03-01 01:08:29','2023-03-01 01:08:29'),(252,1,'en','core/acl/users','update_profile_success','Your profile changes were successfully saved','2023-03-01 01:08:29','2023-03-01 01:08:29'),(253,1,'en','core/acl/users','password_update_success','Password successfully changed','2023-03-01 01:08:29','2023-03-01 01:08:29'),(254,1,'en','core/acl/users','current_password_not_valid','Current password is not valid','2023-03-01 01:08:29','2023-03-01 01:08:29'),(255,1,'en','core/acl/users','user_exist_in','User is already a member','2023-03-01 01:08:29','2023-03-01 01:08:29'),(256,1,'en','core/acl/users','email','Email','2023-03-01 01:08:29','2023-03-01 01:08:29'),(257,1,'en','core/acl/users','role','Role','2023-03-01 01:08:29','2023-03-01 01:08:29'),(258,1,'en','core/acl/users','username','Username','2023-03-01 01:08:29','2023-03-01 01:08:29'),(259,1,'en','core/acl/users','last_name','Last Name','2023-03-01 01:08:29','2023-03-01 01:08:29'),(260,1,'en','core/acl/users','first_name','First Name','2023-03-01 01:08:29','2023-03-01 01:08:29'),(261,1,'en','core/acl/users','message','Message','2023-03-01 01:08:29','2023-03-01 01:08:29'),(262,1,'en','core/acl/users','cancel_btn','Cancel','2023-03-01 01:08:29','2023-03-01 01:08:29'),(263,1,'en','core/acl/users','change_password','Change password','2023-03-01 01:08:29','2023-03-01 01:08:29'),(264,1,'en','core/acl/users','current_password','Current password','2023-03-01 01:08:29','2023-03-01 01:08:29'),(265,1,'en','core/acl/users','new_password','New Password','2023-03-01 01:08:29','2023-03-01 01:08:29'),(266,1,'en','core/acl/users','confirm_new_password','Confirm New Password','2023-03-01 01:08:29','2023-03-01 01:08:29'),(267,1,'en','core/acl/users','password','Password','2023-03-01 01:08:29','2023-03-01 01:08:29'),(268,1,'en','core/acl/users','save','Save','2023-03-01 01:08:29','2023-03-01 01:08:29'),(269,1,'en','core/acl/users','cannot_delete','User could not be deleted','2023-03-01 01:08:29','2023-03-01 01:08:29'),(270,1,'en','core/acl/users','deleted','User deleted','2023-03-01 01:08:29','2023-03-01 01:08:29'),(271,1,'en','core/acl/users','last_login','Last Login','2023-03-01 01:08:29','2023-03-01 01:08:29'),(272,1,'en','core/acl/users','error_update_profile_image','Error when update profile image','2023-03-01 01:08:29','2023-03-01 01:08:29'),(273,1,'en','core/acl/users','email_reminder_template','<h3>Hello :name</h3><p>The system has received a request to restore the password for your account, to complete this task please click the link below.</p><p><a href=\":link\">Reset password now</a></p><p>If not you ask recover password, please ignore this email.</p><p>This email is valid for 60 minutes after receiving the email.</p>','2023-03-01 01:08:29','2023-03-01 01:08:29'),(274,1,'en','core/acl/users','change_profile_image','Change Profile Image','2023-03-01 01:08:29','2023-03-01 01:08:29'),(275,1,'en','core/acl/users','new_image','New Image','2023-03-01 01:08:29','2023-03-01 01:08:29'),(276,1,'en','core/acl/users','loading','Loading','2023-03-01 01:08:29','2023-03-01 01:08:29'),(277,1,'en','core/acl/users','close','Close','2023-03-01 01:08:29','2023-03-01 01:08:29'),(278,1,'en','core/acl/users','update','Update','2023-03-01 01:08:29','2023-03-01 01:08:29'),(279,1,'en','core/acl/users','read_image_failed','Failed to read the image file','2023-03-01 01:08:29','2023-03-01 01:08:29'),(280,1,'en','core/acl/users','users','Users','2023-03-01 01:08:29','2023-03-01 01:08:29'),(281,1,'en','core/acl/users','update_avatar_success','Update profile image successfully!','2023-03-01 01:08:29','2023-03-01 01:08:29'),(282,1,'en','core/acl/users','info.title','User profile','2023-03-01 01:08:29','2023-03-01 01:08:29'),(283,1,'en','core/acl/users','info.first_name','First Name','2023-03-01 01:08:29','2023-03-01 01:08:29'),(284,1,'en','core/acl/users','info.last_name','Last Name','2023-03-01 01:08:29','2023-03-01 01:08:29'),(285,1,'en','core/acl/users','total_users','Total users','2023-03-01 01:08:29','2023-03-01 01:08:29'),(286,1,'en','core/acl/users','statuses.activated','Activated','2023-03-01 01:08:29','2023-03-01 01:08:29'),(287,1,'en','core/acl/users','statuses.deactivated','Deactivated','2023-03-01 01:08:29','2023-03-01 01:08:29'),(288,1,'en','core/acl/users','make_super','Make super','2023-03-01 01:08:29','2023-03-01 01:08:29'),(289,1,'en','core/acl/users','remove_super','Remove super','2023-03-01 01:08:29','2023-03-01 01:08:29'),(290,1,'en','core/acl/users','is_super','Is super?','2023-03-01 01:08:29','2023-03-01 01:08:29'),(291,1,'en','core/acl/users','email_placeholder','Ex: example@gmail.com','2023-03-01 01:08:29','2023-03-01 01:08:29'),(292,1,'en','core/acl/users','password_confirmation','Re-type password','2023-03-01 01:08:29','2023-03-01 01:08:29'),(293,1,'en','core/acl/users','select_role','Select role','2023-03-01 01:08:29','2023-03-01 01:08:29'),(294,1,'en','core/acl/users','create_new_user','Create a new user','2023-03-01 01:08:29','2023-03-01 01:08:29'),(295,1,'en','core/acl/users','cannot_delete_super_user','Permission denied. Cannot delete a super user!','2023-03-01 01:08:29','2023-03-01 01:08:29'),(296,1,'en','core/acl/users','assigned_role','Assigned Role','2023-03-01 01:08:29','2023-03-01 01:08:29'),(297,1,'en','core/acl/users','no_role_assigned','No role assigned','2023-03-01 01:08:29','2023-03-01 01:08:29'),(298,1,'en','core/acl/users','view_user_profile','View user\'s profile','2023-03-01 01:08:29','2023-03-01 01:08:29'),(299,1,'vi','core/acl/auth','login.username','Email/Tên truy cập','2023-03-01 01:08:29','2023-03-01 01:08:29'),(300,1,'vi','core/acl/auth','login.password','Mật khẩu','2023-03-01 01:08:29','2023-03-01 01:08:29'),(301,1,'vi','core/acl/auth','login.title','Đăng nhập vào quản trị','2023-03-01 01:08:29','2023-03-01 01:08:29'),(302,1,'vi','core/acl/auth','login.remember','Nhớ mật khẩu?','2023-03-01 01:08:29','2023-03-01 01:08:29'),(303,1,'vi','core/acl/auth','login.login','Đăng nhập','2023-03-01 01:08:29','2023-03-01 01:08:29'),(304,1,'vi','core/acl/auth','login.placeholder.username','Vui lòng nhập tên truy cập','2023-03-01 01:08:29','2023-03-01 01:08:29'),(305,1,'vi','core/acl/auth','login.placeholder.email','Vui lòng nhập email','2023-03-01 01:08:29','2023-03-01 01:08:29'),(306,1,'vi','core/acl/auth','login.success','Đăng nhập thành công!','2023-03-01 01:08:29','2023-03-01 01:08:29'),(307,1,'vi','core/acl/auth','login.fail','Sai tên truy cập hoặc mật khẩu.','2023-03-01 01:08:29','2023-03-01 01:08:29'),(308,1,'vi','core/acl/auth','login.not_active','Tài khoản của bạn chưa được kích hoạt!','2023-03-01 01:08:29','2023-03-01 01:08:29'),(309,1,'vi','core/acl/auth','login.banned','Tài khoản này đã bị khóa.','2023-03-01 01:08:29','2023-03-01 01:08:29'),(310,1,'vi','core/acl/auth','login.logout_success','Đăng xuất thành công!','2023-03-01 01:08:29','2023-03-01 01:08:29'),(311,1,'vi','core/acl/auth','login.dont_have_account','Bạn không có tài khoản trong hệ thống, vui lòng liên hệ quản trị viên!','2023-03-01 01:08:29','2023-03-01 01:08:29'),(312,1,'vi','core/acl/auth','login.email','Email','2023-03-01 01:08:29','2023-03-01 01:08:29'),(313,1,'vi','core/acl/auth','forgot_password.title','Quên mật khẩu','2023-03-01 01:08:29','2023-03-01 01:08:29'),(314,1,'vi','core/acl/auth','forgot_password.message','<p>Quên mật khẩu?</p><p>Vui lòng nhập email đăng nhập tài khoản của bạn để hệ thống gửi liên kết khôi phục mật khẩu.</p>','2023-03-01 01:08:29','2023-03-01 01:08:29'),(315,1,'vi','core/acl/auth','forgot_password.submit','Hoàn tất','2023-03-01 01:08:29','2023-03-01 01:08:29'),(316,1,'vi','core/acl/auth','reset.new_password','Mật khẩu mới','2023-03-01 01:08:29','2023-03-01 01:08:29'),(317,1,'vi','core/acl/auth','reset.title','Khôi phục mật khẩu','2023-03-01 01:08:29','2023-03-01 01:08:29'),(318,1,'vi','core/acl/auth','reset.update','Cập nhật','2023-03-01 01:08:29','2023-03-01 01:08:29'),(319,1,'vi','core/acl/auth','reset.wrong_token','Liên kết này không chính xác hoặc đã hết hiệu lực, vui lòng yêu cầu khôi phục mật khẩu lại!','2023-03-01 01:08:29','2023-03-01 01:08:29'),(320,1,'vi','core/acl/auth','reset.user_not_found','Tên đăng nhập không tồn tại.','2023-03-01 01:08:29','2023-03-01 01:08:29'),(321,1,'vi','core/acl/auth','reset.success','Khôi phục mật khẩu thành công!','2023-03-01 01:08:29','2023-03-01 01:08:29'),(322,1,'vi','core/acl/auth','reset.fail','Token không hợp lệ hoặc liên kết khôi phục mật khẩu đã hết thời gian hiệu lực!','2023-03-01 01:08:29','2023-03-01 01:08:29'),(323,1,'vi','core/acl/auth','reset.reset.title','Email khôi phục mật khẩu','2023-03-01 01:08:29','2023-03-01 01:08:29'),(324,1,'vi','core/acl/auth','reset.send.success','Một email khôi phục mật khẩu đã được gửi tới email của bạn, vui lòng kiểm tra và hoàn tất yêu cầu.','2023-03-01 01:08:29','2023-03-01 01:08:29'),(325,1,'vi','core/acl/auth','reset.send.fail','Không thể gửi email trong lúc này. Vui lòng thực hiện lại sau.','2023-03-01 01:08:29','2023-03-01 01:08:29'),(326,1,'vi','core/acl/auth','reset.new-password','Mật khẩu mới','2023-03-01 01:08:29','2023-03-01 01:08:29'),(327,1,'vi','core/acl/auth','reset.email','Email','2023-03-01 01:08:29','2023-03-01 01:08:29'),(328,1,'vi','core/acl/auth','reset.password_confirmation','Xác nhận mật khẩu mới','2023-03-01 01:08:29','2023-03-01 01:08:29'),(329,1,'vi','core/acl/auth','email.reminder.title','Email khôi phục mật khẩu','2023-03-01 01:08:29','2023-03-01 01:08:29'),(330,1,'vi','core/acl/auth','failed','Không thành công','2023-03-01 01:08:29','2023-03-01 01:08:29'),(331,1,'vi','core/acl/auth','throttle','Throttle','2023-03-01 01:08:29','2023-03-01 01:08:29'),(332,1,'vi','core/acl/auth','back_to_login','Quay lại trang đăng nhập','2023-03-01 01:08:29','2023-03-01 01:08:29'),(333,1,'vi','core/acl/auth','login_title','Đăng nhập vào quản trị','2023-03-01 01:08:29','2023-03-01 01:08:29'),(334,1,'vi','core/acl/auth','login_via_social','Đăng nhập thông qua mạng xã hội','2023-03-01 01:08:29','2023-03-01 01:08:29'),(335,1,'vi','core/acl/auth','lost_your_password','Quên mật khẩu?','2023-03-01 01:08:29','2023-03-01 01:08:29'),(336,1,'vi','core/acl/auth','not_member','Chưa là thành viên?','2023-03-01 01:08:29','2023-03-01 01:08:29'),(337,1,'vi','core/acl/auth','register_now','Đăng ký ngay','2023-03-01 01:08:29','2023-03-01 01:08:29'),(338,1,'vi','core/acl/auth','languages','Ngôn ngữ','2023-03-01 01:08:29','2023-03-01 01:08:29'),(339,1,'vi','core/acl/auth','password_confirmation','Xác nhận mật khẩu','2023-03-01 01:08:29','2023-03-01 01:08:29'),(340,1,'vi','core/acl/auth','reset_password','Khôi phục mật khẩu','2023-03-01 01:08:29','2023-03-01 01:08:29'),(341,1,'vi','core/acl/auth','sign_in_below','Đăng nhập','2023-03-01 01:08:29','2023-03-01 01:08:29'),(342,1,'vi','core/acl/permissions','notices.role_in_use','Không thể xóa quyền người dùng này vì nó đang được sử dụng!','2023-03-01 01:08:29','2023-03-01 01:08:29'),(343,1,'vi','core/acl/permissions','notices.role_delete_belong_user','Không thể xóa quyền hạn này vì nó thuộc về người khác!','2023-03-01 01:08:29','2023-03-01 01:08:29'),(344,1,'vi','core/acl/permissions','notices.role_edit_belong_user','Bạn không được phép sửa quyền này vì nó thuộc về người khác','2023-03-01 01:08:29','2023-03-01 01:08:29'),(345,1,'vi','core/acl/permissions','notices.delete_global_role','Bạn không thể xóa quyền người dùng hệ thống!','2023-03-01 01:08:29','2023-03-01 01:08:29'),(346,1,'vi','core/acl/permissions','notices.delete_success','Quyền người dùng đã được xóa!','2023-03-01 01:08:29','2023-03-01 01:08:29'),(347,1,'vi','core/acl/permissions','notices.modified_success','Quyền người dùng đã được cập nhật thành công!','2023-03-01 01:08:29','2023-03-01 01:08:29'),(348,1,'vi','core/acl/permissions','notices.create_success','Quyền người dùng mới đã được tạo thành công!','2023-03-01 01:08:29','2023-03-01 01:08:29'),(349,1,'vi','core/acl/permissions','notices.duplicated_success','Quyền người dùng đã được sao chép thành công!','2023-03-01 01:08:29','2023-03-01 01:08:29'),(350,1,'vi','core/acl/permissions','notices.no_select','Hãy chọn ít nhất một quyền người dùng để thực hiện hành động này!','2023-03-01 01:08:29','2023-03-01 01:08:29'),(351,1,'vi','core/acl/permissions','notices.not_found','Không tìm thấy quyền người dùng này','2023-03-01 01:08:29','2023-03-01 01:08:29'),(352,1,'vi','core/acl/permissions','name','Tên','2023-03-01 01:08:29','2023-03-01 01:08:29'),(353,1,'vi','core/acl/permissions','current_role','Quyền hiện tại','2023-03-01 01:08:29','2023-03-01 01:08:29'),(354,1,'vi','core/acl/permissions','no_role_assigned','Không có quyền hạn nào','2023-03-01 01:08:29','2023-03-01 01:08:29'),(355,1,'vi','core/acl/permissions','role_assigned','Quyền đã được gán','2023-03-01 01:08:29','2023-03-01 01:08:29'),(356,1,'vi','core/acl/permissions','create_role','Tạo quyền mới','2023-03-01 01:08:29','2023-03-01 01:08:29'),(357,1,'vi','core/acl/permissions','role_name','Tên','2023-03-01 01:08:29','2023-03-01 01:08:29'),(358,1,'vi','core/acl/permissions','role_description','Mô tả','2023-03-01 01:08:29','2023-03-01 01:08:29'),(359,1,'vi','core/acl/permissions','permission_flags','Cờ đánh dấu quyền hạn','2023-03-01 01:08:29','2023-03-01 01:08:29'),(360,1,'vi','core/acl/permissions','cancel','Hủy bỏ','2023-03-01 01:08:29','2023-03-01 01:08:29'),(361,1,'vi','core/acl/permissions','reset','Làm lại','2023-03-01 01:08:29','2023-03-01 01:08:29'),(362,1,'vi','core/acl/permissions','save','Lưu','2023-03-01 01:08:29','2023-03-01 01:08:29'),(363,1,'vi','core/acl/permissions','global_role_msg','Đây là một phân quyền toàn cục và không thể thay đổi.  Bạn có thể sử dụng nút \"Nhân bản\" để tạo một bản sao chép cho phân quyền này và chỉnh sửa.','2023-03-01 01:08:29','2023-03-01 01:08:29'),(364,1,'vi','core/acl/permissions','details','Chi tiết','2023-03-01 01:08:29','2023-03-01 01:08:29'),(365,1,'vi','core/acl/permissions','duplicate','Nhân bản','2023-03-01 01:08:29','2023-03-01 01:08:29'),(366,1,'vi','core/acl/permissions','all','Tất cả phân quyền','2023-03-01 01:08:29','2023-03-01 01:08:29'),(367,1,'vi','core/acl/permissions','list_role','Danh sách quyền','2023-03-01 01:08:29','2023-03-01 01:08:29'),(368,1,'vi','core/acl/permissions','created_on','Ngày tạo','2023-03-01 01:08:29','2023-03-01 01:08:29'),(369,1,'vi','core/acl/permissions','created_by','Được tạo bởi','2023-03-01 01:08:29','2023-03-01 01:08:29'),(370,1,'vi','core/acl/permissions','actions','Tác vụ','2023-03-01 01:08:29','2023-03-01 01:08:29'),(371,1,'vi','core/acl/permissions','create_success','Tạo thành công!','2023-03-01 01:08:29','2023-03-01 01:08:29'),(372,1,'vi','core/acl/permissions','delete_global_role','Không thể xóa quyền hệ thống','2023-03-01 01:08:29','2023-03-01 01:08:29'),(373,1,'vi','core/acl/permissions','delete_success','Xóa quyền thành công','2023-03-01 01:08:29','2023-03-01 01:08:29'),(374,1,'vi','core/acl/permissions','duplicated_success','Nhân bản thành công','2023-03-01 01:08:29','2023-03-01 01:08:29'),(375,1,'vi','core/acl/permissions','modified_success','Sửa thành công','2023-03-01 01:08:29','2023-03-01 01:08:29'),(376,1,'vi','core/acl/permissions','no_select','Hãy chọn ít nhất một quyền để thực hiện hành động này!','2023-03-01 01:08:29','2023-03-01 01:08:29'),(377,1,'vi','core/acl/permissions','not_found','Không tìm thấy quyền thành viên nào!','2023-03-01 01:08:29','2023-03-01 01:08:29'),(378,1,'vi','core/acl/permissions','options','Tùy chọn','2023-03-01 01:08:29','2023-03-01 01:08:29'),(379,1,'vi','core/acl/permissions','role_delete_belong_user','Không thể xóa quyền hạn này vì nó thuộc về người khác!','2023-03-01 01:08:29','2023-03-01 01:08:29'),(380,1,'vi','core/acl/permissions','role_edit_belong_user','Bạn không được phép sửa quyền này vì nó thuộc về người khác','2023-03-01 01:08:29','2023-03-01 01:08:29'),(381,1,'vi','core/acl/permissions','role_in_use','Không thể xóa quyền người dùng này vì nó đang được sử dụng!','2023-03-01 01:08:29','2023-03-01 01:08:29'),(382,1,'vi','core/acl/permissions','access_denied_message','Bạn không có quyền sử dụng chức năng này!','2023-03-01 01:08:29','2023-03-01 01:08:29'),(383,1,'vi','core/acl/permissions','roles','Quyền','2023-03-01 01:08:29','2023-03-01 01:08:29'),(384,1,'vi','core/acl/permissions','role_permission','Nhóm và phân quyền','2023-03-01 01:08:29','2023-03-01 01:08:29'),(385,1,'vi','core/acl/permissions','user_management','Quản lý người dùng hệ thống','2023-03-01 01:08:29','2023-03-01 01:08:29'),(386,1,'vi','core/acl/permissions','super_user_management','Quản lý người dùng cấp cao','2023-03-01 01:08:29','2023-03-01 01:08:29'),(387,1,'vi','core/acl/permissions','action_unauthorized','Hành động này không được phép','2023-03-01 01:08:29','2023-03-01 01:08:29'),(388,1,'vi','core/acl/reminders','password','Mật khẩu phải ít nhất 6 kí tự và trùng khớp với mật khẩu xác nhận.','2023-03-01 01:08:29','2023-03-01 01:08:29'),(389,1,'vi','core/acl/reminders','user','Hệ thống không thể tìm thấy tài khoản với email này.','2023-03-01 01:08:29','2023-03-01 01:08:29'),(390,1,'vi','core/acl/reminders','token','Mã khôi phục mật khẩu này không hợp lệ.','2023-03-01 01:08:29','2023-03-01 01:08:29'),(391,1,'vi','core/acl/reminders','sent','Liên kết khôi phục mật khẩu đã được gửi!','2023-03-01 01:08:29','2023-03-01 01:08:29'),(392,1,'vi','core/acl/reminders','reset','Mật khẩu đã được thay đổi!','2023-03-01 01:08:29','2023-03-01 01:08:29'),(393,1,'vi','core/acl/users','delete_user_logged_in','Không thể xóa người dùng đang đăng nhập hệ thống!','2023-03-01 01:08:29','2023-03-01 01:08:29'),(394,1,'vi','core/acl/users','no_select','Hãy chọn ít nhất một trường để thực hiện hành động này!','2023-03-01 01:08:29','2023-03-01 01:08:29'),(395,1,'vi','core/acl/users','lock_user_logged_in','Không thể khóa người dùng đang đăng nhập hệ thống!','2023-03-01 01:08:29','2023-03-01 01:08:29'),(396,1,'vi','core/acl/users','update_success','Cập nhật trạng thái thành công!','2023-03-01 01:08:29','2023-03-01 01:08:29'),(397,1,'vi','core/acl/users','save_setting_failed','Có lỗi xảy ra trong quá trình lưu cài đặt của người dùng','2023-03-01 01:08:29','2023-03-01 01:08:29'),(398,1,'vi','core/acl/users','not_found','Không tìm thấy người dùng','2023-03-01 01:08:29','2023-03-01 01:08:29'),(399,1,'vi','core/acl/users','email_exist','Email này đã được sử dụng bởi người dùng khác trong hệ thống','2023-03-01 01:08:29','2023-03-01 01:08:29'),(400,1,'vi','core/acl/users','username_exist','Tên đăng nhập này đã được sử dụng bởi người dùng khác trong hệ thống','2023-03-01 01:08:29','2023-03-01 01:08:29'),(401,1,'vi','core/acl/users','update_profile_success','Thông tin tài khoản của bạn đã được cập nhật thành công','2023-03-01 01:08:29','2023-03-01 01:08:29'),(402,1,'vi','core/acl/users','password_update_success','Cập nhật mật khẩu thành công','2023-03-01 01:08:29','2023-03-01 01:08:29'),(403,1,'vi','core/acl/users','current_password_not_valid','Mật khẩu hiện tại không chính xác','2023-03-01 01:08:29','2023-03-01 01:08:29'),(404,1,'vi','core/acl/users','user_exist_in','Người dùng đã là thành viên','2023-03-01 01:08:29','2023-03-01 01:08:29'),(405,1,'vi','core/acl/users','email','Email','2023-03-01 01:08:29','2023-03-01 01:08:29'),(406,1,'vi','core/acl/users','username','Tên đăng nhập','2023-03-01 01:08:29','2023-03-01 01:08:29'),(407,1,'vi','core/acl/users','role','Phân quyền','2023-03-01 01:08:29','2023-03-01 01:08:29'),(408,1,'vi','core/acl/users','first_name','Họ','2023-03-01 01:08:29','2023-03-01 01:08:29'),(409,1,'vi','core/acl/users','last_name','Tên','2023-03-01 01:08:29','2023-03-01 01:08:29'),(410,1,'vi','core/acl/users','message','Thông điệp','2023-03-01 01:08:29','2023-03-01 01:08:29'),(411,1,'vi','core/acl/users','cancel_btn','Hủy bỏ','2023-03-01 01:08:29','2023-03-01 01:08:29'),(412,1,'vi','core/acl/users','password','Mật khẩu','2023-03-01 01:08:29','2023-03-01 01:08:29'),(413,1,'vi','core/acl/users','new_password','Mật khẩu mới','2023-03-01 01:08:29','2023-03-01 01:08:29'),(414,1,'vi','core/acl/users','save','Lưu','2023-03-01 01:08:29','2023-03-01 01:08:29'),(415,1,'vi','core/acl/users','confirm_new_password','Xác nhận mật khẩu mới','2023-03-01 01:08:29','2023-03-01 01:08:29'),(416,1,'vi','core/acl/users','deleted','Xóa thành viên thành công','2023-03-01 01:08:29','2023-03-01 01:08:29'),(417,1,'vi','core/acl/users','cannot_delete','Không thể xóa thành viên','2023-03-01 01:08:29','2023-03-01 01:08:29'),(418,1,'vi','core/acl/users','last_login','Lần cuối đăng nhập','2023-03-01 01:08:29','2023-03-01 01:08:29'),(419,1,'vi','core/acl/users','error_update_profile_image','Có lỗi trong quá trình đổi ảnh đại diện','2023-03-01 01:08:29','2023-03-01 01:08:29'),(420,1,'vi','core/acl/users','email_reminder_template','<h3>Xin chào :name</h3><p>Hệ thống vừa nhận được yêu cầu khôi phục mật khẩu cho tài khoản của bạn, để hoàn tất tác vụ này vui lòng click vào đường link bên dưới.</p><p><a href=\":link\">Khôi phục mật khẩu</a></p><p>Nếu không phải bạn yêu cầu khôi phục mật khẩu, vui lòng bỏ qua email này.</p><p>Email này có giá trị trong vòng 60 phút kể từ lúc nhận được email.</p>','2023-03-01 01:08:29','2023-03-01 01:08:29'),(421,1,'vi','core/acl/users','change_profile_image','Thay đổi ảnh đại diện','2023-03-01 01:08:29','2023-03-01 01:08:29'),(422,1,'vi','core/acl/users','new_image','Ảnh mới','2023-03-01 01:08:29','2023-03-01 01:08:29'),(423,1,'vi','core/acl/users','loading','Đang tải','2023-03-01 01:08:29','2023-03-01 01:08:29'),(424,1,'vi','core/acl/users','close','Đóng','2023-03-01 01:08:29','2023-03-01 01:08:29'),(425,1,'vi','core/acl/users','update','Cập nhật','2023-03-01 01:08:29','2023-03-01 01:08:29'),(426,1,'vi','core/acl/users','read_image_failed','Không đọc được nội dung của hình ảnh','2023-03-01 01:08:29','2023-03-01 01:08:29'),(427,1,'vi','core/acl/users','update_avatar_success','Cập nhật ảnh đại diện thành công!','2023-03-01 01:08:29','2023-03-01 01:08:29'),(428,1,'vi','core/acl/users','users','Quản trị viên','2023-03-01 01:08:29','2023-03-01 01:08:29'),(429,1,'vi','core/acl/users','info.title','Thông tin người dùng','2023-03-01 01:08:29','2023-03-01 01:08:29'),(430,1,'vi','core/acl/users','info.first_name','Họ','2023-03-01 01:08:29','2023-03-01 01:08:29'),(431,1,'vi','core/acl/users','info.last_name','Tên','2023-03-01 01:08:29','2023-03-01 01:08:29'),(432,1,'vi','core/acl/users','statuses.activated','Đang hoạt động','2023-03-01 01:08:29','2023-03-01 01:08:29'),(433,1,'vi','core/acl/users','statuses.deactivated','Đã khoá','2023-03-01 01:08:29','2023-03-01 01:08:29'),(434,1,'vi','core/acl/users','change_password','Thay đổi mật khẩu','2023-03-01 01:08:29','2023-03-01 01:08:29'),(435,1,'vi','core/acl/users','current_password','Mật khẩu hiện tại','2023-03-01 01:08:29','2023-03-01 01:08:29'),(436,1,'vi','core/acl/users','make_super','Thiết lập quyền cao nhất','2023-03-01 01:08:29','2023-03-01 01:08:29'),(437,1,'vi','core/acl/users','remove_super','Loại bỏ quyền cao nhất','2023-03-01 01:08:29','2023-03-01 01:08:29'),(438,1,'vi','core/acl/users','is_super','Quyền cao nhất?','2023-03-01 01:08:29','2023-03-01 01:08:29'),(439,1,'vi','core/acl/users','email_placeholder','Ex: example@gmail.com','2023-03-01 01:08:29','2023-03-01 01:08:29'),(440,1,'vi','core/acl/users','password_confirmation','Nhập lại mật khẩu','2023-03-01 01:08:29','2023-03-01 01:08:29'),(441,1,'vi','core/acl/users','select_role','Chọn nhóm','2023-03-01 01:08:29','2023-03-01 01:08:29'),(442,1,'vi','core/acl/users','create_new_user','Tạo tài khoản quản trị viên mới','2023-03-01 01:08:29','2023-03-01 01:08:29'),(443,1,'vi','core/acl/users','cannot_delete_super_user','Vượt quyền hạn, không thể xoá quản trị viên cấp cao nhất!','2023-03-01 01:08:29','2023-03-01 01:08:29'),(444,1,'vi','core/acl/users','assigned_role','Cấp quyền','2023-03-01 01:08:29','2023-03-01 01:08:29'),(445,1,'vi','core/acl/users','total_users','Tổng số người dùng','2023-03-01 01:08:29','2023-03-01 01:08:29'),(446,1,'vi','core/acl/users','view_user_profile','Xem thông tin người dùng','2023-03-01 01:08:29','2023-03-01 01:08:29'),(447,1,'vi','core/acl/users','no_role_assigned','Chưa có quyền nào','2023-03-01 01:08:29','2023-03-01 01:08:29'),(448,1,'en','core/base/base','yes','Yes','2023-03-01 01:08:29','2023-03-01 01:08:29'),(449,1,'en','core/base/base','no','No','2023-03-01 01:08:29','2023-03-01 01:08:29'),(450,1,'en','core/base/base','is_default','Is default?','2023-03-01 01:08:29','2023-03-01 01:08:29'),(451,1,'en','core/base/base','proc_close_disabled_error','Function proc_close() is disabled. Please contact your hosting provider to enable\n    it. Or you can add to .env: CAN_EXECUTE_COMMAND=false to disable this feature.','2023-03-01 01:08:29','2023-03-01 01:08:29'),(452,1,'en','core/base/base','email_template.header','Email template header','2023-03-01 01:08:29','2023-03-01 01:08:29'),(453,1,'en','core/base/base','email_template.footer','Email template footer','2023-03-01 01:08:29','2023-03-01 01:08:29'),(454,1,'en','core/base/base','email_template.site_title','Site title','2023-03-01 01:08:29','2023-03-01 01:08:29'),(455,1,'en','core/base/base','email_template.site_url','Site URL','2023-03-01 01:08:29','2023-03-01 01:08:29'),(456,1,'en','core/base/base','email_template.site_logo','Site Logo','2023-03-01 01:08:29','2023-03-01 01:08:29'),(457,1,'en','core/base/base','email_template.date_time','Current date time','2023-03-01 01:08:29','2023-03-01 01:08:29'),(458,1,'en','core/base/base','email_template.date_year','Current year','2023-03-01 01:08:29','2023-03-01 01:08:29'),(459,1,'en','core/base/base','email_template.site_admin_email','Site admin email','2023-03-01 01:08:29','2023-03-01 01:08:29'),(460,1,'en','core/base/base','change_image','Change image','2023-03-01 01:08:29','2023-03-01 01:08:29'),(461,1,'en','core/base/base','delete_image','Delete image','2023-03-01 01:08:29','2023-03-01 01:08:29'),(462,1,'en','core/base/base','preview_image','Preview image','2023-03-01 01:08:29','2023-03-01 01:08:29'),(463,1,'en','core/base/base','image','Image','2023-03-01 01:08:29','2023-03-01 01:08:29'),(464,1,'en','core/base/base','using_button','Using button','2023-03-01 01:08:30','2023-03-01 01:08:30'),(465,1,'en','core/base/base','select_image','Select image','2023-03-01 01:08:30','2023-03-01 01:08:30'),(466,1,'en','core/base/base','to_add_more_image','to add more images','2023-03-01 01:08:30','2023-03-01 01:08:30'),(467,1,'en','core/base/base','add_image','Add image','2023-03-01 01:08:30','2023-03-01 01:08:30'),(468,1,'en','core/base/base','tools','Tools','2023-03-01 01:08:30','2023-03-01 01:08:30'),(469,1,'en','core/base/cache','cache_management','Cache management','2023-03-01 01:08:30','2023-03-01 01:08:30'),(470,1,'en','core/base/cache','cache_commands','Clear cache commands','2023-03-01 01:08:30','2023-03-01 01:08:30'),(471,1,'en','core/base/cache','commands.clear_cms_cache.title','Clear all CMS cache','2023-03-01 01:08:30','2023-03-01 01:08:30'),(472,1,'en','core/base/cache','commands.clear_cms_cache.description','Clear CMS caching: database caching, static blocks... Run this command when you don\'t see the changes after updating data.','2023-03-01 01:08:30','2023-03-01 01:08:30'),(473,1,'en','core/base/cache','commands.clear_cms_cache.success_msg','Cache cleaned','2023-03-01 01:08:30','2023-03-01 01:08:30'),(474,1,'en','core/base/cache','commands.refresh_compiled_views.title','Refresh compiled views','2023-03-01 01:08:30','2023-03-01 01:08:30'),(475,1,'en','core/base/cache','commands.refresh_compiled_views.description','Clear compiled views to make views up to date.','2023-03-01 01:08:30','2023-03-01 01:08:30'),(476,1,'en','core/base/cache','commands.refresh_compiled_views.success_msg','Cache view refreshed','2023-03-01 01:08:30','2023-03-01 01:08:30'),(477,1,'en','core/base/cache','commands.clear_config_cache.title','Clear config cache','2023-03-01 01:08:30','2023-03-01 01:08:30'),(478,1,'en','core/base/cache','commands.clear_config_cache.description','You might need to refresh the config caching when you change something on production environment.','2023-03-01 01:08:30','2023-03-01 01:08:30'),(479,1,'en','core/base/cache','commands.clear_config_cache.success_msg','Config cache cleaned','2023-03-01 01:08:30','2023-03-01 01:08:30'),(480,1,'en','core/base/cache','commands.clear_route_cache.title','Clear route cache','2023-03-01 01:08:30','2023-03-01 01:08:30'),(481,1,'en','core/base/cache','commands.clear_route_cache.description','Clear cache routing.','2023-03-01 01:08:30','2023-03-01 01:08:30'),(482,1,'en','core/base/cache','commands.clear_route_cache.success_msg','The route cache has been cleaned','2023-03-01 01:08:30','2023-03-01 01:08:30'),(483,1,'en','core/base/cache','commands.clear_log.title','Clear log','2023-03-01 01:08:30','2023-03-01 01:08:30'),(484,1,'en','core/base/cache','commands.clear_log.description','Clear system log files','2023-03-01 01:08:30','2023-03-01 01:08:30'),(485,1,'en','core/base/cache','commands.clear_log.success_msg','The system log has been cleaned','2023-03-01 01:08:30','2023-03-01 01:08:30'),(486,1,'en','core/base/enums','statuses.draft','Draft','2023-03-01 01:08:30','2023-03-01 01:08:30'),(487,1,'en','core/base/enums','statuses.pending','Pending','2023-03-01 01:08:30','2023-03-01 01:08:30'),(488,1,'en','core/base/enums','statuses.published','Published','2023-03-01 01:08:30','2023-03-01 01:08:30'),(489,1,'en','core/base/errors','401_title','Permission Denied','2023-03-01 01:08:30','2023-03-01 01:08:30'),(490,1,'en','core/base/errors','401_msg','<li>You have not been granted access to the section by the administrator.</li>\n	                <li>You may have the wrong account type.</li>\n	                <li>You are not authorized to view the requested resource.</li>\n	                <li>Your subscription may have expired.</li>','2023-03-01 01:08:30','2023-03-01 01:08:30'),(491,1,'en','core/base/errors','404_title','Page could not be found','2023-03-01 01:08:30','2023-03-01 01:08:30'),(492,1,'en','core/base/errors','404_msg','<li>The page you requested does not exist.</li>\n	                <li>The link you clicked is no longer.</li>\n	                <li>The page may have moved to a new location.</li>\n	                <li>An error may have occurred.</li>\n	                <li>You are not authorized to view the requested resource.</li>','2023-03-01 01:08:30','2023-03-01 01:08:30'),(493,1,'en','core/base/errors','500_title','Page could not be loaded','2023-03-01 01:08:30','2023-03-01 01:08:30'),(494,1,'en','core/base/errors','500_msg','<li>The page you requested does not exist.</li>\n	                <li>The link you clicked is no longer.</li>\n	                <li>The page may have moved to a new location.</li>\n	                <li>An error may have occurred.</li>\n	                <li>You are not authorized to view the requested resource.</li>','2023-03-01 01:08:30','2023-03-01 01:08:30'),(495,1,'en','core/base/errors','reasons','This may have occurred because of several reasons','2023-03-01 01:08:30','2023-03-01 01:08:30'),(496,1,'en','core/base/errors','try_again','Please try again in a few minutes, or alternatively return to the homepage by <a href=\"https://martfury.test/admin\">clicking here</a>.','2023-03-01 01:08:30','2023-03-01 01:08:30'),(497,1,'en','core/base/errors','not_found','Not Found','2023-03-01 01:08:30','2023-03-01 01:08:30'),(498,1,'en','core/base/forms','choose_image','Choose image','2023-03-01 01:08:30','2023-03-01 01:08:30'),(499,1,'en','core/base/forms','actions','Actions','2023-03-01 01:08:30','2023-03-01 01:08:30'),(500,1,'en','core/base/forms','save','Save','2023-03-01 01:08:30','2023-03-01 01:08:30'),(501,1,'en','core/base/forms','save_and_continue','Save & Edit','2023-03-01 01:08:30','2023-03-01 01:08:30'),(502,1,'en','core/base/forms','image','Image','2023-03-01 01:08:30','2023-03-01 01:08:30'),(503,1,'en','core/base/forms','image_placeholder','Insert path of image or click upload button','2023-03-01 01:08:30','2023-03-01 01:08:30'),(504,1,'en','core/base/forms','create','Create','2023-03-01 01:08:30','2023-03-01 01:08:30'),(505,1,'en','core/base/forms','edit','Edit','2023-03-01 01:08:30','2023-03-01 01:08:30'),(506,1,'en','core/base/forms','permalink','Permalink','2023-03-01 01:08:30','2023-03-01 01:08:30'),(507,1,'en','core/base/forms','ok','OK','2023-03-01 01:08:30','2023-03-01 01:08:30'),(508,1,'en','core/base/forms','cancel','Cancel','2023-03-01 01:08:30','2023-03-01 01:08:30'),(509,1,'en','core/base/forms','character_remain','character(s) remain','2023-03-01 01:08:30','2023-03-01 01:08:30'),(510,1,'en','core/base/forms','template','Template','2023-03-01 01:08:30','2023-03-01 01:08:30'),(511,1,'en','core/base/forms','choose_file','Choose file','2023-03-01 01:08:30','2023-03-01 01:08:30'),(512,1,'en','core/base/forms','file','File','2023-03-01 01:08:30','2023-03-01 01:08:30'),(513,1,'en','core/base/forms','content','Content','2023-03-01 01:08:30','2023-03-01 01:08:30'),(514,1,'en','core/base/forms','description','Description','2023-03-01 01:08:30','2023-03-01 01:08:30'),(515,1,'en','core/base/forms','name','Name','2023-03-01 01:08:30','2023-03-01 01:08:30'),(516,1,'en','core/base/forms','slug','Slug','2023-03-01 01:08:30','2023-03-01 01:08:30'),(517,1,'en','core/base/forms','title','Title','2023-03-01 01:08:30','2023-03-01 01:08:30'),(518,1,'en','core/base/forms','value','Value','2023-03-01 01:08:30','2023-03-01 01:08:30'),(519,1,'en','core/base/forms','name_placeholder','Name','2023-03-01 01:08:30','2023-03-01 01:08:30'),(520,1,'en','core/base/forms','alias_placeholder','Alias','2023-03-01 01:08:30','2023-03-01 01:08:30'),(521,1,'en','core/base/forms','description_placeholder','Short description','2023-03-01 01:08:30','2023-03-01 01:08:30'),(522,1,'en','core/base/forms','parent','Parent','2023-03-01 01:08:30','2023-03-01 01:08:30'),(523,1,'en','core/base/forms','icon','Icon','2023-03-01 01:08:30','2023-03-01 01:08:30'),(524,1,'en','core/base/forms','icon_placeholder','Ex: fa fa-home','2023-03-01 01:08:30','2023-03-01 01:08:30'),(525,1,'en','core/base/forms','order_by','Order by','2023-03-01 01:08:30','2023-03-01 01:08:30'),(526,1,'en','core/base/forms','order_by_placeholder','Order by','2023-03-01 01:08:30','2023-03-01 01:08:30'),(527,1,'en','core/base/forms','is_featured','Is featured?','2023-03-01 01:08:30','2023-03-01 01:08:30'),(528,1,'en','core/base/forms','is_default','Is default?','2023-03-01 01:08:30','2023-03-01 01:08:30'),(529,1,'en','core/base/forms','update','Update','2023-03-01 01:08:30','2023-03-01 01:08:30'),(530,1,'en','core/base/forms','publish','Publish','2023-03-01 01:08:30','2023-03-01 01:08:30'),(531,1,'en','core/base/forms','remove_image','Remove image','2023-03-01 01:08:30','2023-03-01 01:08:30'),(532,1,'en','core/base/forms','remove_file','Remove file','2023-03-01 01:08:30','2023-03-01 01:08:30'),(533,1,'en','core/base/forms','order','Order','2023-03-01 01:08:30','2023-03-01 01:08:30'),(534,1,'en','core/base/forms','alias','Alias','2023-03-01 01:08:30','2023-03-01 01:08:30'),(535,1,'en','core/base/forms','basic_information','Basic information','2023-03-01 01:08:30','2023-03-01 01:08:30'),(536,1,'en','core/base/forms','short_code','Shortcode','2023-03-01 01:08:30','2023-03-01 01:08:30'),(537,1,'en','core/base/forms','add_short_code','Add a shortcode','2023-03-01 01:08:30','2023-03-01 01:08:30'),(538,1,'en','core/base/forms','add','Add','2023-03-01 01:08:30','2023-03-01 01:08:30'),(539,1,'en','core/base/forms','link','Link','2023-03-01 01:08:30','2023-03-01 01:08:30'),(540,1,'en','core/base/forms','show_hide_editor','Show/Hide Editor','2023-03-01 01:08:30','2023-03-01 01:08:30'),(541,1,'en','core/base/forms','basic_info_title','Basic information','2023-03-01 01:08:30','2023-03-01 01:08:30'),(542,1,'en','core/base/forms','expand_all','Expand all','2023-03-01 01:08:30','2023-03-01 01:08:30'),(543,1,'en','core/base/forms','collapse_all','Collapse all','2023-03-01 01:08:30','2023-03-01 01:08:30'),(544,1,'en','core/base/forms','view_new_tab','Open in new tab','2023-03-01 01:08:30','2023-03-01 01:08:30'),(545,1,'en','core/base/forms','view_preview_image','View preview image','2023-03-01 01:08:30','2023-03-01 01:08:30'),(546,1,'en','core/base/layouts','platform_admin','Platform Administration','2023-03-01 01:08:30','2023-03-01 01:08:30'),(547,1,'en','core/base/layouts','dashboard','Dashboard','2023-03-01 01:08:30','2023-03-01 01:08:30'),(548,1,'en','core/base/layouts','widgets','Widgets','2023-03-01 01:08:30','2023-03-01 01:08:30'),(549,1,'en','core/base/layouts','plugins','Plugins','2023-03-01 01:08:30','2023-03-01 01:08:30'),(550,1,'en','core/base/layouts','settings','Settings','2023-03-01 01:08:30','2023-03-01 01:08:30'),(551,1,'en','core/base/layouts','setting_general','General','2023-03-01 01:08:30','2023-03-01 01:08:30'),(552,1,'en','core/base/layouts','setting_email','Email','2023-03-01 01:08:30','2023-03-01 01:08:30'),(553,1,'en','core/base/layouts','system_information','System information','2023-03-01 01:08:30','2023-03-01 01:08:30'),(554,1,'en','core/base/layouts','theme','Theme','2023-03-01 01:08:30','2023-03-01 01:08:30'),(555,1,'en','core/base/layouts','copyright','Copyright :year &copy; :company. Version: <span>:version</span>','2023-03-01 01:08:30','2023-03-01 01:08:30'),(556,1,'en','core/base/layouts','profile','Profile','2023-03-01 01:08:30','2023-03-01 01:08:30'),(557,1,'en','core/base/layouts','logout','Logout','2023-03-01 01:08:30','2023-03-01 01:08:30'),(558,1,'en','core/base/layouts','no_search_result','No results found, please try with different keywords.','2023-03-01 01:08:30','2023-03-01 01:08:30'),(559,1,'en','core/base/layouts','home','Home','2023-03-01 01:08:30','2023-03-01 01:08:30'),(560,1,'en','core/base/layouts','search','Search','2023-03-01 01:08:30','2023-03-01 01:08:30'),(561,1,'en','core/base/layouts','add_new','Add new','2023-03-01 01:08:30','2023-03-01 01:08:30'),(562,1,'en','core/base/layouts','n_a','N/A','2023-03-01 01:08:30','2023-03-01 01:08:30'),(563,1,'en','core/base/layouts','page_loaded_time','Page loaded in','2023-03-01 01:08:30','2023-03-01 01:08:30'),(564,1,'en','core/base/layouts','view_website','View website','2023-03-01 01:08:30','2023-03-01 01:08:30'),(565,1,'en','core/base/mail','send-fail','Send email failed','2023-03-01 01:08:30','2023-03-01 01:08:30'),(566,1,'en','core/base/notices','create_success_message','Created successfully','2023-03-01 01:08:30','2023-03-01 01:08:30'),(567,1,'en','core/base/notices','update_success_message','Updated successfully','2023-03-01 01:08:30','2023-03-01 01:08:30'),(568,1,'en','core/base/notices','delete_success_message','Deleted successfully','2023-03-01 01:08:30','2023-03-01 01:08:30'),(569,1,'en','core/base/notices','success_header','Success!','2023-03-01 01:08:30','2023-03-01 01:08:30'),(570,1,'en','core/base/notices','error_header','Error!','2023-03-01 01:08:30','2023-03-01 01:08:30'),(571,1,'en','core/base/notices','no_select','Please select at least one record to perform this action!','2023-03-01 01:08:30','2023-03-01 01:08:30'),(572,1,'en','core/base/notices','processing_request','We are processing your request.','2023-03-01 01:08:30','2023-03-01 01:08:30'),(573,1,'en','core/base/notices','error','Error!','2023-03-01 01:08:30','2023-03-01 01:08:30'),(574,1,'en','core/base/notices','success','Success!','2023-03-01 01:08:30','2023-03-01 01:08:30'),(575,1,'en','core/base/notices','info','Info!','2023-03-01 01:08:30','2023-03-01 01:08:30'),(576,1,'en','core/base/notices','enum.validate_message','The :attribute value you have entered is invalid.','2023-03-01 01:08:30','2023-03-01 01:08:30'),(577,1,'en','core/base/system','no_select','Please select at least one record to take this action!','2023-03-01 01:08:30','2023-03-01 01:08:30'),(578,1,'en','core/base/system','cannot_find_user','Unable to find specified user','2023-03-01 01:08:30','2023-03-01 01:08:30'),(579,1,'en','core/base/system','supper_revoked','Super user access revoked','2023-03-01 01:08:30','2023-03-01 01:08:30'),(580,1,'en','core/base/system','cannot_revoke_yourself','Can not revoke supper user access permission yourself!','2023-03-01 01:08:30','2023-03-01 01:08:30'),(581,1,'en','core/base/system','cant_remove_supper','You don\'t has permission to remove this super user','2023-03-01 01:08:30','2023-03-01 01:08:30'),(582,1,'en','core/base/system','cant_find_user_with_email','Unable to find user with specified email address','2023-03-01 01:08:30','2023-03-01 01:08:30'),(583,1,'en','core/base/system','supper_granted','Super user access granted','2023-03-01 01:08:30','2023-03-01 01:08:30'),(584,1,'en','core/base/system','delete_log_success','Delete log file successfully!','2023-03-01 01:08:30','2023-03-01 01:08:30'),(585,1,'en','core/base/system','get_member_success','Member list retrieved successfully','2023-03-01 01:08:30','2023-03-01 01:08:30'),(586,1,'en','core/base/system','error_occur','The following errors occurred','2023-03-01 01:08:30','2023-03-01 01:08:30'),(587,1,'en','core/base/system','user_management','User Management','2023-03-01 01:08:30','2023-03-01 01:08:30'),(588,1,'en','core/base/system','user_management_description','Manage users.','2023-03-01 01:08:30','2023-03-01 01:08:30'),(589,1,'en','core/base/system','role_and_permission','Roles and Permissions','2023-03-01 01:08:30','2023-03-01 01:08:30'),(590,1,'en','core/base/system','role_and_permission_description','Manage the available roles.','2023-03-01 01:08:30','2023-03-01 01:08:30'),(591,1,'en','core/base/system','user.list_super','List Super Users','2023-03-01 01:08:30','2023-03-01 01:08:30'),(592,1,'en','core/base/system','user.email','Email','2023-03-01 01:08:30','2023-03-01 01:08:30'),(593,1,'en','core/base/system','user.last_login','Last Login','2023-03-01 01:08:30','2023-03-01 01:08:30'),(594,1,'en','core/base/system','user.username','Username','2023-03-01 01:08:30','2023-03-01 01:08:30'),(595,1,'en','core/base/system','user.add_user','Add Super User','2023-03-01 01:08:30','2023-03-01 01:08:30'),(596,1,'en','core/base/system','user.cancel','Cancel','2023-03-01 01:08:30','2023-03-01 01:08:30'),(597,1,'en','core/base/system','user.create','Create','2023-03-01 01:08:30','2023-03-01 01:08:30'),(598,1,'en','core/base/system','options.features','Feature Access Control','2023-03-01 01:08:30','2023-03-01 01:08:30'),(599,1,'en','core/base/system','options.feature_description','Manage the available.','2023-03-01 01:08:30','2023-03-01 01:08:30'),(600,1,'en','core/base/system','options.manage_super','Super User Management','2023-03-01 01:08:30','2023-03-01 01:08:30'),(601,1,'en','core/base/system','options.manage_super_description','Add/remove super users.','2023-03-01 01:08:30','2023-03-01 01:08:30'),(602,1,'en','core/base/system','options.info','System information','2023-03-01 01:08:30','2023-03-01 01:08:30'),(603,1,'en','core/base/system','options.info_description','All information about current system configuration.','2023-03-01 01:08:30','2023-03-01 01:08:30'),(604,1,'en','core/base/system','info.title','System information','2023-03-01 01:08:30','2023-03-01 01:08:30'),(605,1,'en','core/base/system','info.cache','Cache','2023-03-01 01:08:30','2023-03-01 01:08:30'),(606,1,'en','core/base/system','info.locale','Active locale','2023-03-01 01:08:30','2023-03-01 01:08:30'),(607,1,'en','core/base/system','info.environment','Environment','2023-03-01 01:08:30','2023-03-01 01:08:30'),(608,1,'en','core/base/system','disabled_in_demo_mode','You cannot do it in demo mode!','2023-03-01 01:08:30','2023-03-01 01:08:30'),(609,1,'en','core/base/system','report_description','Please share this information for troubleshooting','2023-03-01 01:08:30','2023-03-01 01:08:30'),(610,1,'en','core/base/system','get_system_report','Get System Report','2023-03-01 01:08:30','2023-03-01 01:08:30'),(611,1,'en','core/base/system','system_environment','System Environment','2023-03-01 01:08:30','2023-03-01 01:08:30'),(612,1,'en','core/base/system','framework_version','Framework Version','2023-03-01 01:08:30','2023-03-01 01:08:30'),(613,1,'en','core/base/system','timezone','Timezone','2023-03-01 01:08:30','2023-03-01 01:08:30'),(614,1,'en','core/base/system','debug_mode','Debug Mode','2023-03-01 01:08:30','2023-03-01 01:08:30'),(615,1,'en','core/base/system','storage_dir_writable','Storage Dir Writable','2023-03-01 01:08:30','2023-03-01 01:08:30'),(616,1,'en','core/base/system','cache_dir_writable','Cache Dir Writable','2023-03-01 01:08:30','2023-03-01 01:08:30'),(617,1,'en','core/base/system','app_size','App Size','2023-03-01 01:08:30','2023-03-01 01:08:30'),(618,1,'en','core/base/system','server_environment','Server Environment','2023-03-01 01:08:30','2023-03-01 01:08:30'),(619,1,'en','core/base/system','php_version','PHP Version','2023-03-01 01:08:30','2023-03-01 01:08:30'),(620,1,'en','core/base/system','php_version_error','PHP must be >= :version','2023-03-01 01:08:30','2023-03-01 01:08:30'),(621,1,'en','core/base/system','server_software','Server Software','2023-03-01 01:08:30','2023-03-01 01:08:30'),(622,1,'en','core/base/system','server_os','Server OS','2023-03-01 01:08:30','2023-03-01 01:08:30'),(623,1,'en','core/base/system','database','Database','2023-03-01 01:08:30','2023-03-01 01:08:30'),(624,1,'en','core/base/system','ssl_installed','SSL Installed','2023-03-01 01:08:30','2023-03-01 01:08:30'),(625,1,'en','core/base/system','cache_driver','Cache Driver','2023-03-01 01:08:30','2023-03-01 01:08:30'),(626,1,'en','core/base/system','session_driver','Session Driver','2023-03-01 01:08:30','2023-03-01 01:08:30'),(627,1,'en','core/base/system','queue_connection','Queue Connection','2023-03-01 01:08:30','2023-03-01 01:08:30'),(628,1,'en','core/base/system','mbstring_ext','Mbstring Ext','2023-03-01 01:08:30','2023-03-01 01:08:30'),(629,1,'en','core/base/system','openssl_ext','OpenSSL Ext','2023-03-01 01:08:30','2023-03-01 01:08:30'),(630,1,'en','core/base/system','pdo_ext','PDO Ext','2023-03-01 01:08:30','2023-03-01 01:08:30'),(631,1,'en','core/base/system','curl_ext','CURL Ext','2023-03-01 01:08:30','2023-03-01 01:08:30'),(632,1,'en','core/base/system','exif_ext','Exif Ext','2023-03-01 01:08:30','2023-03-01 01:08:30'),(633,1,'en','core/base/system','file_info_ext','File info Ext','2023-03-01 01:08:30','2023-03-01 01:08:30'),(634,1,'en','core/base/system','tokenizer_ext','Tokenizer Ext','2023-03-01 01:08:30','2023-03-01 01:08:30'),(635,1,'en','core/base/system','extra_stats','Extra Stats','2023-03-01 01:08:30','2023-03-01 01:08:30'),(636,1,'en','core/base/system','installed_packages','Installed packages and their version numbers','2023-03-01 01:08:30','2023-03-01 01:08:30'),(637,1,'en','core/base/system','extra_information','Extra Information','2023-03-01 01:08:30','2023-03-01 01:08:30'),(638,1,'en','core/base/system','copy_report','Copy Report','2023-03-01 01:08:30','2023-03-01 01:08:30'),(639,1,'en','core/base/system','package_name','Package Name','2023-03-01 01:08:30','2023-03-01 01:08:30'),(640,1,'en','core/base/system','dependency_name','Dependency Name','2023-03-01 01:08:30','2023-03-01 01:08:30'),(641,1,'en','core/base/system','version','Version','2023-03-01 01:08:30','2023-03-01 01:08:30'),(642,1,'en','core/base/system','cms_version','CMS Version','2023-03-01 01:08:30','2023-03-01 01:08:30'),(643,1,'en','core/base/system','imagick_or_gd_ext','Imagick/GD Ext','2023-03-01 01:08:30','2023-03-01 01:08:30'),(644,1,'en','core/base/system','updater','System Updater','2023-03-01 01:08:30','2023-03-01 01:08:30'),(645,1,'en','core/base/system','zip','Zip Ext','2023-03-01 01:08:30','2023-03-01 01:08:30'),(646,1,'en','core/base/system','memory_limit','Memory limit','2023-03-01 01:08:30','2023-03-01 01:08:30'),(647,1,'en','core/base/system','max_execution_time','Max execution time (s)','2023-03-01 01:08:30','2023-03-01 01:08:30'),(648,1,'en','core/base/system','php_version_warning','You are using an out of date PHP version (:version). Please upgrade PHP version on your server to >= 8.0.2 for better security and performance!','2023-03-01 01:08:30','2023-03-01 01:08:30'),(649,1,'en','core/base/system','upgrade_php_version_required','You are using an unsupported PHP version (:version). You need to upgrade PHP version on your server to greater than or equal to 8.0.2 before upgrading to this version!','2023-03-01 01:08:30','2023-03-01 01:08:30'),(650,1,'en','core/base/tables','id','ID','2023-03-01 01:08:30','2023-03-01 01:08:30'),(651,1,'en','core/base/tables','name','Name','2023-03-01 01:08:30','2023-03-01 01:08:30'),(652,1,'en','core/base/tables','slug','Slug','2023-03-01 01:08:30','2023-03-01 01:08:30'),(653,1,'en','core/base/tables','title','Title','2023-03-01 01:08:30','2023-03-01 01:08:30'),(654,1,'en','core/base/tables','order_by','Order By','2023-03-01 01:08:30','2023-03-01 01:08:30'),(655,1,'en','core/base/tables','order','Order','2023-03-01 01:08:30','2023-03-01 01:08:30'),(656,1,'en','core/base/tables','status','Status','2023-03-01 01:08:30','2023-03-01 01:08:30'),(657,1,'en','core/base/tables','created_at','Created At','2023-03-01 01:08:30','2023-03-01 01:08:30'),(658,1,'en','core/base/tables','updated_at','Updated At','2023-03-01 01:08:30','2023-03-01 01:08:30'),(659,1,'en','core/base/tables','description','Description','2023-03-01 01:08:30','2023-03-01 01:08:30'),(660,1,'en','core/base/tables','operations','Operations','2023-03-01 01:08:30','2023-03-01 01:08:30'),(661,1,'en','core/base/tables','url','URL','2023-03-01 01:08:30','2023-03-01 01:08:30'),(662,1,'en','core/base/tables','author','Author','2023-03-01 01:08:30','2023-03-01 01:08:30'),(663,1,'en','core/base/tables','notes','Notes','2023-03-01 01:08:30','2023-03-01 01:08:30'),(664,1,'en','core/base/tables','column','Column','2023-03-01 01:08:30','2023-03-01 01:08:30'),(665,1,'en','core/base/tables','origin','Origin','2023-03-01 01:08:30','2023-03-01 01:08:30'),(666,1,'en','core/base/tables','after_change','After changes','2023-03-01 01:08:30','2023-03-01 01:08:30'),(667,1,'en','core/base/tables','views','Views','2023-03-01 01:08:30','2023-03-01 01:08:30'),(668,1,'en','core/base/tables','browser','Browser','2023-03-01 01:08:30','2023-03-01 01:08:30'),(669,1,'en','core/base/tables','session','Session','2023-03-01 01:08:30','2023-03-01 01:08:30'),(670,1,'en','core/base/tables','activated','activated','2023-03-01 01:08:30','2023-03-01 01:08:30'),(671,1,'en','core/base/tables','deactivated','deactivated','2023-03-01 01:08:30','2023-03-01 01:08:30'),(672,1,'en','core/base/tables','is_featured','Is featured','2023-03-01 01:08:30','2023-03-01 01:08:30'),(673,1,'en','core/base/tables','edit','Edit','2023-03-01 01:08:30','2023-03-01 01:08:30'),(674,1,'en','core/base/tables','delete','Delete','2023-03-01 01:08:30','2023-03-01 01:08:30'),(675,1,'en','core/base/tables','restore','Restore','2023-03-01 01:08:30','2023-03-01 01:08:30'),(676,1,'en','core/base/tables','activate','Activate','2023-03-01 01:08:30','2023-03-01 01:08:30'),(677,1,'en','core/base/tables','deactivate','Deactivate','2023-03-01 01:08:30','2023-03-01 01:08:30'),(678,1,'en','core/base/tables','excel','Excel','2023-03-01 01:08:30','2023-03-01 01:08:30'),(679,1,'en','core/base/tables','export','Export','2023-03-01 01:08:30','2023-03-01 01:08:30'),(680,1,'en','core/base/tables','csv','CSV','2023-03-01 01:08:30','2023-03-01 01:08:30'),(681,1,'en','core/base/tables','pdf','PDF','2023-03-01 01:08:30','2023-03-01 01:08:30'),(682,1,'en','core/base/tables','print','Print','2023-03-01 01:08:30','2023-03-01 01:08:30'),(683,1,'en','core/base/tables','reset','Reset','2023-03-01 01:08:30','2023-03-01 01:08:30'),(684,1,'en','core/base/tables','reload','Reload','2023-03-01 01:08:30','2023-03-01 01:08:30'),(685,1,'en','core/base/tables','display','Display','2023-03-01 01:08:30','2023-03-01 01:08:30'),(686,1,'en','core/base/tables','all','All','2023-03-01 01:08:30','2023-03-01 01:08:30'),(687,1,'en','core/base/tables','add_new','Add New','2023-03-01 01:08:30','2023-03-01 01:08:30'),(688,1,'en','core/base/tables','action','Actions','2023-03-01 01:08:30','2023-03-01 01:08:30'),(689,1,'en','core/base/tables','delete_entry','Delete','2023-03-01 01:08:30','2023-03-01 01:08:30'),(690,1,'en','core/base/tables','view','View Detail','2023-03-01 01:08:30','2023-03-01 01:08:30'),(691,1,'en','core/base/tables','save','Save','2023-03-01 01:08:30','2023-03-01 01:08:30'),(692,1,'en','core/base/tables','show_from','Show from','2023-03-01 01:08:30','2023-03-01 01:08:30'),(693,1,'en','core/base/tables','to','to','2023-03-01 01:08:30','2023-03-01 01:08:30'),(694,1,'en','core/base/tables','in','in','2023-03-01 01:08:30','2023-03-01 01:08:30'),(695,1,'en','core/base/tables','records','records','2023-03-01 01:08:30','2023-03-01 01:08:30'),(696,1,'en','core/base/tables','no_data','No data to display','2023-03-01 01:08:30','2023-03-01 01:08:30'),(697,1,'en','core/base/tables','no_record','No record','2023-03-01 01:08:30','2023-03-01 01:08:30'),(698,1,'en','core/base/tables','confirm_delete','Confirm delete','2023-03-01 01:08:30','2023-03-01 01:08:30'),(699,1,'en','core/base/tables','confirm_delete_msg','Do you really want to delete this record?','2023-03-01 01:08:30','2023-03-01 01:08:30'),(700,1,'en','core/base/tables','confirm_delete_many_msg','Do you really want to delete selected record(s)?','2023-03-01 01:08:30','2023-03-01 01:08:30'),(701,1,'en','core/base/tables','cancel','Cancel','2023-03-01 01:08:30','2023-03-01 01:08:30'),(702,1,'en','core/base/tables','template','Template','2023-03-01 01:08:30','2023-03-01 01:08:30'),(703,1,'en','core/base/tables','email','Email','2023-03-01 01:08:30','2023-03-01 01:08:30'),(704,1,'en','core/base/tables','last_login','Last login','2023-03-01 01:08:30','2023-03-01 01:08:30'),(705,1,'en','core/base/tables','shortcode','Shortcode','2023-03-01 01:08:30','2023-03-01 01:08:30'),(706,1,'en','core/base/tables','image','Image','2023-03-01 01:08:30','2023-03-01 01:08:30'),(707,1,'en','core/base/tables','bulk_changes','Bulk changes','2023-03-01 01:08:31','2023-03-01 01:08:31'),(708,1,'en','core/base/tables','submit','Submit','2023-03-01 01:08:31','2023-03-01 01:08:31'),(709,1,'en','core/base/tables','please_select_record','Please select at least one record to perform this action!','2023-03-01 01:08:31','2023-03-01 01:08:31'),(710,1,'en','core/base/tabs','detail','Detail','2023-03-01 01:08:31','2023-03-01 01:08:31'),(711,1,'en','core/base/tabs','file','Files','2023-03-01 01:08:31','2023-03-01 01:08:31'),(712,1,'en','core/base/tabs','record_note','Record Note','2023-03-01 01:08:31','2023-03-01 01:08:31'),(713,1,'en','core/base/tabs','revision','Revision History','2023-03-01 01:08:31','2023-03-01 01:08:31'),(714,1,'vi','core/base/base','yes','Có','2023-03-01 01:08:31','2023-03-01 01:08:31'),(715,1,'vi','core/base/base','no','Không','2023-03-01 01:08:31','2023-03-01 01:08:31'),(716,1,'vi','core/base/base','is_default','Mặc định?','2023-03-01 01:08:31','2023-03-01 01:08:31'),(717,1,'vi','core/base/base','proc_close_disabled_error','Hàm proc_close() đã bị tắt. Vui lòng liên hệ nhà cung cấp hosting để mở hàm này. Hoặc có thể thêm vào .env: CAN_EXECUTE_COMMAND=false để tắt tính năng này.','2023-03-01 01:08:31','2023-03-01 01:08:31'),(718,1,'vi','core/base/base','add_image','Thêm ảnh','2023-03-01 01:08:31','2023-03-01 01:08:31'),(719,1,'vi','core/base/base','change_image','Đổi ảnh','2023-03-01 01:08:31','2023-03-01 01:08:31'),(720,1,'vi','core/base/base','delete_image','Xóa ảnh','2023-03-01 01:08:31','2023-03-01 01:08:31'),(721,1,'vi','core/base/base','email_template.date_time','Ngày giờ hiện tại','2023-03-01 01:08:31','2023-03-01 01:08:31'),(722,1,'vi','core/base/base','email_template.date_year','Năm hiện tại','2023-03-01 01:08:31','2023-03-01 01:08:31'),(723,1,'vi','core/base/base','email_template.footer','Mẫu chân trang email','2023-03-01 01:08:31','2023-03-01 01:08:31'),(724,1,'vi','core/base/base','email_template.header','Mẫu đầu trang email','2023-03-01 01:08:31','2023-03-01 01:08:31'),(725,1,'vi','core/base/base','email_template.site_admin_email','Email quản trị viên','2023-03-01 01:08:31','2023-03-01 01:08:31'),(726,1,'vi','core/base/base','email_template.site_logo','Logo của trang','2023-03-01 01:08:31','2023-03-01 01:08:31'),(727,1,'vi','core/base/base','email_template.site_title','Tiêu đề trang','2023-03-01 01:08:31','2023-03-01 01:08:31'),(728,1,'vi','core/base/base','email_template.site_url','URL trang','2023-03-01 01:08:31','2023-03-01 01:08:31'),(729,1,'vi','core/base/base','image','Hình ảnh','2023-03-01 01:08:31','2023-03-01 01:08:31'),(730,1,'vi','core/base/base','preview_image','Ảnh xem trước','2023-03-01 01:08:31','2023-03-01 01:08:31'),(731,1,'vi','core/base/base','select_image','Chọn ảnh','2023-03-01 01:08:31','2023-03-01 01:08:31'),(732,1,'vi','core/base/base','to_add_more_image','để thêm hình ảnh','2023-03-01 01:08:31','2023-03-01 01:08:31'),(733,1,'vi','core/base/base','using_button','Sử dụng nút','2023-03-01 01:08:31','2023-03-01 01:08:31'),(734,1,'vi','core/base/cache','cache_management','Quản lý bộ nhớ đệm','2023-03-01 01:08:31','2023-03-01 01:08:31'),(735,1,'vi','core/base/cache','cache_commands','Các lệnh xoá bộ nhớ đệm cơ bản','2023-03-01 01:08:31','2023-03-01 01:08:31'),(736,1,'vi','core/base/cache','commands.clear_cms_cache.title','Xóa tất cả bộ đệm hiện có của ứng dụng','2023-03-01 01:08:31','2023-03-01 01:08:31'),(737,1,'vi','core/base/cache','commands.clear_cms_cache.description','Xóa các bộ nhớ đệm của ứng dụng: cơ sở dữ liệu, nội dung tĩnh... Chạy lệnh này khi bạn thử cập nhật dữ liệu nhưng giao diện không thay đổi','2023-03-01 01:08:31','2023-03-01 01:08:31'),(738,1,'vi','core/base/cache','commands.clear_cms_cache.success_msg','Bộ đệm đã được xóa','2023-03-01 01:08:31','2023-03-01 01:08:31'),(739,1,'vi','core/base/cache','commands.refresh_compiled_views.title','Làm mới bộ đệm giao diện','2023-03-01 01:08:31','2023-03-01 01:08:31'),(740,1,'vi','core/base/cache','commands.refresh_compiled_views.description','Làm mới bộ đệm giao diện giúp phần giao diện luôn mới nhất','2023-03-01 01:08:31','2023-03-01 01:08:31'),(741,1,'vi','core/base/cache','commands.refresh_compiled_views.success_msg','Bộ đệm giao diện đã được làm mới','2023-03-01 01:08:31','2023-03-01 01:08:31'),(742,1,'vi','core/base/cache','commands.clear_config_cache.title','Xóa bộ nhớ đệm của phần cấu hình','2023-03-01 01:08:31','2023-03-01 01:08:31'),(743,1,'vi','core/base/cache','commands.clear_config_cache.description','Bạn cần làm mới bộ đệm cấu hình khi bạn tạo ra sự thay đổi nào đó ở môi trường thành phẩm.','2023-03-01 01:08:31','2023-03-01 01:08:31'),(744,1,'vi','core/base/cache','commands.clear_config_cache.success_msg','Bộ đệm cấu hình đã được xóa','2023-03-01 01:08:31','2023-03-01 01:08:31'),(745,1,'vi','core/base/cache','commands.clear_route_cache.title','Xoá cache đường dẫn','2023-03-01 01:08:31','2023-03-01 01:08:31'),(746,1,'vi','core/base/cache','commands.clear_route_cache.description','Cần thực hiện thao tác này khi thấy không xuất hiện đường dẫn mới.','2023-03-01 01:08:31','2023-03-01 01:08:31'),(747,1,'vi','core/base/cache','commands.clear_route_cache.success_msg','Bộ đệm điều hướng đã bị xóa','2023-03-01 01:08:31','2023-03-01 01:08:31'),(748,1,'vi','core/base/cache','commands.clear_log.description','Xoá lịch sử lỗi','2023-03-01 01:08:31','2023-03-01 01:08:31'),(749,1,'vi','core/base/cache','commands.clear_log.success_msg','Lịch sử lỗi đã được làm sạch','2023-03-01 01:08:31','2023-03-01 01:08:31'),(750,1,'vi','core/base/cache','commands.clear_log.title','Xoá lịch sử lỗi','2023-03-01 01:08:31','2023-03-01 01:08:31'),(751,1,'vi','core/base/enums','statuses.draft','Bản nháp','2023-03-01 01:08:31','2023-03-01 01:08:31'),(752,1,'vi','core/base/enums','statuses.pending','Đang chờ xử lý','2023-03-01 01:08:31','2023-03-01 01:08:31'),(753,1,'vi','core/base/enums','statuses.published','Đã xuất bản','2023-03-01 01:08:31','2023-03-01 01:08:31'),(754,1,'vi','core/base/errors','401_title','Bạn không có quyền truy cập trang này','2023-03-01 01:08:31','2023-03-01 01:08:31'),(755,1,'vi','core/base/errors','401_msg','<li>Bạn không được cấp quyền truy cập bởi quản trị viên.</li>\n	                <li>Bạn sử dụng sai loại tài khoản.</li>\n	                <li>Bạn không được cấp quyền để có thể truy cập trang này</li>','2023-03-01 01:08:31','2023-03-01 01:08:31'),(756,1,'vi','core/base/errors','404_title','Không tìm thấy trang yêu cầu','2023-03-01 01:08:31','2023-03-01 01:08:31'),(757,1,'vi','core/base/errors','404_msg','<li>Trang bạn yêu cầu không tồn tại.</li>\n	                <li>Liên kết bạn vừa nhấn không còn được sử dụng.</li>\n	                <li>Trang này có thể đã được chuyển sang vị trí khác.</li>\n	                <li>Có thể có lỗi xảy ra.</li>\n	                <li>Bạn không được cấp quyền để có thể truy cập trang này</li>','2023-03-01 01:08:31','2023-03-01 01:08:31'),(758,1,'vi','core/base/errors','500_title','Không thể tải trang','2023-03-01 01:08:31','2023-03-01 01:08:31'),(759,1,'vi','core/base/errors','500_msg','<li>Trang bạn yêu cầu không tồn tại.</li>\n	                <li>Liên kết bạn vừa nhấn không còn được sử dụng.</li>\n	                <li>Trang này có thể đã được chuyển sang vị trí khác.</li>\n	                <li>Có thể có lỗi xảy ra.</li>\n	                <li>Bạn không được cấp quyền để có thể truy cập trang này</li>','2023-03-01 01:08:31','2023-03-01 01:08:31'),(760,1,'vi','core/base/errors','reasons','Điều này có thể xảy ra vì nhiều lý do.','2023-03-01 01:08:31','2023-03-01 01:08:31'),(761,1,'vi','core/base/errors','try_again','Vui lòng thử lại trong vài phút, hoặc quay trở lại trang chủ bằng cách <a href=\"http://cms.local/admin\"> nhấn vào đây </a>.','2023-03-01 01:08:31','2023-03-01 01:08:31'),(762,1,'vi','core/base/errors','not_found','Không tìm thấy','2023-03-01 01:08:31','2023-03-01 01:08:31'),(763,1,'vi','core/base/forms','choose_image','Chọn ảnh','2023-03-01 01:08:31','2023-03-01 01:08:31'),(764,1,'vi','core/base/forms','actions','Tác vụ','2023-03-01 01:08:31','2023-03-01 01:08:31'),(765,1,'vi','core/base/forms','save','Lưu','2023-03-01 01:08:31','2023-03-01 01:08:31'),(766,1,'vi','core/base/forms','save_and_continue','Lưu & chỉnh sửa','2023-03-01 01:08:31','2023-03-01 01:08:31'),(767,1,'vi','core/base/forms','image','Hình ảnh','2023-03-01 01:08:31','2023-03-01 01:08:31'),(768,1,'vi','core/base/forms','image_placeholder','Chèn đường dẫn hình ảnh hoặc nhấn nút để chọn hình','2023-03-01 01:08:31','2023-03-01 01:08:31'),(769,1,'vi','core/base/forms','create','Tạo mới','2023-03-01 01:08:31','2023-03-01 01:08:31'),(770,1,'vi','core/base/forms','edit','Sửa','2023-03-01 01:08:31','2023-03-01 01:08:31'),(771,1,'vi','core/base/forms','permalink','Đường dẫn','2023-03-01 01:08:31','2023-03-01 01:08:31'),(772,1,'vi','core/base/forms','ok','OK','2023-03-01 01:08:31','2023-03-01 01:08:31'),(773,1,'vi','core/base/forms','cancel','Hủy bỏ','2023-03-01 01:08:31','2023-03-01 01:08:31'),(774,1,'vi','core/base/forms','character_remain','kí tự còn lại','2023-03-01 01:08:31','2023-03-01 01:08:31'),(775,1,'vi','core/base/forms','template','Template','2023-03-01 01:08:31','2023-03-01 01:08:31'),(776,1,'vi','core/base/forms','choose_file','Chọn tập tin','2023-03-01 01:08:31','2023-03-01 01:08:31'),(777,1,'vi','core/base/forms','file','Tập tin','2023-03-01 01:08:31','2023-03-01 01:08:31'),(778,1,'vi','core/base/forms','content','Nội dung','2023-03-01 01:08:31','2023-03-01 01:08:31'),(779,1,'vi','core/base/forms','description','Mô tả','2023-03-01 01:08:31','2023-03-01 01:08:31'),(780,1,'vi','core/base/forms','name','Tên','2023-03-01 01:08:31','2023-03-01 01:08:31'),(781,1,'vi','core/base/forms','name_placeholder','Nhập tên','2023-03-01 01:08:31','2023-03-01 01:08:31'),(782,1,'vi','core/base/forms','description_placeholder','Mô tả ngắn','2023-03-01 01:08:31','2023-03-01 01:08:31'),(783,1,'vi','core/base/forms','parent','Cha','2023-03-01 01:08:31','2023-03-01 01:08:31'),(784,1,'vi','core/base/forms','icon','Biểu tượng','2023-03-01 01:08:31','2023-03-01 01:08:31'),(785,1,'vi','core/base/forms','order_by','Sắp xếp','2023-03-01 01:08:31','2023-03-01 01:08:31'),(786,1,'vi','core/base/forms','order_by_placeholder','Sắp xếp','2023-03-01 01:08:31','2023-03-01 01:08:31'),(787,1,'vi','core/base/forms','slug','Slug','2023-03-01 01:08:31','2023-03-01 01:08:31'),(788,1,'vi','core/base/forms','is_featured','Nổi bật?','2023-03-01 01:08:31','2023-03-01 01:08:31'),(789,1,'vi','core/base/forms','is_default','Mặc định?','2023-03-01 01:08:31','2023-03-01 01:08:31'),(790,1,'vi','core/base/forms','icon_placeholder','Ví dụ: fa fa-home','2023-03-01 01:08:31','2023-03-01 01:08:31'),(791,1,'vi','core/base/forms','update','Cập nhật','2023-03-01 01:08:31','2023-03-01 01:08:31'),(792,1,'vi','core/base/forms','publish','Xuất bản','2023-03-01 01:08:31','2023-03-01 01:08:31'),(793,1,'vi','core/base/forms','remove_image','Xoá ảnh','2023-03-01 01:08:31','2023-03-01 01:08:31'),(794,1,'vi','core/base/forms','add','Thêm','2023-03-01 01:08:31','2023-03-01 01:08:31'),(795,1,'vi','core/base/forms','add_short_code','Thêm shortcode','2023-03-01 01:08:31','2023-03-01 01:08:31'),(796,1,'vi','core/base/forms','alias','Mã thay thế','2023-03-01 01:08:31','2023-03-01 01:08:31'),(797,1,'vi','core/base/forms','alias_placeholder','Mã thay thế','2023-03-01 01:08:31','2023-03-01 01:08:31'),(798,1,'vi','core/base/forms','basic_information','Thông tin cơ bản','2023-03-01 01:08:31','2023-03-01 01:08:31'),(799,1,'vi','core/base/forms','link','Liên kết','2023-03-01 01:08:31','2023-03-01 01:08:31'),(800,1,'vi','core/base/forms','order','Thứ tự','2023-03-01 01:08:31','2023-03-01 01:08:31'),(801,1,'vi','core/base/forms','short_code','Shortcode','2023-03-01 01:08:31','2023-03-01 01:08:31'),(802,1,'vi','core/base/forms','title','Tiêu đề','2023-03-01 01:08:31','2023-03-01 01:08:31'),(803,1,'vi','core/base/forms','value','Giá trị','2023-03-01 01:08:31','2023-03-01 01:08:31'),(804,1,'vi','core/base/forms','show_hide_editor','Ẩn/Hiện trình soạn thảo','2023-03-01 01:08:31','2023-03-01 01:08:31'),(805,1,'vi','core/base/forms','basic_info_title','Thông tin cơ bản','2023-03-01 01:08:31','2023-03-01 01:08:31'),(806,1,'vi','core/base/forms','remove_file','Xóa tập tin','2023-03-01 01:08:31','2023-03-01 01:08:31'),(807,1,'vi','core/base/layouts','platform_admin','Quản trị hệ thống','2023-03-01 01:08:31','2023-03-01 01:08:31'),(808,1,'vi','core/base/layouts','dashboard','Bảng điều khiển','2023-03-01 01:08:31','2023-03-01 01:08:31'),(809,1,'vi','core/base/layouts','widgets','Tiện ích','2023-03-01 01:08:31','2023-03-01 01:08:31'),(810,1,'vi','core/base/layouts','plugins','Tiện ích mở rộng','2023-03-01 01:08:31','2023-03-01 01:08:31'),(811,1,'vi','core/base/layouts','settings','Cài đặt','2023-03-01 01:08:31','2023-03-01 01:08:31'),(812,1,'vi','core/base/layouts','setting_general','Cơ bản','2023-03-01 01:08:31','2023-03-01 01:08:31'),(813,1,'vi','core/base/layouts','system_information','Thông tin hệ thống','2023-03-01 01:08:31','2023-03-01 01:08:31'),(814,1,'vi','core/base/layouts','theme','Giao diện','2023-03-01 01:08:31','2023-03-01 01:08:31'),(815,1,'vi','core/base/layouts','copyright','Bản quyền :year &copy; :company. Phiên bản: <span>:version</span>','2023-03-01 01:08:31','2023-03-01 01:08:31'),(816,1,'vi','core/base/layouts','profile','Thông tin cá nhân','2023-03-01 01:08:31','2023-03-01 01:08:31'),(817,1,'vi','core/base/layouts','logout','Đăng xuất','2023-03-01 01:08:31','2023-03-01 01:08:31'),(818,1,'vi','core/base/layouts','no_search_result','Không có kết quả tìm kiếm, hãy thử lại với từ khóa khác.','2023-03-01 01:08:31','2023-03-01 01:08:31'),(819,1,'vi','core/base/layouts','home','Trang chủ','2023-03-01 01:08:31','2023-03-01 01:08:31'),(820,1,'vi','core/base/layouts','search','Tìm kiếm','2023-03-01 01:08:31','2023-03-01 01:08:31'),(821,1,'vi','core/base/layouts','add_new','Thêm mới','2023-03-01 01:08:31','2023-03-01 01:08:31'),(822,1,'vi','core/base/layouts','n_a','N/A','2023-03-01 01:08:31','2023-03-01 01:08:31'),(823,1,'vi','core/base/layouts','page_loaded_time','Trang tải xong trong','2023-03-01 01:08:31','2023-03-01 01:08:31'),(824,1,'vi','core/base/layouts','view_website','Xem trang ngoài','2023-03-01 01:08:31','2023-03-01 01:08:31'),(825,1,'vi','core/base/layouts','setting_email','Email','2023-03-01 01:08:31','2023-03-01 01:08:31'),(826,1,'vi','core/base/mail','send-fail','Gửi email không thành công','2023-03-01 01:08:31','2023-03-01 01:08:31'),(827,1,'vi','core/base/notices','create_success_message','Tạo thành công','2023-03-01 01:08:31','2023-03-01 01:08:31'),(828,1,'vi','core/base/notices','update_success_message','Cập nhật thành công','2023-03-01 01:08:31','2023-03-01 01:08:31'),(829,1,'vi','core/base/notices','delete_success_message','Xóa thành công','2023-03-01 01:08:31','2023-03-01 01:08:31'),(830,1,'vi','core/base/notices','success_header','Thành công!','2023-03-01 01:08:31','2023-03-01 01:08:31'),(831,1,'vi','core/base/notices','error_header','Lỗi!','2023-03-01 01:08:31','2023-03-01 01:08:31'),(832,1,'vi','core/base/notices','no_select','Chọn ít nhất 1 trường để thực hiện hành động này!','2023-03-01 01:08:31','2023-03-01 01:08:31'),(833,1,'vi','core/base/notices','processing_request','Hệ thống đang xử lý yêu cầu.','2023-03-01 01:08:31','2023-03-01 01:08:31'),(834,1,'vi','core/base/notices','error','Lỗi!','2023-03-01 01:08:31','2023-03-01 01:08:31'),(835,1,'vi','core/base/notices','success','Thành công!','2023-03-01 01:08:31','2023-03-01 01:08:31'),(836,1,'vi','core/base/notices','info','Thông tin!','2023-03-01 01:08:31','2023-03-01 01:08:31'),(837,1,'vi','core/base/notices','enum.validate_message','Giá trị của :attribute không hợp lệ','2023-03-01 01:08:31','2023-03-01 01:08:31'),(838,1,'vi','core/base/system','no_select','Hãy chọn ít nhất 1 trường để thực hiện hành động này!','2023-03-01 01:08:31','2023-03-01 01:08:31'),(839,1,'vi','core/base/system','cannot_find_user','Không thể tải được thông tin người dùng','2023-03-01 01:08:31','2023-03-01 01:08:31'),(840,1,'vi','core/base/system','supper_revoked','Quyền quản trị viên cao nhất đã được gỡ bỏ','2023-03-01 01:08:31','2023-03-01 01:08:31'),(841,1,'vi','core/base/system','cannot_revoke_yourself','Không thể gỡ bỏ quyền quản trị cấp cao của chính bạn!','2023-03-01 01:08:31','2023-03-01 01:08:31'),(842,1,'vi','core/base/system','cant_remove_supper','Bạn không có quyền xóa quản trị viên cấp cao','2023-03-01 01:08:31','2023-03-01 01:08:31'),(843,1,'vi','core/base/system','cant_find_user_with_email','Không thể tìm thấy người dùng với email này','2023-03-01 01:08:31','2023-03-01 01:08:31'),(844,1,'vi','core/base/system','supper_granted','Quyền quản trị cao nhất đã được gán','2023-03-01 01:08:31','2023-03-01 01:08:31'),(845,1,'vi','core/base/system','delete_log_success','Xóa tập tin log thành công!','2023-03-01 01:08:31','2023-03-01 01:08:31'),(846,1,'vi','core/base/system','get_member_success','Hiển thị danh sách thành viên thành công','2023-03-01 01:08:31','2023-03-01 01:08:31'),(847,1,'vi','core/base/system','error_occur','Có lỗi dưới đây','2023-03-01 01:08:31','2023-03-01 01:08:31'),(848,1,'vi','core/base/system','role_and_permission','Phân quyền hệ thống','2023-03-01 01:08:31','2023-03-01 01:08:31'),(849,1,'vi','core/base/system','role_and_permission_description','Quản lý những phân quyền trong hệ thống','2023-03-01 01:08:31','2023-03-01 01:08:31'),(850,1,'vi','core/base/system','user.list_super','Danh sách quản trị viên cấp cao','2023-03-01 01:08:31','2023-03-01 01:08:31'),(851,1,'vi','core/base/system','user.username','Tên đăng nhập','2023-03-01 01:08:31','2023-03-01 01:08:31'),(852,1,'vi','core/base/system','user.email','Email','2023-03-01 01:08:31','2023-03-01 01:08:31'),(853,1,'vi','core/base/system','user.last_login','Đăng nhập lần cuối	','2023-03-01 01:08:31','2023-03-01 01:08:31'),(854,1,'vi','core/base/system','user.add_user','Thêm quản trị viên cấp cao','2023-03-01 01:08:31','2023-03-01 01:08:31'),(855,1,'vi','core/base/system','user.cancel','Hủy bỏ','2023-03-01 01:08:31','2023-03-01 01:08:31'),(856,1,'vi','core/base/system','user.create','Thêm','2023-03-01 01:08:31','2023-03-01 01:08:31'),(857,1,'vi','core/base/system','options.features','Kiểm soát truy cập các tính năng','2023-03-01 01:08:31','2023-03-01 01:08:31'),(858,1,'vi','core/base/system','options.feature_description','Bật/tắt các tính năng.','2023-03-01 01:08:31','2023-03-01 01:08:31'),(859,1,'vi','core/base/system','options.manage_super','Quản lý quản trị viên cấp cao','2023-03-01 01:08:31','2023-03-01 01:08:31'),(860,1,'vi','core/base/system','options.manage_super_description','Thêm/xóa quản trị viên cấp cao','2023-03-01 01:08:31','2023-03-01 01:08:31'),(861,1,'vi','core/base/system','options.info','Thông tin hệ thống','2023-03-01 01:08:31','2023-03-01 01:08:31'),(862,1,'vi','core/base/system','options.info_description','Những thông tin về cấu hình hiện tại của hệ thống.','2023-03-01 01:08:31','2023-03-01 01:08:31'),(863,1,'vi','core/base/system','info.title','Thông tin hệ thống','2023-03-01 01:08:31','2023-03-01 01:08:31'),(864,1,'vi','core/base/system','info.cache','Bộ nhớ đệm','2023-03-01 01:08:31','2023-03-01 01:08:31'),(865,1,'vi','core/base/system','info.environment','Môi trường','2023-03-01 01:08:31','2023-03-01 01:08:31'),(866,1,'vi','core/base/system','info.locale','Ngôn ngữ hệ thống','2023-03-01 01:08:31','2023-03-01 01:08:31'),(867,1,'vi','core/base/system','user_management','Quản lý thành viên','2023-03-01 01:08:31','2023-03-01 01:08:31'),(868,1,'vi','core/base/system','user_management_description','Quản lý người dùng trong hệ thống','2023-03-01 01:08:31','2023-03-01 01:08:31'),(869,1,'vi','core/base/system','app_size','Kích thước ứng dụng','2023-03-01 01:08:31','2023-03-01 01:08:31'),(870,1,'vi','core/base/system','cache_dir_writable','Có thể ghi bộ nhớ đệm','2023-03-01 01:08:31','2023-03-01 01:08:31'),(871,1,'vi','core/base/system','cache_driver','Loại lưu trữ bộ nhớ đệm','2023-03-01 01:08:31','2023-03-01 01:08:31'),(872,1,'vi','core/base/system','copy_report','Sao chép báo cáo','2023-03-01 01:08:31','2023-03-01 01:08:31'),(873,1,'vi','core/base/system','curl_ext','CURL Ext','2023-03-01 01:08:31','2023-03-01 01:08:31'),(874,1,'vi','core/base/system','database','Hệ thống dữ liệu','2023-03-01 01:08:31','2023-03-01 01:08:31'),(875,1,'vi','core/base/system','debug_mode','Chế độ sửa lỗi','2023-03-01 01:08:31','2023-03-01 01:08:31'),(876,1,'vi','core/base/system','dependency_name','Tên gói','2023-03-01 01:08:31','2023-03-01 01:08:31'),(877,1,'vi','core/base/system','exif_ext','Exif Ext','2023-03-01 01:08:31','2023-03-01 01:08:31'),(878,1,'vi','core/base/system','extra_information','Thông tin mở rộng','2023-03-01 01:08:31','2023-03-01 01:08:31'),(879,1,'vi','core/base/system','extra_stats','Thống kê thêm','2023-03-01 01:08:31','2023-03-01 01:08:31'),(880,1,'vi','core/base/system','file_info_ext','File info Ext','2023-03-01 01:08:31','2023-03-01 01:08:31'),(881,1,'vi','core/base/system','framework_version','Phiên bản framework','2023-03-01 01:08:31','2023-03-01 01:08:31'),(882,1,'vi','core/base/system','get_system_report','Lấy thông tin hệ thống','2023-03-01 01:08:31','2023-03-01 01:08:31'),(883,1,'vi','core/base/system','installed_packages','Các gói đã cài đặt và phiên bản','2023-03-01 01:08:31','2023-03-01 01:08:31'),(884,1,'vi','core/base/system','mbstring_ext','Mbstring Ext','2023-03-01 01:08:31','2023-03-01 01:08:31'),(885,1,'vi','core/base/system','openssl_ext','OpenSSL Ext','2023-03-01 01:08:31','2023-03-01 01:08:31'),(886,1,'vi','core/base/system','package_name','Tên gói','2023-03-01 01:08:31','2023-03-01 01:08:31'),(887,1,'vi','core/base/system','pdo_ext','PDO Ext','2023-03-01 01:08:31','2023-03-01 01:08:31'),(888,1,'vi','core/base/system','php_version','Phiên bản PHP','2023-03-01 01:08:31','2023-03-01 01:08:31'),(889,1,'vi','core/base/system','report_description','Vui lòng chia sẻ thông tin này nhằm mục đích điều tra nguyên nhân gây lỗi','2023-03-01 01:08:31','2023-03-01 01:08:31'),(890,1,'vi','core/base/system','server_environment','Môi trường máy chủ','2023-03-01 01:08:31','2023-03-01 01:08:31'),(891,1,'vi','core/base/system','server_os','Hệ điều hành của máy chủ','2023-03-01 01:08:31','2023-03-01 01:08:31'),(892,1,'vi','core/base/system','server_software','Phần mềm','2023-03-01 01:08:31','2023-03-01 01:08:31'),(893,1,'vi','core/base/system','session_driver','Loại lưu trữ phiên làm việc','2023-03-01 01:08:31','2023-03-01 01:08:31'),(894,1,'vi','core/base/system','ssl_installed','Đã cài đặt chứng chỉ SSL','2023-03-01 01:08:31','2023-03-01 01:08:31'),(895,1,'vi','core/base/system','storage_dir_writable','Có thể lưu trữ dữ liệu tạm','2023-03-01 01:08:31','2023-03-01 01:08:31'),(896,1,'vi','core/base/system','system_environment','Môi trường hệ thống','2023-03-01 01:08:31','2023-03-01 01:08:31'),(897,1,'vi','core/base/system','timezone','Múi giờ','2023-03-01 01:08:31','2023-03-01 01:08:31'),(898,1,'vi','core/base/system','tokenizer_ext','Tokenizer Ext','2023-03-01 01:08:31','2023-03-01 01:08:31'),(899,1,'vi','core/base/system','version','Phiên bản','2023-03-01 01:08:31','2023-03-01 01:08:31'),(900,1,'vi','core/base/system','cms_version','Phiên bản CMS','2023-03-01 01:08:31','2023-03-01 01:08:31'),(901,1,'vi','core/base/system','queue_connection','Queue Connection','2023-03-01 01:08:31','2023-03-01 01:08:31'),(902,1,'vi','core/base/system','disabled_in_demo_mode','Bạn không thể thực hiện hành động này ở chế độ demo!','2023-03-01 01:08:31','2023-03-01 01:08:31'),(903,1,'vi','core/base/system','imagick_or_gd_ext','Imagick/GD Ext','2023-03-01 01:08:31','2023-03-01 01:08:31'),(904,1,'vi','core/base/system','php_version_error','Phiên bản PHP phải >= :version','2023-03-01 01:08:31','2023-03-01 01:08:31'),(905,1,'vi','core/base/system','updater','Nâng cấp hệ thống','2023-03-01 01:08:31','2023-03-01 01:08:31'),(906,1,'vi','core/base/tables','id','ID','2023-03-01 01:08:31','2023-03-01 01:08:31'),(907,1,'vi','core/base/tables','name','Tên','2023-03-01 01:08:31','2023-03-01 01:08:31'),(908,1,'vi','core/base/tables','order_by','Thứ tự','2023-03-01 01:08:31','2023-03-01 01:08:31'),(909,1,'vi','core/base/tables','status','Trạng thái','2023-03-01 01:08:31','2023-03-01 01:08:31'),(910,1,'vi','core/base/tables','created_at','Ngày tạo','2023-03-01 01:08:31','2023-03-01 01:08:31'),(911,1,'vi','core/base/tables','updated_at','Ngày cập nhật','2023-03-01 01:08:31','2023-03-01 01:08:31'),(912,1,'vi','core/base/tables','operations','Tác vụ','2023-03-01 01:08:31','2023-03-01 01:08:31'),(913,1,'vi','core/base/tables','url','URL','2023-03-01 01:08:31','2023-03-01 01:08:31'),(914,1,'vi','core/base/tables','author','Người tạo','2023-03-01 01:08:31','2023-03-01 01:08:31'),(915,1,'vi','core/base/tables','column','Cột','2023-03-01 01:08:31','2023-03-01 01:08:31'),(916,1,'vi','core/base/tables','origin','Bản cũ','2023-03-01 01:08:31','2023-03-01 01:08:31'),(917,1,'vi','core/base/tables','after_change','Sau khi thay đổi','2023-03-01 01:08:31','2023-03-01 01:08:31'),(918,1,'vi','core/base/tables','notes','Ghi chú','2023-03-01 01:08:31','2023-03-01 01:08:31'),(919,1,'vi','core/base/tables','activated','kích hoạt','2023-03-01 01:08:31','2023-03-01 01:08:31'),(920,1,'vi','core/base/tables','browser','Trình duyệt','2023-03-01 01:08:32','2023-03-01 01:08:32'),(921,1,'vi','core/base/tables','deactivated','hủy kích hoạt','2023-03-01 01:08:32','2023-03-01 01:08:32'),(922,1,'vi','core/base/tables','description','Mô tả','2023-03-01 01:08:32','2023-03-01 01:08:32'),(923,1,'vi','core/base/tables','session','Phiên','2023-03-01 01:08:32','2023-03-01 01:08:32'),(924,1,'vi','core/base/tables','views','Lượt xem','2023-03-01 01:08:32','2023-03-01 01:08:32'),(925,1,'vi','core/base/tables','restore','Khôi phục','2023-03-01 01:08:32','2023-03-01 01:08:32'),(926,1,'vi','core/base/tables','edit','Sửa','2023-03-01 01:08:32','2023-03-01 01:08:32'),(927,1,'vi','core/base/tables','delete','Xóa','2023-03-01 01:08:32','2023-03-01 01:08:32'),(928,1,'vi','core/base/tables','action','Hành động','2023-03-01 01:08:32','2023-03-01 01:08:32'),(929,1,'vi','core/base/tables','activate','Kích hoạt','2023-03-01 01:08:32','2023-03-01 01:08:32'),(930,1,'vi','core/base/tables','add_new','Thêm mới','2023-03-01 01:08:32','2023-03-01 01:08:32'),(931,1,'vi','core/base/tables','all','Tất cả','2023-03-01 01:08:32','2023-03-01 01:08:32'),(932,1,'vi','core/base/tables','cancel','Hủy bỏ','2023-03-01 01:08:32','2023-03-01 01:08:32'),(933,1,'vi','core/base/tables','confirm_delete','Xác nhận xóa','2023-03-01 01:08:32','2023-03-01 01:08:32'),(934,1,'vi','core/base/tables','confirm_delete_msg','Bạn có chắc chắn muốn xóa bản ghi này?','2023-03-01 01:08:32','2023-03-01 01:08:32'),(935,1,'vi','core/base/tables','csv','CSV','2023-03-01 01:08:32','2023-03-01 01:08:32'),(936,1,'vi','core/base/tables','deactivate','Hủy kích hoạt','2023-03-01 01:08:32','2023-03-01 01:08:32'),(937,1,'vi','core/base/tables','delete_entry','Xóa bản ghi','2023-03-01 01:08:32','2023-03-01 01:08:32'),(938,1,'vi','core/base/tables','display','Hiển thị','2023-03-01 01:08:32','2023-03-01 01:08:32'),(939,1,'vi','core/base/tables','excel','Excel','2023-03-01 01:08:32','2023-03-01 01:08:32'),(940,1,'vi','core/base/tables','export','Xuất bản','2023-03-01 01:08:32','2023-03-01 01:08:32'),(941,1,'vi','core/base/tables','in','trong tổng số','2023-03-01 01:08:32','2023-03-01 01:08:32'),(942,1,'vi','core/base/tables','no_data','Không có dữ liệu để hiển thị','2023-03-01 01:08:32','2023-03-01 01:08:32'),(943,1,'vi','core/base/tables','no_record','Không có dữ liệu','2023-03-01 01:08:32','2023-03-01 01:08:32'),(944,1,'vi','core/base/tables','pdf','PDF','2023-03-01 01:08:32','2023-03-01 01:08:32'),(945,1,'vi','core/base/tables','print','In','2023-03-01 01:08:32','2023-03-01 01:08:32'),(946,1,'vi','core/base/tables','records','bản ghi','2023-03-01 01:08:32','2023-03-01 01:08:32'),(947,1,'vi','core/base/tables','reload','Tải lại','2023-03-01 01:08:32','2023-03-01 01:08:32'),(948,1,'vi','core/base/tables','reset','Làm mới','2023-03-01 01:08:32','2023-03-01 01:08:32'),(949,1,'vi','core/base/tables','save','Lưu','2023-03-01 01:08:32','2023-03-01 01:08:32'),(950,1,'vi','core/base/tables','show_from','Hiển thị từ','2023-03-01 01:08:32','2023-03-01 01:08:32'),(951,1,'vi','core/base/tables','template','Giao diện','2023-03-01 01:08:32','2023-03-01 01:08:32'),(952,1,'vi','core/base/tables','to','đến','2023-03-01 01:08:32','2023-03-01 01:08:32'),(953,1,'vi','core/base/tables','view','Xem chi tiết','2023-03-01 01:08:32','2023-03-01 01:08:32'),(954,1,'vi','core/base/tables','email','Email','2023-03-01 01:08:32','2023-03-01 01:08:32'),(955,1,'vi','core/base/tables','image','Hình ảnh','2023-03-01 01:08:32','2023-03-01 01:08:32'),(956,1,'vi','core/base/tables','is_featured','Nổi bật','2023-03-01 01:08:32','2023-03-01 01:08:32'),(957,1,'vi','core/base/tables','last_login','Lần cuối đăng nhập','2023-03-01 01:08:32','2023-03-01 01:08:32'),(958,1,'vi','core/base/tables','order','Thứ tự','2023-03-01 01:08:32','2023-03-01 01:08:32'),(959,1,'vi','core/base/tables','shortcode','Shortcode','2023-03-01 01:08:32','2023-03-01 01:08:32'),(960,1,'vi','core/base/tables','slug','Slug','2023-03-01 01:08:32','2023-03-01 01:08:32'),(961,1,'vi','core/base/tables','title','Tiêu đề','2023-03-01 01:08:32','2023-03-01 01:08:32'),(962,1,'vi','core/base/tables','bulk_changes','Thay đổi hàng loạt','2023-03-01 01:08:32','2023-03-01 01:08:32'),(963,1,'vi','core/base/tables','confirm_delete_many_msg','Bạn có chắc chắn muốn xóa những bản ghi này?','2023-03-01 01:08:32','2023-03-01 01:08:32'),(964,1,'vi','core/base/tables','submit','Hoàn tất','2023-03-01 01:08:32','2023-03-01 01:08:32'),(965,1,'vi','core/base/tables','please_select_record','Vui lòng chọn ít nhất 1 bản ghi để thực hiện hành động này!','2023-03-01 01:08:32','2023-03-01 01:08:32'),(966,1,'vi','core/base/tabs','detail','Chi tiết','2023-03-01 01:08:32','2023-03-01 01:08:32'),(967,1,'vi','core/base/tabs','file','Tập tin','2023-03-01 01:08:32','2023-03-01 01:08:32'),(968,1,'vi','core/base/tabs','record_note','Ghi chú','2023-03-01 01:08:32','2023-03-01 01:08:32'),(969,1,'vi','core/base/tabs','revision','Lịch sử thay đổi','2023-03-01 01:08:32','2023-03-01 01:08:32'),(970,1,'en','core/dashboard/dashboard','update_position_success','Update widget position successfully!','2023-03-01 01:08:32','2023-03-01 01:08:32'),(971,1,'en','core/dashboard/dashboard','hide_success','Update widget successfully!','2023-03-01 01:08:32','2023-03-01 01:08:32'),(972,1,'en','core/dashboard/dashboard','confirm_hide','Are you sure?','2023-03-01 01:08:32','2023-03-01 01:08:32'),(973,1,'en','core/dashboard/dashboard','hide_message','Do you really want to hide this widget? It will be disappear on Dashboard!','2023-03-01 01:08:32','2023-03-01 01:08:32'),(974,1,'en','core/dashboard/dashboard','confirm_hide_btn','Yes, hide this widget','2023-03-01 01:08:32','2023-03-01 01:08:32'),(975,1,'en','core/dashboard/dashboard','cancel_hide_btn','Cancel','2023-03-01 01:08:32','2023-03-01 01:08:32'),(976,1,'en','core/dashboard/dashboard','collapse_expand','Collapse/Expand','2023-03-01 01:08:32','2023-03-01 01:08:32'),(977,1,'en','core/dashboard/dashboard','hide','Hide','2023-03-01 01:08:32','2023-03-01 01:08:32'),(978,1,'en','core/dashboard/dashboard','reload','Reload','2023-03-01 01:08:32','2023-03-01 01:08:32'),(979,1,'en','core/dashboard/dashboard','save_setting_success','Save widget settings successfully!','2023-03-01 01:08:32','2023-03-01 01:08:32'),(980,1,'en','core/dashboard/dashboard','widget_not_exists','Widget is not exits!','2023-03-01 01:08:32','2023-03-01 01:08:32'),(981,1,'en','core/dashboard/dashboard','manage_widgets','Manage Widgets','2023-03-01 01:08:32','2023-03-01 01:08:32'),(982,1,'en','core/dashboard/dashboard','fullscreen','Full screen','2023-03-01 01:08:32','2023-03-01 01:08:32'),(983,1,'en','core/dashboard/dashboard','title','Dashboard','2023-03-01 01:08:32','2023-03-01 01:08:32'),(984,1,'en','core/dashboard/dashboard','predefined_ranges.today','Today','2023-03-01 01:08:32','2023-03-01 01:08:32'),(985,1,'en','core/dashboard/dashboard','predefined_ranges.yesterday','Yesterday','2023-03-01 01:08:32','2023-03-01 01:08:32'),(986,1,'en','core/dashboard/dashboard','predefined_ranges.this_week','This Week','2023-03-01 01:08:32','2023-03-01 01:08:32'),(987,1,'en','core/dashboard/dashboard','predefined_ranges.last_7_days','Last 7 Days','2023-03-01 01:08:32','2023-03-01 01:08:32'),(988,1,'en','core/dashboard/dashboard','predefined_ranges.this_month','This Month','2023-03-01 01:08:32','2023-03-01 01:08:32'),(989,1,'en','core/dashboard/dashboard','predefined_ranges.last_30_days','Last 30 Days','2023-03-01 01:08:32','2023-03-01 01:08:32'),(990,1,'en','core/dashboard/dashboard','predefined_ranges.this_year','This Year','2023-03-01 01:08:32','2023-03-01 01:08:32'),(991,1,'vi','core/dashboard/dashboard','cancel_hide_btn','Hủy bỏ','2023-03-01 01:08:32','2023-03-01 01:08:32'),(992,1,'vi','core/dashboard/dashboard','collapse_expand','Mở rộng','2023-03-01 01:08:32','2023-03-01 01:08:32'),(993,1,'vi','core/dashboard/dashboard','confirm_hide','Bạn có chắc?','2023-03-01 01:08:32','2023-03-01 01:08:32'),(994,1,'vi','core/dashboard/dashboard','confirm_hide_btn','Vâng, ẩn tiện ích này','2023-03-01 01:08:32','2023-03-01 01:08:32'),(995,1,'vi','core/dashboard/dashboard','hide','Ẩn','2023-03-01 01:08:32','2023-03-01 01:08:32'),(996,1,'vi','core/dashboard/dashboard','hide_message','Bạn có chắc chắn muốn ẩn tiện ích này? Nó sẽ không được hiển thị trên trang chủ nữa!','2023-03-01 01:08:32','2023-03-01 01:08:32'),(997,1,'vi','core/dashboard/dashboard','hide_success','Ẩn tiện ích thành công!','2023-03-01 01:08:32','2023-03-01 01:08:32'),(998,1,'vi','core/dashboard/dashboard','manage_widgets','Quản lý tiện ích','2023-03-01 01:08:32','2023-03-01 01:08:32'),(999,1,'vi','core/dashboard/dashboard','reload','Làm mới','2023-03-01 01:08:32','2023-03-01 01:08:32'),(1000,1,'vi','core/dashboard/dashboard','save_setting_success','Lưu tiện ích thành công','2023-03-01 01:08:32','2023-03-01 01:08:32'),(1001,1,'vi','core/dashboard/dashboard','update_position_success','Cập nhật vị trí tiện ích thành công!','2023-03-01 01:08:32','2023-03-01 01:08:32'),(1002,1,'vi','core/dashboard/dashboard','widget_not_exists','Tiện ích này không tồn tại!','2023-03-01 01:08:32','2023-03-01 01:08:32'),(1003,1,'vi','core/dashboard/dashboard','fullscreen','Toàn màn hình','2023-03-01 01:08:32','2023-03-01 01:08:32'),(1004,1,'vi','core/dashboard/dashboard','title','Trang quản trị','2023-03-01 01:08:32','2023-03-01 01:08:32'),(1005,1,'en','core/media/media','filter','Filter','2023-03-01 01:08:32','2023-03-01 01:08:32'),(1006,1,'en','core/media/media','everything','Everything','2023-03-01 01:08:32','2023-03-01 01:08:32'),(1007,1,'en','core/media/media','image','Image','2023-03-01 01:08:32','2023-03-01 01:08:32'),(1008,1,'en','core/media/media','video','Video','2023-03-01 01:08:32','2023-03-01 01:08:32'),(1009,1,'en','core/media/media','document','Document','2023-03-01 01:08:32','2023-03-01 01:08:32'),(1010,1,'en','core/media/media','view_in','View in','2023-03-01 01:08:32','2023-03-01 01:08:32'),(1011,1,'en','core/media/media','all_media','All media','2023-03-01 01:08:32','2023-03-01 01:08:32'),(1012,1,'en','core/media/media','trash','Trash','2023-03-01 01:08:32','2023-03-01 01:08:32'),(1013,1,'en','core/media/media','recent','Recent','2023-03-01 01:08:32','2023-03-01 01:08:32'),(1014,1,'en','core/media/media','favorites','Favorites','2023-03-01 01:08:32','2023-03-01 01:08:32'),(1015,1,'en','core/media/media','upload','Upload','2023-03-01 01:08:32','2023-03-01 01:08:32'),(1016,1,'en','core/media/media','create_folder','Create folder','2023-03-01 01:08:32','2023-03-01 01:08:32'),(1017,1,'en','core/media/media','refresh','Refresh','2023-03-01 01:08:32','2023-03-01 01:08:32'),(1018,1,'en','core/media/media','empty_trash','Empty trash','2023-03-01 01:08:32','2023-03-01 01:08:32'),(1019,1,'en','core/media/media','search_file_and_folder','Search in current folder','2023-03-01 01:08:32','2023-03-01 01:08:32'),(1020,1,'en','core/media/media','sort','Sort','2023-03-01 01:08:32','2023-03-01 01:08:32'),(1021,1,'en','core/media/media','file_name_asc','File name - ASC','2023-03-01 01:08:32','2023-03-01 01:08:32'),(1022,1,'en','core/media/media','file_name_desc','File name - DESC','2023-03-01 01:08:32','2023-03-01 01:08:32'),(1023,1,'en','core/media/media','uploaded_date_asc','Uploaded date - ASC','2023-03-01 01:08:32','2023-03-01 01:08:32'),(1024,1,'en','core/media/media','uploaded_date_desc','Uploaded date - DESC','2023-03-01 01:08:32','2023-03-01 01:08:32'),(1025,1,'en','core/media/media','size_asc','Size - ASC','2023-03-01 01:08:32','2023-03-01 01:08:32'),(1026,1,'en','core/media/media','size_desc','Size - DESC','2023-03-01 01:08:32','2023-03-01 01:08:32'),(1027,1,'en','core/media/media','actions','Actions','2023-03-01 01:08:32','2023-03-01 01:08:32'),(1028,1,'en','core/media/media','nothing_is_selected','Nothing is selected','2023-03-01 01:08:32','2023-03-01 01:08:32'),(1029,1,'en','core/media/media','insert','Insert','2023-03-01 01:08:32','2023-03-01 01:08:32'),(1030,1,'en','core/media/media','folder_name','Folder name','2023-03-01 01:08:32','2023-03-01 01:08:32'),(1031,1,'en','core/media/media','create','Create','2023-03-01 01:08:32','2023-03-01 01:08:32'),(1032,1,'en','core/media/media','rename','Rename','2023-03-01 01:08:32','2023-03-01 01:08:32'),(1033,1,'en','core/media/media','close','Close','2023-03-01 01:08:32','2023-03-01 01:08:32'),(1034,1,'en','core/media/media','save_changes','Save changes','2023-03-01 01:08:32','2023-03-01 01:08:32'),(1035,1,'en','core/media/media','move_to_trash','Move items to trash','2023-03-01 01:08:32','2023-03-01 01:08:32'),(1036,1,'en','core/media/media','confirm_trash','Are you sure you want to move these items to trash?','2023-03-01 01:08:32','2023-03-01 01:08:32'),(1037,1,'en','core/media/media','confirm','Confirm','2023-03-01 01:08:32','2023-03-01 01:08:32'),(1038,1,'en','core/media/media','confirm_delete','Delete item(s)','2023-03-01 01:08:32','2023-03-01 01:08:32'),(1039,1,'en','core/media/media','confirm_delete_description','Your request cannot rollback. Are you sure you wanna delete these items?','2023-03-01 01:08:32','2023-03-01 01:08:32'),(1040,1,'en','core/media/media','empty_trash_title','Empty trash','2023-03-01 01:08:32','2023-03-01 01:08:32'),(1041,1,'en','core/media/media','empty_trash_description','Your request cannot rollback. Are you sure you wanna remove all items in trash?','2023-03-01 01:08:32','2023-03-01 01:08:32'),(1042,1,'en','core/media/media','up_level','Up one level','2023-03-01 01:08:32','2023-03-01 01:08:32'),(1043,1,'en','core/media/media','upload_progress','Upload progress','2023-03-01 01:08:32','2023-03-01 01:08:32'),(1044,1,'en','core/media/media','folder_created','Folder is created successfully!','2023-03-01 01:08:32','2023-03-01 01:08:32'),(1045,1,'en','core/media/media','gallery','Media gallery','2023-03-01 01:08:32','2023-03-01 01:08:32'),(1046,1,'en','core/media/media','trash_error','Error when delete selected item(s)','2023-03-01 01:08:32','2023-03-01 01:08:32'),(1047,1,'en','core/media/media','trash_success','Moved selected item(s) to trash successfully!','2023-03-01 01:08:32','2023-03-01 01:08:32'),(1048,1,'en','core/media/media','restore_error','Error when restore selected item(s)','2023-03-01 01:08:32','2023-03-01 01:08:32'),(1049,1,'en','core/media/media','restore_success','Restore selected item(s) successfully!','2023-03-01 01:08:32','2023-03-01 01:08:32'),(1050,1,'en','core/media/media','copy_success','Copied selected item(s) successfully!','2023-03-01 01:08:32','2023-03-01 01:08:32'),(1051,1,'en','core/media/media','delete_success','Deleted selected item(s) successfully!','2023-03-01 01:08:32','2023-03-01 01:08:32'),(1052,1,'en','core/media/media','favorite_success','Favorite selected item(s) successfully!','2023-03-01 01:08:32','2023-03-01 01:08:32'),(1053,1,'en','core/media/media','remove_favorite_success','Remove selected item(s) from favorites successfully!','2023-03-01 01:08:32','2023-03-01 01:08:32'),(1054,1,'en','core/media/media','rename_error','Error when rename item(s)','2023-03-01 01:08:32','2023-03-01 01:08:32'),(1055,1,'en','core/media/media','rename_success','Rename selected item(s) successfully!','2023-03-01 01:08:32','2023-03-01 01:08:32'),(1056,1,'en','core/media/media','empty_trash_success','Empty trash successfully!','2023-03-01 01:08:32','2023-03-01 01:08:32'),(1057,1,'en','core/media/media','invalid_action','Invalid action!','2023-03-01 01:08:32','2023-03-01 01:08:32'),(1058,1,'en','core/media/media','file_not_exists','File is not exists!','2023-03-01 01:08:32','2023-03-01 01:08:32'),(1059,1,'en','core/media/media','download_file_error','Error when downloading files!','2023-03-01 01:08:32','2023-03-01 01:08:32'),(1060,1,'en','core/media/media','missing_zip_archive_extension','Please enable ZipArchive extension to download file!','2023-03-01 01:08:32','2023-03-01 01:08:32'),(1061,1,'en','core/media/media','can_not_download_file','Can not download this file!','2023-03-01 01:08:32','2023-03-01 01:08:32'),(1062,1,'en','core/media/media','invalid_request','Invalid request!','2023-03-01 01:08:32','2023-03-01 01:08:32'),(1063,1,'en','core/media/media','add_success','Add item successfully!','2023-03-01 01:08:32','2023-03-01 01:08:32'),(1064,1,'en','core/media/media','file_too_big','File too big. Max file upload is :size bytes','2023-03-01 01:08:32','2023-03-01 01:08:32'),(1065,1,'en','core/media/media','file_too_big_readable_size','File too big. Max file upload is :size.','2023-03-01 01:08:32','2023-03-01 01:08:32'),(1066,1,'en','core/media/media','can_not_detect_file_type','File type is not allowed or can not detect file type!','2023-03-01 01:08:32','2023-03-01 01:08:32'),(1067,1,'en','core/media/media','upload_failed','The file is NOT uploaded completely. The server allows max upload file size is :size . Please check your file size OR try to upload again in case of having network errors','2023-03-01 01:08:32','2023-03-01 01:08:32'),(1068,1,'en','core/media/media','menu_name','Media','2023-03-01 01:08:32','2023-03-01 01:08:32'),(1069,1,'en','core/media/media','add','Add media','2023-03-01 01:08:32','2023-03-01 01:08:32'),(1070,1,'en','core/media/media','javascript.name','Name','2023-03-01 01:08:32','2023-03-01 01:08:32'),(1071,1,'en','core/media/media','javascript.url','URL','2023-03-01 01:08:32','2023-03-01 01:08:32'),(1072,1,'en','core/media/media','javascript.full_url','Full URL','2023-03-01 01:08:32','2023-03-01 01:08:32'),(1073,1,'en','core/media/media','javascript.size','Size','2023-03-01 01:08:32','2023-03-01 01:08:32'),(1074,1,'en','core/media/media','javascript.mime_type','Type','2023-03-01 01:08:32','2023-03-01 01:08:32'),(1075,1,'en','core/media/media','javascript.created_at','Uploaded at','2023-03-01 01:08:32','2023-03-01 01:08:32'),(1076,1,'en','core/media/media','javascript.updated_at','Modified at','2023-03-01 01:08:32','2023-03-01 01:08:32'),(1077,1,'en','core/media/media','javascript.nothing_selected','Nothing is selected','2023-03-01 01:08:32','2023-03-01 01:08:32'),(1078,1,'en','core/media/media','javascript.visit_link','Open link','2023-03-01 01:08:32','2023-03-01 01:08:32'),(1079,1,'en','core/media/media','javascript.no_item.all_media.icon','fas fa-cloud-upload-alt','2023-03-01 01:08:32','2023-03-01 01:08:32'),(1080,1,'en','core/media/media','javascript.no_item.all_media.title','Drop files and folders here','2023-03-01 01:08:32','2023-03-01 01:08:32'),(1081,1,'en','core/media/media','javascript.no_item.all_media.message','Or use the upload button above','2023-03-01 01:08:32','2023-03-01 01:08:32'),(1082,1,'en','core/media/media','javascript.no_item.trash.icon','fas fa-trash-alt','2023-03-01 01:08:32','2023-03-01 01:08:32'),(1083,1,'en','core/media/media','javascript.no_item.trash.title','There is nothing in your trash currently','2023-03-01 01:08:32','2023-03-01 01:08:32'),(1084,1,'en','core/media/media','javascript.no_item.trash.message','Delete files to move them to trash automatically. Delete files from trash to remove them permanently','2023-03-01 01:08:32','2023-03-01 01:08:32'),(1085,1,'en','core/media/media','javascript.no_item.favorites.icon','fas fa-star','2023-03-01 01:08:32','2023-03-01 01:08:32'),(1086,1,'en','core/media/media','javascript.no_item.favorites.title','You have not added anything to your favorites yet','2023-03-01 01:08:32','2023-03-01 01:08:32'),(1087,1,'en','core/media/media','javascript.no_item.favorites.message','Add files to favorites to easily find them later','2023-03-01 01:08:32','2023-03-01 01:08:32'),(1088,1,'en','core/media/media','javascript.no_item.recent.icon','far fa-clock','2023-03-01 01:08:32','2023-03-01 01:08:32'),(1089,1,'en','core/media/media','javascript.no_item.recent.title','You did not opened anything yet','2023-03-01 01:08:32','2023-03-01 01:08:32'),(1090,1,'en','core/media/media','javascript.no_item.recent.message','All recent files that you opened will be appeared here','2023-03-01 01:08:32','2023-03-01 01:08:32'),(1091,1,'en','core/media/media','javascript.no_item.default.icon','fas fa-sync','2023-03-01 01:08:32','2023-03-01 01:08:32'),(1092,1,'en','core/media/media','javascript.no_item.default.title','No items','2023-03-01 01:08:32','2023-03-01 01:08:32'),(1093,1,'en','core/media/media','javascript.no_item.default.message','This directory has no item','2023-03-01 01:08:32','2023-03-01 01:08:32'),(1094,1,'en','core/media/media','javascript.clipboard.success','These file links has been copied to clipboard','2023-03-01 01:08:32','2023-03-01 01:08:32'),(1095,1,'en','core/media/media','javascript.message.error_header','Error','2023-03-01 01:08:32','2023-03-01 01:08:32'),(1096,1,'en','core/media/media','javascript.message.success_header','Success','2023-03-01 01:08:32','2023-03-01 01:08:32'),(1097,1,'en','core/media/media','javascript.download.error','No files selected or cannot download these files','2023-03-01 01:08:32','2023-03-01 01:08:32'),(1098,1,'en','core/media/media','javascript.actions_list.basic.preview','Preview','2023-03-01 01:08:32','2023-03-01 01:08:32'),(1099,1,'en','core/media/media','javascript.actions_list.file.copy_link','Copy link','2023-03-01 01:08:32','2023-03-01 01:08:32'),(1100,1,'en','core/media/media','javascript.actions_list.file.rename','Rename','2023-03-01 01:08:32','2023-03-01 01:08:32'),(1101,1,'en','core/media/media','javascript.actions_list.file.make_copy','Make a copy','2023-03-01 01:08:32','2023-03-01 01:08:32'),(1102,1,'en','core/media/media','javascript.actions_list.user.favorite','Add to favorite','2023-03-01 01:08:32','2023-03-01 01:08:32'),(1103,1,'en','core/media/media','javascript.actions_list.user.remove_favorite','Remove favorite','2023-03-01 01:08:32','2023-03-01 01:08:32'),(1104,1,'en','core/media/media','javascript.actions_list.other.download','Download','2023-03-01 01:08:32','2023-03-01 01:08:32'),(1105,1,'en','core/media/media','javascript.actions_list.other.trash','Move to trash','2023-03-01 01:08:32','2023-03-01 01:08:32'),(1106,1,'en','core/media/media','javascript.actions_list.other.delete','Delete permanently','2023-03-01 01:08:32','2023-03-01 01:08:32'),(1107,1,'en','core/media/media','javascript.actions_list.other.restore','Restore','2023-03-01 01:08:32','2023-03-01 01:08:32'),(1108,1,'en','core/media/media','javascript.change_image','Change image','2023-03-01 01:08:32','2023-03-01 01:08:32'),(1109,1,'en','core/media/media','javascript.delete_image','Delete image','2023-03-01 01:08:32','2023-03-01 01:08:32'),(1110,1,'en','core/media/media','javascript.choose_image','Choose image','2023-03-01 01:08:32','2023-03-01 01:08:32'),(1111,1,'en','core/media/media','javascript.preview_image','Preview image','2023-03-01 01:08:32','2023-03-01 01:08:32'),(1112,1,'en','core/media/media','name_invalid','The folder name has invalid character(s).','2023-03-01 01:08:32','2023-03-01 01:08:32'),(1113,1,'en','core/media/media','url_invalid','Please provide a valid URL','2023-03-01 01:08:32','2023-03-01 01:08:32'),(1114,1,'en','core/media/media','path_invalid','Please provide a valid path','2023-03-01 01:08:32','2023-03-01 01:08:32'),(1115,1,'en','core/media/media','download_link','Download','2023-03-01 01:08:32','2023-03-01 01:08:32'),(1116,1,'en','core/media/media','url','URL','2023-03-01 01:08:32','2023-03-01 01:08:32'),(1117,1,'en','core/media/media','download_explain','Enter one URL per line.','2023-03-01 01:08:33','2023-03-01 01:08:33'),(1118,1,'en','core/media/media','downloading','Downloading...','2023-03-01 01:08:33','2023-03-01 01:08:33'),(1119,1,'vi','core/media/media','filter','Lọc','2023-03-01 01:08:33','2023-03-01 01:08:33'),(1120,1,'vi','core/media/media','everything','Tất cả','2023-03-01 01:08:33','2023-03-01 01:08:33'),(1121,1,'vi','core/media/media','image','Hình ảnh','2023-03-01 01:08:33','2023-03-01 01:08:33'),(1122,1,'vi','core/media/media','video','Phim','2023-03-01 01:08:33','2023-03-01 01:08:33'),(1123,1,'vi','core/media/media','document','Tài liệu','2023-03-01 01:08:33','2023-03-01 01:08:33'),(1124,1,'vi','core/media/media','view_in','Chế độ xem','2023-03-01 01:08:33','2023-03-01 01:08:33'),(1125,1,'vi','core/media/media','all_media','Tất cả tập tin','2023-03-01 01:08:33','2023-03-01 01:08:33'),(1126,1,'vi','core/media/media','trash','Thùng rác','2023-03-01 01:08:33','2023-03-01 01:08:33'),(1127,1,'vi','core/media/media','recent','Gần đây','2023-03-01 01:08:33','2023-03-01 01:08:33'),(1128,1,'vi','core/media/media','favorites','Được gắn dấu sao','2023-03-01 01:08:33','2023-03-01 01:08:33'),(1129,1,'vi','core/media/media','upload','Tải lên','2023-03-01 01:08:33','2023-03-01 01:08:33'),(1130,1,'vi','core/media/media','create_folder','Tạo thư mục','2023-03-01 01:08:33','2023-03-01 01:08:33'),(1131,1,'vi','core/media/media','refresh','Làm mới','2023-03-01 01:08:33','2023-03-01 01:08:33'),(1132,1,'vi','core/media/media','empty_trash','Dọn thùng rác','2023-03-01 01:08:33','2023-03-01 01:08:33'),(1133,1,'vi','core/media/media','search_file_and_folder','Tìm kiếm tập tin và thư mục','2023-03-01 01:08:33','2023-03-01 01:08:33'),(1134,1,'vi','core/media/media','sort','Sắp xếp','2023-03-01 01:08:33','2023-03-01 01:08:33'),(1135,1,'vi','core/media/media','file_name_asc','Tên tập tin - ASC','2023-03-01 01:08:33','2023-03-01 01:08:33'),(1136,1,'vi','core/media/media','file_name_desc','Tên tập tin - DESC','2023-03-01 01:08:33','2023-03-01 01:08:33'),(1137,1,'vi','core/media/media','uploaded_date_asc','Ngày tải lên - ASC','2023-03-01 01:08:33','2023-03-01 01:08:33'),(1138,1,'vi','core/media/media','uploaded_date_desc','Ngày tải lên - DESC','2023-03-01 01:08:33','2023-03-01 01:08:33'),(1139,1,'vi','core/media/media','size_asc','Kích thước - ASC','2023-03-01 01:08:33','2023-03-01 01:08:33'),(1140,1,'vi','core/media/media','size_desc','Kích thước - DESC','2023-03-01 01:08:33','2023-03-01 01:08:33'),(1141,1,'vi','core/media/media','actions','Hành động','2023-03-01 01:08:33','2023-03-01 01:08:33'),(1142,1,'vi','core/media/media','nothing_is_selected','Không có tập tin nào được chọn','2023-03-01 01:08:33','2023-03-01 01:08:33'),(1143,1,'vi','core/media/media','insert','Chèn','2023-03-01 01:08:33','2023-03-01 01:08:33'),(1144,1,'vi','core/media/media','folder_name','Tên thư mục','2023-03-01 01:08:33','2023-03-01 01:08:33'),(1145,1,'vi','core/media/media','create','Tạo','2023-03-01 01:08:33','2023-03-01 01:08:33'),(1146,1,'vi','core/media/media','rename','Đổi tên','2023-03-01 01:08:33','2023-03-01 01:08:33'),(1147,1,'vi','core/media/media','close','Đóng','2023-03-01 01:08:33','2023-03-01 01:08:33'),(1148,1,'vi','core/media/media','save_changes','Lưu thay đổi','2023-03-01 01:08:33','2023-03-01 01:08:33'),(1149,1,'vi','core/media/media','move_to_trash','Đưa vào thùng rác','2023-03-01 01:08:33','2023-03-01 01:08:33'),(1150,1,'vi','core/media/media','confirm_trash','Bạn có chắc chắn muốn bỏ những tập tin này vào thùng rác?','2023-03-01 01:08:33','2023-03-01 01:08:33'),(1151,1,'vi','core/media/media','confirm','Xác nhận','2023-03-01 01:08:33','2023-03-01 01:08:33'),(1152,1,'vi','core/media/media','confirm_delete','Xóa tập tin','2023-03-01 01:08:33','2023-03-01 01:08:33'),(1153,1,'vi','core/media/media','confirm_delete_description','Hành động này không thể khôi phục. Bạn có chắc chắn muốn xóa các tập tin này?','2023-03-01 01:08:33','2023-03-01 01:08:33'),(1154,1,'vi','core/media/media','empty_trash_title','Dọn sạch thùng rác','2023-03-01 01:08:33','2023-03-01 01:08:33'),(1155,1,'vi','core/media/media','empty_trash_description','Hành động này không thể khôi phục. Bạn có chắc chắn muốn dọn sạch thùng rác?','2023-03-01 01:08:33','2023-03-01 01:08:33'),(1156,1,'vi','core/media/media','up_level','Quay lại một cấp','2023-03-01 01:08:33','2023-03-01 01:08:33'),(1157,1,'vi','core/media/media','upload_progress','Tiến trình tải lên','2023-03-01 01:08:33','2023-03-01 01:08:33'),(1158,1,'vi','core/media/media','folder_created','Tạo thư mục thành công!','2023-03-01 01:08:33','2023-03-01 01:08:33'),(1159,1,'vi','core/media/media','gallery','Thư viện tập tin','2023-03-01 01:08:33','2023-03-01 01:08:33'),(1160,1,'vi','core/media/media','trash_error','Có lỗi khi xóa tập tin/thư mục','2023-03-01 01:08:33','2023-03-01 01:08:33'),(1161,1,'vi','core/media/media','trash_success','Xóa tập tin/thư mục thành công!','2023-03-01 01:08:33','2023-03-01 01:08:33'),(1162,1,'vi','core/media/media','restore_error','Có lỗi trong quá trình khôi phục','2023-03-01 01:08:33','2023-03-01 01:08:33'),(1163,1,'vi','core/media/media','restore_success','Khôi phục thành công!','2023-03-01 01:08:33','2023-03-01 01:08:33'),(1164,1,'vi','core/media/media','copy_success','Sao chép thành công!','2023-03-01 01:08:33','2023-03-01 01:08:33'),(1165,1,'vi','core/media/media','delete_success','Xóa thành công!','2023-03-01 01:08:33','2023-03-01 01:08:33'),(1166,1,'vi','core/media/media','favorite_success','Thêm dấu sao thành công!','2023-03-01 01:08:33','2023-03-01 01:08:33'),(1167,1,'vi','core/media/media','remove_favorite_success','Bỏ dấu sao thành công!','2023-03-01 01:08:33','2023-03-01 01:08:33'),(1168,1,'vi','core/media/media','rename_error','Có lỗi trong quá trình đổi tên','2023-03-01 01:08:33','2023-03-01 01:08:33'),(1169,1,'vi','core/media/media','rename_success','Đổi tên thành công!','2023-03-01 01:08:33','2023-03-01 01:08:33'),(1170,1,'vi','core/media/media','invalid_action','Hành động không hợp lệ!','2023-03-01 01:08:33','2023-03-01 01:08:33'),(1171,1,'vi','core/media/media','file_not_exists','Tập tin không tồn tại!','2023-03-01 01:08:33','2023-03-01 01:08:33'),(1172,1,'vi','core/media/media','download_file_error','Có lỗi trong quá trình tải xuống tập tin!','2023-03-01 01:08:33','2023-03-01 01:08:33'),(1173,1,'vi','core/media/media','missing_zip_archive_extension','Hãy bật ZipArchive extension để tải tập tin!','2023-03-01 01:08:33','2023-03-01 01:08:33'),(1174,1,'vi','core/media/media','can_not_download_file','Không thể tải tập tin!','2023-03-01 01:08:33','2023-03-01 01:08:33'),(1175,1,'vi','core/media/media','invalid_request','Yêu cầu không hợp lệ!','2023-03-01 01:08:33','2023-03-01 01:08:33'),(1176,1,'vi','core/media/media','add_success','Thêm thành công!','2023-03-01 01:08:33','2023-03-01 01:08:33'),(1177,1,'vi','core/media/media','file_too_big','Tập tin quá lớn. Giới hạn tải lên là :size bytes','2023-03-01 01:08:33','2023-03-01 01:08:33'),(1178,1,'vi','core/media/media','can_not_detect_file_type','Loại tập tin không hợp lệ hoặc không thể xác định loại tập tin!','2023-03-01 01:08:33','2023-03-01 01:08:33'),(1179,1,'vi','core/media/media','upload_failed','The file is NOT uploaded completely. The server allows max upload file size is :size . Please check your file size OR try to upload again in case of having network errors','2023-03-01 01:08:33','2023-03-01 01:08:33'),(1180,1,'vi','core/media/media','menu_name','Quản lý tập tin','2023-03-01 01:08:33','2023-03-01 01:08:33'),(1181,1,'vi','core/media/media','add','Thêm tập tin','2023-03-01 01:08:33','2023-03-01 01:08:33'),(1182,1,'vi','core/media/media','javascript.name','Tên','2023-03-01 01:08:33','2023-03-01 01:08:33'),(1183,1,'vi','core/media/media','javascript.url','Đường dẫn','2023-03-01 01:08:33','2023-03-01 01:08:33'),(1184,1,'vi','core/media/media','javascript.full_url','Đường dẫn tuyệt đối','2023-03-01 01:08:33','2023-03-01 01:08:33'),(1185,1,'vi','core/media/media','javascript.size','Kích thước','2023-03-01 01:08:33','2023-03-01 01:08:33'),(1186,1,'vi','core/media/media','javascript.mime_type','Loại','2023-03-01 01:08:33','2023-03-01 01:08:33'),(1187,1,'vi','core/media/media','javascript.created_at','Được tải lên lúc','2023-03-01 01:08:33','2023-03-01 01:08:33'),(1188,1,'vi','core/media/media','javascript.updated_at','Được chỉnh sửa lúc','2023-03-01 01:08:33','2023-03-01 01:08:33'),(1189,1,'vi','core/media/media','javascript.nothing_selected','Bạn chưa chọn tập tin nào','2023-03-01 01:08:33','2023-03-01 01:08:33'),(1190,1,'vi','core/media/media','javascript.visit_link','Mở liên kết','2023-03-01 01:08:33','2023-03-01 01:08:33'),(1191,1,'vi','core/media/media','javascript.no_item.all_media.icon','fas fa-cloud-upload-alt','2023-03-01 01:08:33','2023-03-01 01:08:33'),(1192,1,'vi','core/media/media','javascript.no_item.all_media.title','Bạn có thể kéo thả tập tin vào đây để tải lên','2023-03-01 01:08:33','2023-03-01 01:08:33'),(1193,1,'vi','core/media/media','javascript.no_item.all_media.message','Hoặc có thể bấm nút Tải lên ở phía trên','2023-03-01 01:08:33','2023-03-01 01:08:33'),(1194,1,'vi','core/media/media','javascript.no_item.trash.icon','fas fa-trash-alt','2023-03-01 01:08:33','2023-03-01 01:08:33'),(1195,1,'vi','core/media/media','javascript.no_item.trash.title','Hiện tại không có tập tin nào trong thùng rác','2023-03-01 01:08:33','2023-03-01 01:08:33'),(1196,1,'vi','core/media/media','javascript.no_item.trash.message','Xóa tập tin sẽ đem tập tin lưu vào thùng rác. Xóa tập tin trong thùng rác sẽ xóa vĩnh viễn.','2023-03-01 01:08:33','2023-03-01 01:08:33'),(1197,1,'vi','core/media/media','javascript.no_item.favorites.icon','fas fa-star','2023-03-01 01:08:33','2023-03-01 01:08:33'),(1198,1,'vi','core/media/media','javascript.no_item.favorites.title','Bạn chưa đặt tập tin nào vào mục yêu thích','2023-03-01 01:08:33','2023-03-01 01:08:33'),(1199,1,'vi','core/media/media','javascript.no_item.favorites.message','Thêm tập tin vào mục yêu thích để tìm kiếm chúng dễ dàng sau này.','2023-03-01 01:08:33','2023-03-01 01:08:33'),(1200,1,'vi','core/media/media','javascript.no_item.recent.icon','far fa-clock','2023-03-01 01:08:33','2023-03-01 01:08:33'),(1201,1,'vi','core/media/media','javascript.no_item.recent.title','Bạn chưa mở tập tin nào.','2023-03-01 01:08:33','2023-03-01 01:08:33'),(1202,1,'vi','core/media/media','javascript.no_item.recent.message','Mục này hiển thị các tập tin bạn đã xem gần đây.','2023-03-01 01:08:33','2023-03-01 01:08:33'),(1203,1,'vi','core/media/media','javascript.no_item.default.icon','fas fa-sync','2023-03-01 01:08:33','2023-03-01 01:08:33'),(1204,1,'vi','core/media/media','javascript.no_item.default.title','Thư mục trống','2023-03-01 01:08:33','2023-03-01 01:08:33'),(1205,1,'vi','core/media/media','javascript.no_item.default.message','Thư mục này chưa có tập tin nào','2023-03-01 01:08:33','2023-03-01 01:08:33'),(1206,1,'vi','core/media/media','javascript.clipboard.success','Đường dẫn của các tập tin đã được sao chép vào clipboard','2023-03-01 01:08:33','2023-03-01 01:08:33'),(1207,1,'vi','core/media/media','javascript.message.error_header','Lỗi','2023-03-01 01:08:33','2023-03-01 01:08:33'),(1208,1,'vi','core/media/media','javascript.message.success_header','Thành công','2023-03-01 01:08:33','2023-03-01 01:08:33'),(1209,1,'vi','core/media/media','javascript.download.error','Bạn chưa chọn tập tin nào hoặc tập tin này không cho phép tải về','2023-03-01 01:08:33','2023-03-01 01:08:33'),(1210,1,'vi','core/media/media','javascript.actions_list.basic.preview','Xem trước','2023-03-01 01:08:33','2023-03-01 01:08:33'),(1211,1,'vi','core/media/media','javascript.actions_list.file.copy_link','Sao chép đường dẫn','2023-03-01 01:08:33','2023-03-01 01:08:33'),(1212,1,'vi','core/media/media','javascript.actions_list.file.rename','Đổi tên','2023-03-01 01:08:33','2023-03-01 01:08:33'),(1213,1,'vi','core/media/media','javascript.actions_list.file.make_copy','Nhân bản','2023-03-01 01:08:33','2023-03-01 01:08:33'),(1214,1,'vi','core/media/media','javascript.actions_list.user.favorite','Yêu thích','2023-03-01 01:08:33','2023-03-01 01:08:33'),(1215,1,'vi','core/media/media','javascript.actions_list.user.remove_favorite','Xóa khỏi mục yêu thích','2023-03-01 01:08:33','2023-03-01 01:08:33'),(1216,1,'vi','core/media/media','javascript.actions_list.other.download','Tải xuống','2023-03-01 01:08:33','2023-03-01 01:08:33'),(1217,1,'vi','core/media/media','javascript.actions_list.other.trash','Chuyển vào thùng rác','2023-03-01 01:08:33','2023-03-01 01:08:33'),(1218,1,'vi','core/media/media','javascript.actions_list.other.delete','Xóa hoàn toàn','2023-03-01 01:08:33','2023-03-01 01:08:33'),(1219,1,'vi','core/media/media','javascript.actions_list.other.restore','Khôi phục','2023-03-01 01:08:33','2023-03-01 01:08:33'),(1220,1,'vi','core/media/media','empty_trash_success','Dọn sạch thùng rác thành công','2023-03-01 01:08:33','2023-03-01 01:08:33'),(1221,1,'vi','core/media/media','name_invalid','Tên thư mục chứa ký tự không hợp lệ','2023-03-01 01:08:33','2023-03-01 01:08:33'),(1222,1,'vi','core/media/media','path_invalid','Vui lòng cung cấp 1 đường dẫn hợp lệ','2023-03-01 01:08:33','2023-03-01 01:08:33'),(1223,1,'vi','core/media/media','url_invalid','Vui lòng cung cấp 1 đường dẫn hợp lệ','2023-03-01 01:08:33','2023-03-01 01:08:33'),(1224,1,'vi','core/media/media','download_explain','Mỗi URL trên 1 dòng','2023-03-01 01:08:33','2023-03-01 01:08:33'),(1225,1,'vi','core/media/media','download_link','Tải xuống','2023-03-01 01:08:33','2023-03-01 01:08:33'),(1226,1,'vi','core/media/media','downloading','Đang tải xuống','2023-03-01 01:08:33','2023-03-01 01:08:33'),(1227,1,'en','core/setting/setting','title','Settings','2023-03-01 01:08:33','2023-03-01 01:08:33'),(1228,1,'en','core/setting/setting','email_setting_title','Email settings','2023-03-01 01:08:33','2023-03-01 01:08:33'),(1229,1,'en','core/setting/setting','general.theme','Theme','2023-03-01 01:08:33','2023-03-01 01:08:33'),(1230,1,'en','core/setting/setting','general.description','Setting site information','2023-03-01 01:08:33','2023-03-01 01:08:33'),(1231,1,'en','core/setting/setting','general.title','General','2023-03-01 01:08:33','2023-03-01 01:08:33'),(1232,1,'en','core/setting/setting','general.general_block','General Information','2023-03-01 01:08:33','2023-03-01 01:08:33'),(1233,1,'en','core/setting/setting','general.rich_editor','Rich Editor','2023-03-01 01:08:33','2023-03-01 01:08:33'),(1234,1,'en','core/setting/setting','general.site_title','Site title','2023-03-01 01:08:33','2023-03-01 01:08:33'),(1235,1,'en','core/setting/setting','general.admin_email','Admin Email','2023-03-01 01:08:33','2023-03-01 01:08:33'),(1236,1,'en','core/setting/setting','general.seo_block','SEO Configuration','2023-03-01 01:08:33','2023-03-01 01:08:33'),(1237,1,'en','core/setting/setting','general.seo_title','SEO Title','2023-03-01 01:08:33','2023-03-01 01:08:33'),(1238,1,'en','core/setting/setting','general.seo_description','SEO Description','2023-03-01 01:08:33','2023-03-01 01:08:33'),(1239,1,'en','core/setting/setting','general.webmaster_tools_block','Google Webmaster Tools','2023-03-01 01:08:33','2023-03-01 01:08:33'),(1240,1,'en','core/setting/setting','general.placeholder.site_title','Site Title (maximum 120 characters)','2023-03-01 01:08:33','2023-03-01 01:08:33'),(1241,1,'en','core/setting/setting','general.placeholder.admin_email','Admin Email','2023-03-01 01:08:33','2023-03-01 01:08:33'),(1242,1,'en','core/setting/setting','general.placeholder.seo_title','SEO Title (maximum 120 characters)','2023-03-01 01:08:33','2023-03-01 01:08:33'),(1243,1,'en','core/setting/setting','general.placeholder.seo_description','SEO Description (maximum 120 characters)','2023-03-01 01:08:33','2023-03-01 01:08:33'),(1244,1,'en','core/setting/setting','general.placeholder.google_analytics','Google Analytics','2023-03-01 01:08:33','2023-03-01 01:08:33'),(1245,1,'en','core/setting/setting','general.cache_admin_menu','Cache admin menu?','2023-03-01 01:08:33','2023-03-01 01:08:33'),(1246,1,'en','core/setting/setting','general.enable_send_error_reporting_via_email','Enable to send error reporting via email?','2023-03-01 01:08:33','2023-03-01 01:08:33'),(1247,1,'en','core/setting/setting','general.time_zone','Timezone','2023-03-01 01:08:33','2023-03-01 01:08:33'),(1248,1,'en','core/setting/setting','general.default_admin_theme','Default admin theme','2023-03-01 01:08:33','2023-03-01 01:08:33'),(1249,1,'en','core/setting/setting','general.enable_change_admin_theme','Enable change admin theme?','2023-03-01 01:08:33','2023-03-01 01:08:33'),(1250,1,'en','core/setting/setting','general.enable','Enable','2023-03-01 01:08:33','2023-03-01 01:08:33'),(1251,1,'en','core/setting/setting','general.disable','Disable','2023-03-01 01:08:33','2023-03-01 01:08:33'),(1252,1,'en','core/setting/setting','general.enable_cache','Enable cache?','2023-03-01 01:08:33','2023-03-01 01:08:33'),(1253,1,'en','core/setting/setting','general.cache_time','Cache time (minutes)','2023-03-01 01:08:33','2023-03-01 01:08:33'),(1254,1,'en','core/setting/setting','general.enable_cache_site_map','Enable cache site map?','2023-03-01 01:08:33','2023-03-01 01:08:33'),(1255,1,'en','core/setting/setting','general.cache_time_site_map','Cache Time Site map (minutes)','2023-03-01 01:08:33','2023-03-01 01:08:33'),(1256,1,'en','core/setting/setting','general.admin_logo','Admin logo','2023-03-01 01:08:33','2023-03-01 01:08:33'),(1257,1,'en','core/setting/setting','general.admin_favicon','Admin favicon','2023-03-01 01:08:33','2023-03-01 01:08:33'),(1258,1,'en','core/setting/setting','general.admin_title','Admin title','2023-03-01 01:08:33','2023-03-01 01:08:33'),(1259,1,'en','core/setting/setting','general.admin_title_placeholder','Title show to tab of browser','2023-03-01 01:08:33','2023-03-01 01:08:33'),(1260,1,'en','core/setting/setting','general.cache_block','Cache','2023-03-01 01:08:33','2023-03-01 01:08:33'),(1261,1,'en','core/setting/setting','general.admin_appearance_title','Admin appearance','2023-03-01 01:08:33','2023-03-01 01:08:33'),(1262,1,'en','core/setting/setting','general.admin_appearance_description','Setting admin appearance such as editor, language...','2023-03-01 01:08:33','2023-03-01 01:08:33'),(1263,1,'en','core/setting/setting','general.seo_block_description','Setting site title, site meta description, site keyword for optimize SEO','2023-03-01 01:08:33','2023-03-01 01:08:33'),(1264,1,'en','core/setting/setting','general.webmaster_tools_description','Google Webmaster Tools (GWT) is free software that helps you manage the technical side of your website','2023-03-01 01:08:33','2023-03-01 01:08:33'),(1265,1,'en','core/setting/setting','general.cache_description','Config cache for system for optimize speed','2023-03-01 01:08:33','2023-03-01 01:08:33'),(1266,1,'en','core/setting/setting','general.yes','Yes','2023-03-01 01:08:33','2023-03-01 01:08:33'),(1267,1,'en','core/setting/setting','general.no','No','2023-03-01 01:08:33','2023-03-01 01:08:33'),(1268,1,'en','core/setting/setting','general.show_on_front','Your homepage displays','2023-03-01 01:08:33','2023-03-01 01:08:33'),(1269,1,'en','core/setting/setting','general.select','— Select —','2023-03-01 01:08:33','2023-03-01 01:08:33'),(1270,1,'en','core/setting/setting','general.show_site_name','Show site name after page title, separate with \"-\"?','2023-03-01 01:08:33','2023-03-01 01:08:33'),(1271,1,'en','core/setting/setting','general.locale','Site language','2023-03-01 01:08:33','2023-03-01 01:08:33'),(1272,1,'en','core/setting/setting','general.locale_direction','Front site language direction','2023-03-01 01:08:33','2023-03-01 01:08:33'),(1273,1,'en','core/setting/setting','general.admin_locale_direction','Admin language direction','2023-03-01 01:08:33','2023-03-01 01:08:33'),(1274,1,'en','core/setting/setting','general.admin_login_screen_backgrounds','Login screen backgrounds (~1366x768)','2023-03-01 01:08:33','2023-03-01 01:08:33'),(1275,1,'en','core/setting/setting','general.minutes','minutes','2023-03-01 01:08:33','2023-03-01 01:08:33'),(1276,1,'en','core/setting/setting','email.subject','Subject','2023-03-01 01:08:33','2023-03-01 01:08:33'),(1277,1,'en','core/setting/setting','email.content','Content','2023-03-01 01:08:33','2023-03-01 01:08:33'),(1278,1,'en','core/setting/setting','email.title','Setting for email template','2023-03-01 01:08:33','2023-03-01 01:08:33'),(1279,1,'en','core/setting/setting','email.description','Email template using HTML & system variables.','2023-03-01 01:08:33','2023-03-01 01:08:33'),(1280,1,'en','core/setting/setting','email.reset_to_default','Reset to default','2023-03-01 01:08:33','2023-03-01 01:08:33'),(1281,1,'en','core/setting/setting','email.back','Back to settings','2023-03-01 01:08:33','2023-03-01 01:08:33'),(1282,1,'en','core/setting/setting','email.reset_success','Reset back to default successfully','2023-03-01 01:08:33','2023-03-01 01:08:33'),(1283,1,'en','core/setting/setting','email.confirm_reset','Confirm reset email template?','2023-03-01 01:08:33','2023-03-01 01:08:33'),(1284,1,'en','core/setting/setting','email.confirm_message','Do you really want to reset this email template to default?','2023-03-01 01:08:33','2023-03-01 01:08:33'),(1285,1,'en','core/setting/setting','email.continue','Continue','2023-03-01 01:08:33','2023-03-01 01:08:33'),(1286,1,'en','core/setting/setting','email.sender_name','Sender name','2023-03-01 01:08:33','2023-03-01 01:08:33'),(1287,1,'en','core/setting/setting','email.sender_name_placeholder','Name','2023-03-01 01:08:33','2023-03-01 01:08:33'),(1288,1,'en','core/setting/setting','email.sender_email','Sender email','2023-03-01 01:08:33','2023-03-01 01:08:33'),(1289,1,'en','core/setting/setting','email.mailer','Mailer','2023-03-01 01:08:33','2023-03-01 01:08:33'),(1290,1,'en','core/setting/setting','email.port','Port','2023-03-01 01:08:33','2023-03-01 01:08:33'),(1291,1,'en','core/setting/setting','email.port_placeholder','Ex: 587','2023-03-01 01:08:33','2023-03-01 01:08:33'),(1292,1,'en','core/setting/setting','email.host','Host','2023-03-01 01:08:33','2023-03-01 01:08:33'),(1293,1,'en','core/setting/setting','email.host_placeholder','Ex: smtp.gmail.com','2023-03-01 01:08:33','2023-03-01 01:08:33'),(1294,1,'en','core/setting/setting','email.username','Username','2023-03-01 01:08:33','2023-03-01 01:08:33'),(1295,1,'en','core/setting/setting','email.username_placeholder','Username to login to mail server','2023-03-01 01:08:33','2023-03-01 01:08:33'),(1296,1,'en','core/setting/setting','email.password','Password','2023-03-01 01:08:33','2023-03-01 01:08:33'),(1297,1,'en','core/setting/setting','email.password_placeholder','Password to login to mail server','2023-03-01 01:08:33','2023-03-01 01:08:33'),(1298,1,'en','core/setting/setting','email.encryption','Encryption','2023-03-01 01:08:33','2023-03-01 01:08:33'),(1299,1,'en','core/setting/setting','email.mail_gun_domain','Domain','2023-03-01 01:08:33','2023-03-01 01:08:33'),(1300,1,'en','core/setting/setting','email.mail_gun_domain_placeholder','Domain','2023-03-01 01:08:33','2023-03-01 01:08:33'),(1301,1,'en','core/setting/setting','email.mail_gun_secret','Secret','2023-03-01 01:08:33','2023-03-01 01:08:33'),(1302,1,'en','core/setting/setting','email.mail_gun_secret_placeholder','Secret','2023-03-01 01:08:34','2023-03-01 01:08:34'),(1303,1,'en','core/setting/setting','email.mail_gun_endpoint','Endpoint','2023-03-01 01:08:34','2023-03-01 01:08:34'),(1304,1,'en','core/setting/setting','email.mail_gun_endpoint_placeholder','Endpoint','2023-03-01 01:08:34','2023-03-01 01:08:34'),(1305,1,'en','core/setting/setting','email.log_channel','Log channel','2023-03-01 01:08:34','2023-03-01 01:08:34'),(1306,1,'en','core/setting/setting','email.sendmail_path','Sendmail Path','2023-03-01 01:08:34','2023-03-01 01:08:34'),(1307,1,'en','core/setting/setting','email.encryption_placeholder','Encryption: ssl or tls','2023-03-01 01:08:34','2023-03-01 01:08:34'),(1308,1,'en','core/setting/setting','email.ses_key','Key','2023-03-01 01:08:34','2023-03-01 01:08:34'),(1309,1,'en','core/setting/setting','email.ses_key_placeholder','Key','2023-03-01 01:08:34','2023-03-01 01:08:34'),(1310,1,'en','core/setting/setting','email.ses_secret','Secret','2023-03-01 01:08:34','2023-03-01 01:08:34'),(1311,1,'en','core/setting/setting','email.ses_secret_placeholder','Secret','2023-03-01 01:08:34','2023-03-01 01:08:34'),(1312,1,'en','core/setting/setting','email.ses_region','Region','2023-03-01 01:08:34','2023-03-01 01:08:34'),(1313,1,'en','core/setting/setting','email.ses_region_placeholder','Region','2023-03-01 01:08:34','2023-03-01 01:08:34'),(1314,1,'en','core/setting/setting','email.postmark_token','Token','2023-03-01 01:08:34','2023-03-01 01:08:34'),(1315,1,'en','core/setting/setting','email.postmark_token_placeholder','Token','2023-03-01 01:08:34','2023-03-01 01:08:34'),(1316,1,'en','core/setting/setting','email.template_title','Email templates','2023-03-01 01:08:34','2023-03-01 01:08:34'),(1317,1,'en','core/setting/setting','email.template_description','Base templates for all emails','2023-03-01 01:08:34','2023-03-01 01:08:34'),(1318,1,'en','core/setting/setting','email.template_header','Email template header','2023-03-01 01:08:34','2023-03-01 01:08:34'),(1319,1,'en','core/setting/setting','email.template_header_description','Template for header of emails','2023-03-01 01:08:34','2023-03-01 01:08:34'),(1320,1,'en','core/setting/setting','email.template_footer','Email template footer','2023-03-01 01:08:34','2023-03-01 01:08:34'),(1321,1,'en','core/setting/setting','email.template_footer_description','Template for footer of emails','2023-03-01 01:08:34','2023-03-01 01:08:34'),(1322,1,'en','core/setting/setting','email.default','Default','2023-03-01 01:08:34','2023-03-01 01:08:34'),(1323,1,'en','core/setting/setting','email.using_queue_to_send_mail','Using queue job to send emails (Must to setup Queue first https://laravel.com/docs/queues#supervisor-configuration)','2023-03-01 01:08:34','2023-03-01 01:08:34'),(1324,1,'en','core/setting/setting','media.title','Media','2023-03-01 01:08:34','2023-03-01 01:08:34'),(1325,1,'en','core/setting/setting','media.driver','Driver','2023-03-01 01:08:34','2023-03-01 01:08:34'),(1326,1,'en','core/setting/setting','media.description','Settings for media','2023-03-01 01:08:34','2023-03-01 01:08:34'),(1327,1,'en','core/setting/setting','media.aws_access_key_id','AWS Access Key ID','2023-03-01 01:08:34','2023-03-01 01:08:34'),(1328,1,'en','core/setting/setting','media.aws_secret_key','AWS Secret Key','2023-03-01 01:08:34','2023-03-01 01:08:34'),(1329,1,'en','core/setting/setting','media.aws_default_region','AWS Default Region','2023-03-01 01:08:34','2023-03-01 01:08:34'),(1330,1,'en','core/setting/setting','media.aws_bucket','AWS Bucket','2023-03-01 01:08:34','2023-03-01 01:08:34'),(1331,1,'en','core/setting/setting','media.aws_url','AWS URL','2023-03-01 01:08:34','2023-03-01 01:08:34'),(1332,1,'en','core/setting/setting','media.aws_endpoint','AWS Endpoint (Optional)','2023-03-01 01:08:34','2023-03-01 01:08:34'),(1333,1,'en','core/setting/setting','media.do_spaces_access_key_id','DO Spaces Access Key ID','2023-03-01 01:08:34','2023-03-01 01:08:34'),(1334,1,'en','core/setting/setting','media.do_spaces_secret_key','DO Spaces Secret Key','2023-03-01 01:08:34','2023-03-01 01:08:34'),(1335,1,'en','core/setting/setting','media.do_spaces_default_region','DO Spaces Default Region','2023-03-01 01:08:34','2023-03-01 01:08:34'),(1336,1,'en','core/setting/setting','media.do_spaces_bucket','DO Spaces Bucket','2023-03-01 01:08:34','2023-03-01 01:08:34'),(1337,1,'en','core/setting/setting','media.do_spaces_endpoint','DO Spaces Endpoint','2023-03-01 01:08:34','2023-03-01 01:08:34'),(1338,1,'en','core/setting/setting','media.do_spaces_cdn_enabled','Is DO Spaces CDN enabled?','2023-03-01 01:08:34','2023-03-01 01:08:34'),(1339,1,'en','core/setting/setting','media.media_do_spaces_cdn_custom_domain','Do Spaces CDN custom domain','2023-03-01 01:08:34','2023-03-01 01:08:34'),(1340,1,'en','core/setting/setting','media.media_do_spaces_cdn_custom_domain_placeholder','https://your-custom-domain.com','2023-03-01 01:08:34','2023-03-01 01:08:34'),(1341,1,'en','core/setting/setting','media.wasabi_access_key_id','Wasabi Access Key ID','2023-03-01 01:08:34','2023-03-01 01:08:34'),(1342,1,'en','core/setting/setting','media.wasabi_secret_key','Wasabi Secret Key','2023-03-01 01:08:34','2023-03-01 01:08:34'),(1343,1,'en','core/setting/setting','media.wasabi_default_region','Wasabi Default Region','2023-03-01 01:08:34','2023-03-01 01:08:34'),(1344,1,'en','core/setting/setting','media.wasabi_bucket','Wasabi Bucket','2023-03-01 01:08:34','2023-03-01 01:08:34'),(1345,1,'en','core/setting/setting','media.wasabi_root','Wasabi Root','2023-03-01 01:08:34','2023-03-01 01:08:34'),(1346,1,'en','core/setting/setting','media.default_placeholder_image','Default placeholder image','2023-03-01 01:08:34','2023-03-01 01:08:34'),(1347,1,'en','core/setting/setting','media.enable_chunk','Enable chunk size upload?','2023-03-01 01:08:34','2023-03-01 01:08:34'),(1348,1,'en','core/setting/setting','media.chunk_size','Chunk size (Bytes)','2023-03-01 01:08:34','2023-03-01 01:08:34'),(1349,1,'en','core/setting/setting','media.chunk_size_placeholder','Default: 1048576 ~ 1MB','2023-03-01 01:08:34','2023-03-01 01:08:34'),(1350,1,'en','core/setting/setting','media.max_file_size','Chunk max file size (MB)','2023-03-01 01:08:34','2023-03-01 01:08:34'),(1351,1,'en','core/setting/setting','media.max_file_size_placeholder','Default: 1048576 ~ 1GB','2023-03-01 01:08:34','2023-03-01 01:08:34'),(1352,1,'en','core/setting/setting','media.enable_watermark','Enable watermark?','2023-03-01 01:08:34','2023-03-01 01:08:34'),(1353,1,'en','core/setting/setting','media.watermark_source','Watermark image','2023-03-01 01:08:34','2023-03-01 01:08:34'),(1354,1,'en','core/setting/setting','media.watermark_size','Size of watermark (%)','2023-03-01 01:08:34','2023-03-01 01:08:34'),(1355,1,'en','core/setting/setting','media.watermark_size_placeholder','Default: 10 (%)','2023-03-01 01:08:34','2023-03-01 01:08:34'),(1356,1,'en','core/setting/setting','media.watermark_opacity','Watermark Opacity (%)','2023-03-01 01:08:34','2023-03-01 01:08:34'),(1357,1,'en','core/setting/setting','media.watermark_opacity_placeholder','Default: 70 (%)','2023-03-01 01:08:34','2023-03-01 01:08:34'),(1358,1,'en','core/setting/setting','media.watermark_position','Watermark position','2023-03-01 01:08:34','2023-03-01 01:08:34'),(1359,1,'en','core/setting/setting','media.watermark_position_x','Watermark position X','2023-03-01 01:08:34','2023-03-01 01:08:34'),(1360,1,'en','core/setting/setting','media.watermark_position_y','Watermark position Y','2023-03-01 01:08:34','2023-03-01 01:08:34'),(1361,1,'en','core/setting/setting','media.watermark_position_top_left','Top left','2023-03-01 01:08:34','2023-03-01 01:08:34'),(1362,1,'en','core/setting/setting','media.watermark_position_top_right','Top right','2023-03-01 01:08:34','2023-03-01 01:08:34'),(1363,1,'en','core/setting/setting','media.watermark_position_bottom_left','Bottom left','2023-03-01 01:08:34','2023-03-01 01:08:34'),(1364,1,'en','core/setting/setting','media.watermark_position_bottom_right','Bottom right','2023-03-01 01:08:34','2023-03-01 01:08:34'),(1365,1,'en','core/setting/setting','media.watermark_position_center','Center','2023-03-01 01:08:34','2023-03-01 01:08:34'),(1366,1,'en','core/setting/setting','media.turn_off_automatic_url_translation_into_latin','Turn off automatic URL translation into Latin?','2023-03-01 01:08:34','2023-03-01 01:08:34'),(1367,1,'en','core/setting/setting','media.bunnycdn_hostname','Hostname','2023-03-01 01:08:34','2023-03-01 01:08:34'),(1368,1,'en','core/setting/setting','media.bunnycdn_zone','Zone Name (The name of your storage zone)','2023-03-01 01:08:34','2023-03-01 01:08:34'),(1369,1,'en','core/setting/setting','media.bunnycdn_key','FTP & API Access Password (The storage zone API Access Password)','2023-03-01 01:08:34','2023-03-01 01:08:34'),(1370,1,'en','core/setting/setting','media.bunnycdn_region','Region (The storage zone region)','2023-03-01 01:08:34','2023-03-01 01:08:34'),(1371,1,'en','core/setting/setting','media.optional','Optional','2023-03-01 01:08:34','2023-03-01 01:08:34'),(1372,1,'en','core/setting/setting','media.sizes','Media thumbnails sizes','2023-03-01 01:08:34','2023-03-01 01:08:34'),(1373,1,'en','core/setting/setting','media.media_sizes_helper','Set width or height to 0 if you just want to crop by width or height. Need to click on \"Generate thumbnails\" to apply changes.','2023-03-01 01:08:34','2023-03-01 01:08:34'),(1374,1,'en','core/setting/setting','media.width','Width','2023-03-01 01:08:34','2023-03-01 01:08:34'),(1375,1,'en','core/setting/setting','media.height','Height','2023-03-01 01:08:34','2023-03-01 01:08:34'),(1376,1,'en','core/setting/setting','media.default_size_value','Default: :size','2023-03-01 01:08:34','2023-03-01 01:08:34'),(1377,1,'en','core/setting/setting','media.all','All','2023-03-01 01:08:34','2023-03-01 01:08:34'),(1378,1,'en','core/setting/setting','media.media_folders_can_add_watermark','Add watermark for images in folders:','2023-03-01 01:08:34','2023-03-01 01:08:34'),(1379,1,'en','core/setting/setting','media.max_upload_filesize','Max upload filesize (MB)','2023-03-01 01:08:34','2023-03-01 01:08:34'),(1380,1,'en','core/setting/setting','media.max_upload_filesize_placeholder','Default: :size, must less than :size.','2023-03-01 01:08:34','2023-03-01 01:08:34'),(1381,1,'en','core/setting/setting','media.max_upload_filesize_helper','Your server allows to upload files maximum :size, you can change this value to limit upload filesize.','2023-03-01 01:08:34','2023-03-01 01:08:34'),(1382,1,'en','core/setting/setting','license.purchase_code','Purchase code','2023-03-01 01:08:34','2023-03-01 01:08:34'),(1383,1,'en','core/setting/setting','license.buyer','Buyer','2023-03-01 01:08:34','2023-03-01 01:08:34'),(1384,1,'en','core/setting/setting','field_type_not_exists','This field type does not exist','2023-03-01 01:08:34','2023-03-01 01:08:34'),(1385,1,'en','core/setting/setting','save_settings','Save settings','2023-03-01 01:08:34','2023-03-01 01:08:34'),(1386,1,'en','core/setting/setting','template','Template','2023-03-01 01:08:34','2023-03-01 01:08:34'),(1387,1,'en','core/setting/setting','description','Description','2023-03-01 01:08:34','2023-03-01 01:08:34'),(1388,1,'en','core/setting/setting','enable','Enable','2023-03-01 01:08:34','2023-03-01 01:08:34'),(1389,1,'en','core/setting/setting','send','Send','2023-03-01 01:08:34','2023-03-01 01:08:34'),(1390,1,'en','core/setting/setting','test_email_description','To send test email, please make sure you are updated configuration to send mail!','2023-03-01 01:08:34','2023-03-01 01:08:34'),(1391,1,'en','core/setting/setting','test_email_input_placeholder','Enter the email which you want to send test email.','2023-03-01 01:08:34','2023-03-01 01:08:34'),(1392,1,'en','core/setting/setting','test_email_modal_title','Send a test email','2023-03-01 01:08:34','2023-03-01 01:08:34'),(1393,1,'en','core/setting/setting','test_send_mail','Send test mail','2023-03-01 01:08:34','2023-03-01 01:08:34'),(1394,1,'en','core/setting/setting','test_email_send_success','Send email successfully!','2023-03-01 01:08:34','2023-03-01 01:08:34'),(1395,1,'en','core/setting/setting','locale_direction_ltr','Left to Right','2023-03-01 01:08:34','2023-03-01 01:08:34'),(1396,1,'en','core/setting/setting','locale_direction_rtl','Right to Left','2023-03-01 01:08:34','2023-03-01 01:08:34'),(1397,1,'en','core/setting/setting','saving','Saving...','2023-03-01 01:08:34','2023-03-01 01:08:34'),(1398,1,'en','core/setting/setting','emails_warning','You can add up to :count emails','2023-03-01 01:08:34','2023-03-01 01:08:34'),(1399,1,'en','core/setting/setting','email_add_more','Add more','2023-03-01 01:08:34','2023-03-01 01:08:34'),(1400,1,'en','core/setting/setting','generate','Generate','2023-03-01 01:08:34','2023-03-01 01:08:34'),(1401,1,'en','core/setting/setting','generate_thumbnails','Generate thumbnails','2023-03-01 01:08:34','2023-03-01 01:08:34'),(1402,1,'en','core/setting/setting','generate_thumbnails_success','Generate thumbnails successfully. :count files are generated!','2023-03-01 01:08:34','2023-03-01 01:08:34'),(1403,1,'en','core/setting/setting','generate_thumbnails_error','We are unable to regenerate thumbnail for these files :count files!','2023-03-01 01:08:34','2023-03-01 01:08:34'),(1404,1,'en','core/setting/setting','generate_thumbnails_description','Are you sure you want to re-generate thumbnails for all images? It will take time so please DO NOT leave this page, wait until it is finished.','2023-03-01 01:08:34','2023-03-01 01:08:34'),(1405,1,'en','core/setting/setting','enable_chunk_description','Chunk size upload is used to upload large file size.','2023-03-01 01:08:34','2023-03-01 01:08:34'),(1406,1,'en','core/setting/setting','watermark_description','WARNING: Watermark is just added to new uploaded images, it won\'t be added to existing images. Disable watermark won\'t remove watermark from existing images.','2023-03-01 01:08:34','2023-03-01 01:08:34'),(1407,1,'vi','core/setting/setting','title','Cài đặt','2023-03-01 01:08:34','2023-03-01 01:08:34'),(1408,1,'vi','core/setting/setting','general.theme','Giao diện','2023-03-01 01:08:34','2023-03-01 01:08:34'),(1409,1,'vi','core/setting/setting','general.description','Cấu hình những thông tin cài đặt website.','2023-03-01 01:08:34','2023-03-01 01:08:34'),(1410,1,'vi','core/setting/setting','general.title','Thông tin chung','2023-03-01 01:08:34','2023-03-01 01:08:34'),(1411,1,'vi','core/setting/setting','general.general_block','Thông tin chung','2023-03-01 01:08:34','2023-03-01 01:08:34'),(1412,1,'vi','core/setting/setting','general.site_title','Tên trang','2023-03-01 01:08:34','2023-03-01 01:08:34'),(1413,1,'vi','core/setting/setting','general.admin_email','Email quản trị viên','2023-03-01 01:08:34','2023-03-01 01:08:34'),(1414,1,'vi','core/setting/setting','general.seo_block','Cấu hình SEO','2023-03-01 01:08:34','2023-03-01 01:08:34'),(1415,1,'vi','core/setting/setting','general.seo_title','Tiêu đề SEO','2023-03-01 01:08:34','2023-03-01 01:08:34'),(1416,1,'vi','core/setting/setting','general.seo_description','Mô tả SEO','2023-03-01 01:08:34','2023-03-01 01:08:34'),(1417,1,'vi','core/setting/setting','general.webmaster_tools_block','Google Webmaster Tools','2023-03-01 01:08:34','2023-03-01 01:08:34'),(1418,1,'vi','core/setting/setting','general.placeholder.site_title','Tên trang (tối đa 120 kí tự)','2023-03-01 01:08:34','2023-03-01 01:08:34'),(1419,1,'vi','core/setting/setting','general.placeholder.admin_email','Admin Email','2023-03-01 01:08:34','2023-03-01 01:08:34'),(1420,1,'vi','core/setting/setting','general.placeholder.google_analytics','Ví dụ: UA-42767940-2','2023-03-01 01:08:34','2023-03-01 01:08:34'),(1421,1,'vi','core/setting/setting','general.placeholder.seo_title','Tiêu đề SEO (tối đa 120 kí tự)','2023-03-01 01:08:34','2023-03-01 01:08:34'),(1422,1,'vi','core/setting/setting','general.placeholder.seo_description','Mô tả SEO (tối đa 120 kí tự)','2023-03-01 01:08:34','2023-03-01 01:08:34'),(1423,1,'vi','core/setting/setting','general.enable_change_admin_theme','Cho phép thay đổi giao diện quản trị?','2023-03-01 01:08:34','2023-03-01 01:08:34'),(1424,1,'vi','core/setting/setting','general.enable','Bật','2023-03-01 01:08:34','2023-03-01 01:08:34'),(1425,1,'vi','core/setting/setting','general.disable','Tắt','2023-03-01 01:08:34','2023-03-01 01:08:34'),(1426,1,'vi','core/setting/setting','general.enable_cache','Bật bộ nhớ đệm?','2023-03-01 01:08:34','2023-03-01 01:08:34'),(1427,1,'vi','core/setting/setting','general.cache_time','Thời gian lưu bộ nhớ đệm (phút)','2023-03-01 01:08:34','2023-03-01 01:08:34'),(1428,1,'vi','core/setting/setting','general.cache_time_site_map','Thời gian lưu sơ đồ trang trong bộ nhớ đệm','2023-03-01 01:08:34','2023-03-01 01:08:34'),(1429,1,'vi','core/setting/setting','general.admin_logo','Logo trang quản trị','2023-03-01 01:08:34','2023-03-01 01:08:34'),(1430,1,'vi','core/setting/setting','general.admin_title','Tiêu đề trang quản trị','2023-03-01 01:08:34','2023-03-01 01:08:34'),(1431,1,'vi','core/setting/setting','general.admin_title_placeholder','Tiêu đề hiển thị trên thẻ trình duyệt','2023-03-01 01:08:34','2023-03-01 01:08:34'),(1432,1,'vi','core/setting/setting','general.rich_editor','Bộ soạn thảo văn bản','2023-03-01 01:08:34','2023-03-01 01:08:34'),(1433,1,'vi','core/setting/setting','general.cache_block','Bộ nhớ đệm','2023-03-01 01:08:34','2023-03-01 01:08:34'),(1434,1,'vi','core/setting/setting','general.yes','Bật','2023-03-01 01:08:34','2023-03-01 01:08:34'),(1435,1,'vi','core/setting/setting','general.no','Tắt','2023-03-01 01:08:34','2023-03-01 01:08:34'),(1436,1,'vi','core/setting/setting','general.locale','Ngôn ngữ','2023-03-01 01:08:34','2023-03-01 01:08:34'),(1437,1,'vi','core/setting/setting','general.admin_appearance_description','Setting admin appearance such as editor, language...','2023-03-01 01:08:34','2023-03-01 01:08:34'),(1438,1,'vi','core/setting/setting','general.admin_appearance_title','Admin appearance','2023-03-01 01:08:34','2023-03-01 01:08:34'),(1439,1,'vi','core/setting/setting','general.admin_login_screen_backgrounds','Login screen backgrounds (~1366x768)','2023-03-01 01:08:34','2023-03-01 01:08:34'),(1440,1,'vi','core/setting/setting','general.admin_favicon','Admin favicon','2023-03-01 01:08:34','2023-03-01 01:08:34'),(1441,1,'vi','core/setting/setting','general.cache_admin_menu','Cache admin menu?','2023-03-01 01:08:34','2023-03-01 01:08:34'),(1442,1,'vi','core/setting/setting','general.cache_description','Config cache for system for optimize speed','2023-03-01 01:08:34','2023-03-01 01:08:34'),(1443,1,'vi','core/setting/setting','general.default_admin_theme','Default admin theme','2023-03-01 01:08:34','2023-03-01 01:08:34'),(1444,1,'vi','core/setting/setting','general.enable_send_error_reporting_via_email','Enable to send error reporting via email?','2023-03-01 01:08:34','2023-03-01 01:08:34'),(1445,1,'vi','core/setting/setting','general.locale_direction','Hướng chữ viết','2023-03-01 01:08:34','2023-03-01 01:08:34'),(1446,1,'vi','core/setting/setting','general.select','-- Lựa chọn --','2023-03-01 01:08:34','2023-03-01 01:08:34'),(1447,1,'vi','core/setting/setting','general.seo_block_description','Setting site title, site meta description, site keyword for optimize SEO','2023-03-01 01:08:34','2023-03-01 01:08:34'),(1448,1,'vi','core/setting/setting','general.show_on_front','Thiết lập trang chủ','2023-03-01 01:08:34','2023-03-01 01:08:34'),(1449,1,'vi','core/setting/setting','general.show_site_name','Hiển thị tên trang web sau tiêu đề trang, tách biệt bằng \"-\"?','2023-03-01 01:08:34','2023-03-01 01:08:34'),(1450,1,'vi','core/setting/setting','general.time_zone','Múi giờ','2023-03-01 01:08:34','2023-03-01 01:08:34'),(1451,1,'vi','core/setting/setting','general.webmaster_tools_description','Công cụ quản trị trang web của Google (GWT) là phần mềm miễn phí giúp bạn quản lý khía cạnh kỹ thuật của trang web của mình','2023-03-01 01:08:34','2023-03-01 01:08:34'),(1452,1,'vi','core/setting/setting','email.subject','Tiêu đề','2023-03-01 01:08:34','2023-03-01 01:08:34'),(1453,1,'vi','core/setting/setting','email.content','Nội dung','2023-03-01 01:08:34','2023-03-01 01:08:34'),(1454,1,'vi','core/setting/setting','email.title','Cấu hình email template','2023-03-01 01:08:34','2023-03-01 01:08:34'),(1455,1,'vi','core/setting/setting','email.description','Cấu trúc file template sử dụng HTML và các biến trong hệ thống.','2023-03-01 01:08:34','2023-03-01 01:08:34'),(1456,1,'vi','core/setting/setting','email.reset_to_default','Khôi phục về mặc định','2023-03-01 01:08:34','2023-03-01 01:08:34'),(1457,1,'vi','core/setting/setting','email.back','Trở lại trang cài đặt','2023-03-01 01:08:34','2023-03-01 01:08:34'),(1458,1,'vi','core/setting/setting','email.reset_success','Khôi phục mặc định thành công','2023-03-01 01:08:34','2023-03-01 01:08:34'),(1459,1,'vi','core/setting/setting','email.confirm_reset','Xác nhận khôi phục mặc định?','2023-03-01 01:08:34','2023-03-01 01:08:34'),(1460,1,'vi','core/setting/setting','email.confirm_message','Bạn có chắc chắn muốn khôi phục về bản mặc định?','2023-03-01 01:08:34','2023-03-01 01:08:34'),(1461,1,'vi','core/setting/setting','email.continue','Tiếp tục','2023-03-01 01:08:34','2023-03-01 01:08:34'),(1462,1,'vi','core/setting/setting','email.sender_name','Tên người gửi','2023-03-01 01:08:34','2023-03-01 01:08:34'),(1463,1,'vi','core/setting/setting','email.sender_name_placeholder','Tên','2023-03-01 01:08:34','2023-03-01 01:08:34'),(1464,1,'vi','core/setting/setting','email.sender_email','Email của người gửi','2023-03-01 01:08:34','2023-03-01 01:08:34'),(1465,1,'vi','core/setting/setting','email.mailer','Loại','2023-03-01 01:08:34','2023-03-01 01:08:34'),(1466,1,'vi','core/setting/setting','email.port','Cổng','2023-03-01 01:08:35','2023-03-01 01:08:35'),(1467,1,'vi','core/setting/setting','email.port_placeholder','Ví dụ: 587','2023-03-01 01:08:35','2023-03-01 01:08:35'),(1468,1,'vi','core/setting/setting','email.host','Máy chủ','2023-03-01 01:08:35','2023-03-01 01:08:35'),(1469,1,'vi','core/setting/setting','email.host_placeholder','Ví dụ: smtp.gmail.com','2023-03-01 01:08:35','2023-03-01 01:08:35'),(1470,1,'vi','core/setting/setting','email.username','Tên đăng nhập','2023-03-01 01:08:35','2023-03-01 01:08:35'),(1471,1,'vi','core/setting/setting','email.username_placeholder','Tên đăng nhập vào máy chủ mail','2023-03-01 01:08:35','2023-03-01 01:08:35'),(1472,1,'vi','core/setting/setting','email.password','Mật khẩu','2023-03-01 01:08:35','2023-03-01 01:08:35'),(1473,1,'vi','core/setting/setting','email.password_placeholder','Mật khẩu đăng nhập vào máy chủ mail','2023-03-01 01:08:35','2023-03-01 01:08:35'),(1474,1,'vi','core/setting/setting','email.encryption','Mã hoá','2023-03-01 01:08:35','2023-03-01 01:08:35'),(1475,1,'vi','core/setting/setting','email.mail_gun_domain','Tên miền','2023-03-01 01:08:35','2023-03-01 01:08:35'),(1476,1,'vi','core/setting/setting','email.mail_gun_domain_placeholder','Tên miền','2023-03-01 01:08:35','2023-03-01 01:08:35'),(1477,1,'vi','core/setting/setting','email.mail_gun_secret','Chuỗi bí mật','2023-03-01 01:08:35','2023-03-01 01:08:35'),(1478,1,'vi','core/setting/setting','email.mail_gun_secret_placeholder','Chuỗi bí mật','2023-03-01 01:08:35','2023-03-01 01:08:35'),(1479,1,'vi','core/setting/setting','email.template_title','Mẫu giao diện email','2023-03-01 01:08:35','2023-03-01 01:08:35'),(1480,1,'vi','core/setting/setting','email.template_description','Giao diện mặc định cho tất cả email','2023-03-01 01:08:35','2023-03-01 01:08:35'),(1481,1,'vi','core/setting/setting','email.template_header','Mẫu cho phần trên của email','2023-03-01 01:08:35','2023-03-01 01:08:35'),(1482,1,'vi','core/setting/setting','email.template_header_description','Phần trên của tất cả email','2023-03-01 01:08:35','2023-03-01 01:08:35'),(1483,1,'vi','core/setting/setting','email.template_footer','Mẫu cho phần dưới của email','2023-03-01 01:08:35','2023-03-01 01:08:35'),(1484,1,'vi','core/setting/setting','email.template_footer_description','Phần dưới của tất cả email','2023-03-01 01:08:35','2023-03-01 01:08:35'),(1485,1,'vi','core/setting/setting','email.default','Mặc định','2023-03-01 01:08:35','2023-03-01 01:08:35'),(1486,1,'vi','core/setting/setting','email.mail_gun_endpoint','Endpoint','2023-03-01 01:08:35','2023-03-01 01:08:35'),(1487,1,'vi','core/setting/setting','email.mail_gun_endpoint_placeholder','Endpoint','2023-03-01 01:08:35','2023-03-01 01:08:35'),(1488,1,'vi','core/setting/setting','email.postmark_token','Token','2023-03-01 01:08:35','2023-03-01 01:08:35'),(1489,1,'vi','core/setting/setting','email.postmark_token_placeholder','Token','2023-03-01 01:08:35','2023-03-01 01:08:35'),(1490,1,'vi','core/setting/setting','email.encryption_placeholder','Kiểu mã hóa: ssl hoặc tls','2023-03-01 01:08:35','2023-03-01 01:08:35'),(1491,1,'vi','core/setting/setting','email.log_channel','Phương thức log','2023-03-01 01:08:35','2023-03-01 01:08:35'),(1492,1,'vi','core/setting/setting','email.sendmail_path','Sendmail Path','2023-03-01 01:08:35','2023-03-01 01:08:35'),(1493,1,'vi','core/setting/setting','email.ses_key','Key','2023-03-01 01:08:35','2023-03-01 01:08:35'),(1494,1,'vi','core/setting/setting','email.ses_key_placeholder','Key','2023-03-01 01:08:35','2023-03-01 01:08:35'),(1495,1,'vi','core/setting/setting','email.ses_region','Region','2023-03-01 01:08:35','2023-03-01 01:08:35'),(1496,1,'vi','core/setting/setting','email.ses_region_placeholder','Region','2023-03-01 01:08:35','2023-03-01 01:08:35'),(1497,1,'vi','core/setting/setting','email.ses_secret','Secret','2023-03-01 01:08:35','2023-03-01 01:08:35'),(1498,1,'vi','core/setting/setting','email.ses_secret_placeholder','Secret','2023-03-01 01:08:35','2023-03-01 01:08:35'),(1499,1,'vi','core/setting/setting','email.using_queue_to_send_mail','Sử dụng job queue để gửi email (Trước tiên phải thiết lập Queue https://laravel.com/docs/queues#supervisor-configuration)','2023-03-01 01:08:35','2023-03-01 01:08:35'),(1500,1,'vi','core/setting/setting','save_settings','Lưu cài đặt','2023-03-01 01:08:35','2023-03-01 01:08:35'),(1501,1,'vi','core/setting/setting','template','Mẫu','2023-03-01 01:08:35','2023-03-01 01:08:35'),(1502,1,'vi','core/setting/setting','description','Mô tả','2023-03-01 01:08:35','2023-03-01 01:08:35'),(1503,1,'vi','core/setting/setting','enable','Bật','2023-03-01 01:08:35','2023-03-01 01:08:35'),(1504,1,'vi','core/setting/setting','test_send_mail','Gửi thử nghiệm','2023-03-01 01:08:35','2023-03-01 01:08:35'),(1505,1,'vi','core/setting/setting','email_setting_title','Cấu hình email','2023-03-01 01:08:35','2023-03-01 01:08:35'),(1506,1,'vi','core/setting/setting','field_type_not_exists','Loại field này không được hỗ trợ','2023-03-01 01:08:35','2023-03-01 01:08:35'),(1507,1,'vi','core/setting/setting','test_email_description','Để gửi email thử nghiệm, hãy đảm bảo rằng bạn đã cập nhật cấu hình để gửi thư!','2023-03-01 01:08:35','2023-03-01 01:08:35'),(1508,1,'vi','core/setting/setting','test_email_input_placeholder','Nhập email mà bạn muốn gửi email thử nghiệm.','2023-03-01 01:08:35','2023-03-01 01:08:35'),(1509,1,'vi','core/setting/setting','test_email_modal_title','Gửi một email thử nghiệm','2023-03-01 01:08:35','2023-03-01 01:08:35'),(1510,1,'vi','core/setting/setting','test_email_send_success','Gửi email thành công!','2023-03-01 01:08:35','2023-03-01 01:08:35'),(1511,1,'vi','core/setting/setting','send','Gửi','2023-03-01 01:08:35','2023-03-01 01:08:35'),(1512,1,'vi','core/setting/setting','license.buyer','Tên đăng nhập','2023-03-01 01:08:35','2023-03-01 01:08:35'),(1513,1,'vi','core/setting/setting','license.purchase_code','Purchase code','2023-03-01 01:08:35','2023-03-01 01:08:35'),(1514,1,'vi','core/setting/setting','locale_direction_ltr','Trái sang phải','2023-03-01 01:08:35','2023-03-01 01:08:35'),(1515,1,'vi','core/setting/setting','locale_direction_rtl','Phải sang trái','2023-03-01 01:08:35','2023-03-01 01:08:35'),(1516,1,'vi','core/setting/setting','media.aws_access_key_id','AWS Access Key ID','2023-03-01 01:08:35','2023-03-01 01:08:35'),(1517,1,'vi','core/setting/setting','media.aws_bucket','AWS Bucket','2023-03-01 01:08:35','2023-03-01 01:08:35'),(1518,1,'vi','core/setting/setting','media.aws_default_region','AWS Default Region','2023-03-01 01:08:35','2023-03-01 01:08:35'),(1519,1,'vi','core/setting/setting','media.aws_url','AWS URL','2023-03-01 01:08:35','2023-03-01 01:08:35'),(1520,1,'vi','core/setting/setting','media.aws_secret_key','AWS Secret Key','2023-03-01 01:08:35','2023-03-01 01:08:35'),(1521,1,'vi','core/setting/setting','media.chunk_size','Chunk size (Bytes)','2023-03-01 01:08:35','2023-03-01 01:08:35'),(1522,1,'vi','core/setting/setting','media.chunk_size_placeholder','Mặc định: 1048576 ~ 1MB','2023-03-01 01:08:35','2023-03-01 01:08:35'),(1523,1,'vi','core/setting/setting','media.do_spaces_access_key_id','DO Spaces Access Key ID','2023-03-01 01:08:35','2023-03-01 01:08:35'),(1524,1,'vi','core/setting/setting','media.description','Cài đặt cho media','2023-03-01 01:08:35','2023-03-01 01:08:35'),(1525,1,'vi','core/setting/setting','media.do_spaces_bucket','DO Spaces Bucket','2023-03-01 01:08:35','2023-03-01 01:08:35'),(1526,1,'vi','core/setting/setting','media.do_spaces_cdn_enabled','Bật DO Spaces CDN?','2023-03-01 01:08:35','2023-03-01 01:08:35'),(1527,1,'vi','core/setting/setting','media.do_spaces_default_region','DO Spaces Default Region','2023-03-01 01:08:35','2023-03-01 01:08:35'),(1528,1,'vi','core/setting/setting','media.do_spaces_endpoint','DO Spaces Endpoint','2023-03-01 01:08:35','2023-03-01 01:08:35'),(1529,1,'vi','core/setting/setting','media.do_spaces_secret_key','DO Spaces Secret Key','2023-03-01 01:08:35','2023-03-01 01:08:35'),(1530,1,'vi','core/setting/setting','media.driver','Driver','2023-03-01 01:08:35','2023-03-01 01:08:35'),(1531,1,'vi','core/setting/setting','media.enable_chunk','Bật chunk size upload?','2023-03-01 01:08:35','2023-03-01 01:08:35'),(1532,1,'vi','core/setting/setting','media.enable_watermark','Bật watermark?','2023-03-01 01:08:35','2023-03-01 01:08:35'),(1533,1,'vi','core/setting/setting','media.max_file_size','Chunk max file size (MB)','2023-03-01 01:08:35','2023-03-01 01:08:35'),(1534,1,'vi','core/setting/setting','media.max_file_size_placeholder','Mặc định: 1048576 ~ 1GB','2023-03-01 01:08:35','2023-03-01 01:08:35'),(1535,1,'vi','core/setting/setting','media.media_do_spaces_cdn_custom_domain','Do Spaces CDN custom domain','2023-03-01 01:08:35','2023-03-01 01:08:35'),(1536,1,'vi','core/setting/setting','media.media_do_spaces_cdn_custom_domain_placeholder','https://ten-mien-cua-ban.com','2023-03-01 01:08:35','2023-03-01 01:08:35'),(1537,1,'vi','core/setting/setting','media.title','Media','2023-03-01 01:08:35','2023-03-01 01:08:35'),(1538,1,'vi','core/setting/setting','media.watermark_opacity','Watermark Opacity (%)','2023-03-01 01:08:35','2023-03-01 01:08:35'),(1539,1,'vi','core/setting/setting','media.watermark_opacity_placeholder','Mặc định: 70 (%)','2023-03-01 01:08:35','2023-03-01 01:08:35'),(1540,1,'vi','core/setting/setting','media.watermark_position','Vị trí watermark','2023-03-01 01:08:35','2023-03-01 01:08:35'),(1541,1,'vi','core/setting/setting','media.watermark_position_bottom_left','Bên trái dưới cùng','2023-03-01 01:08:35','2023-03-01 01:08:35'),(1542,1,'vi','core/setting/setting','media.watermark_position_bottom_right','Bên phải dưới cùng','2023-03-01 01:08:35','2023-03-01 01:08:35'),(1543,1,'vi','core/setting/setting','media.watermark_position_center','Chính giữa','2023-03-01 01:08:35','2023-03-01 01:08:35'),(1544,1,'vi','core/setting/setting','media.watermark_position_top_left','Bên trái trên cùng','2023-03-01 01:08:35','2023-03-01 01:08:35'),(1545,1,'vi','core/setting/setting','media.watermark_position_top_right','Bên phải trên cùng','2023-03-01 01:08:35','2023-03-01 01:08:35'),(1546,1,'vi','core/setting/setting','media.watermark_position_x','Watermark position X','2023-03-01 01:08:35','2023-03-01 01:08:35'),(1547,1,'vi','core/setting/setting','media.watermark_position_y','Watermark position Y','2023-03-01 01:08:35','2023-03-01 01:08:35'),(1548,1,'vi','core/setting/setting','media.watermark_size','Kích thước của watermark (%)','2023-03-01 01:08:35','2023-03-01 01:08:35'),(1549,1,'vi','core/setting/setting','media.watermark_size_placeholder','Mặc định: 10 (%)','2023-03-01 01:08:35','2023-03-01 01:08:35'),(1550,1,'vi','core/setting/setting','media.watermark_source','Hình ảnh watermark','2023-03-01 01:08:35','2023-03-01 01:08:35'),(1551,1,'en','core/table/general','operations','Operations','2023-03-01 01:08:35','2023-03-01 01:08:35'),(1552,1,'en','core/table/general','loading_data','Loading data from server','2023-03-01 01:08:35','2023-03-01 01:08:35'),(1553,1,'en','core/table/general','display','Display','2023-03-01 01:08:35','2023-03-01 01:08:35'),(1554,1,'en','core/table/general','all','All','2023-03-01 01:08:35','2023-03-01 01:08:35'),(1555,1,'en','core/table/general','edit_entry','Edit','2023-03-01 01:08:35','2023-03-01 01:08:35'),(1556,1,'en','core/table/general','delete_entry','Delete','2023-03-01 01:08:35','2023-03-01 01:08:35'),(1557,1,'en','core/table/general','show_from','Showing from','2023-03-01 01:08:35','2023-03-01 01:08:35'),(1558,1,'en','core/table/general','to','to','2023-03-01 01:08:35','2023-03-01 01:08:35'),(1559,1,'en','core/table/general','in','in','2023-03-01 01:08:35','2023-03-01 01:08:35'),(1560,1,'en','core/table/general','records','records','2023-03-01 01:08:35','2023-03-01 01:08:35'),(1561,1,'en','core/table/general','no_data','No data to display','2023-03-01 01:08:35','2023-03-01 01:08:35'),(1562,1,'en','core/table/general','no_record','No record','2023-03-01 01:08:35','2023-03-01 01:08:35'),(1563,1,'en','core/table/general','loading','Loading data from server','2023-03-01 01:08:35','2023-03-01 01:08:35'),(1564,1,'en','core/table/general','confirm_delete','Confirm delete','2023-03-01 01:08:35','2023-03-01 01:08:35'),(1565,1,'en','core/table/general','confirm_delete_msg','Do you really want to delete this record?','2023-03-01 01:08:35','2023-03-01 01:08:35'),(1566,1,'en','core/table/general','cancel','Cancel','2023-03-01 01:08:35','2023-03-01 01:08:35'),(1567,1,'en','core/table/general','delete','Delete','2023-03-01 01:08:35','2023-03-01 01:08:35'),(1568,1,'en','core/table/general','close','Close','2023-03-01 01:08:35','2023-03-01 01:08:35'),(1569,1,'en','core/table/general','contains','Contains','2023-03-01 01:08:35','2023-03-01 01:08:35'),(1570,1,'en','core/table/general','is_equal_to','Is equal to','2023-03-01 01:08:35','2023-03-01 01:08:35'),(1571,1,'en','core/table/general','greater_than','Greater than','2023-03-01 01:08:35','2023-03-01 01:08:35'),(1572,1,'en','core/table/general','less_than','Less than','2023-03-01 01:08:35','2023-03-01 01:08:35'),(1573,1,'en','core/table/general','value','Value','2023-03-01 01:08:35','2023-03-01 01:08:35'),(1574,1,'en','core/table/general','select_field','Select field','2023-03-01 01:08:35','2023-03-01 01:08:35'),(1575,1,'en','core/table/general','reset','Reset','2023-03-01 01:08:35','2023-03-01 01:08:35'),(1576,1,'en','core/table/general','add_additional_filter','Add additional filter','2023-03-01 01:08:35','2023-03-01 01:08:35'),(1577,1,'en','core/table/general','apply','Apply','2023-03-01 01:08:35','2023-03-01 01:08:35'),(1578,1,'en','core/table/general','filters','Filters','2023-03-01 01:08:35','2023-03-01 01:08:35'),(1579,1,'en','core/table/general','bulk_change','Bulk changes','2023-03-01 01:08:35','2023-03-01 01:08:35'),(1580,1,'en','core/table/general','select_option','Select option','2023-03-01 01:08:35','2023-03-01 01:08:35'),(1581,1,'en','core/table/general','bulk_actions','Bulk Actions','2023-03-01 01:08:35','2023-03-01 01:08:35'),(1582,1,'en','core/table/general','save_bulk_change_success','Update data for selected record(s) successfully!','2023-03-01 01:08:35','2023-03-01 01:08:35'),(1583,1,'en','core/table/general','please_select_record','Please select at least one record to perform this action!','2023-03-01 01:08:35','2023-03-01 01:08:35'),(1584,1,'en','core/table/general','filtered','(filtered from _MAX_ total records)','2023-03-01 01:08:35','2023-03-01 01:08:35'),(1585,1,'en','core/table/general','search','Search...','2023-03-01 01:08:35','2023-03-01 01:08:35'),(1586,1,'en','core/table/table','operations','Operations','2023-03-01 01:08:35','2023-03-01 01:08:35'),(1587,1,'en','core/table/table','loading_data','Loading data from server','2023-03-01 01:08:35','2023-03-01 01:08:35'),(1588,1,'en','core/table/table','display','Display','2023-03-01 01:08:35','2023-03-01 01:08:35'),(1589,1,'en','core/table/table','all','All','2023-03-01 01:08:35','2023-03-01 01:08:35'),(1590,1,'en','core/table/table','edit_entry','Edit','2023-03-01 01:08:35','2023-03-01 01:08:35'),(1591,1,'en','core/table/table','delete_entry','Delete','2023-03-01 01:08:35','2023-03-01 01:08:35'),(1592,1,'en','core/table/table','show_from','Showing from','2023-03-01 01:08:35','2023-03-01 01:08:35'),(1593,1,'en','core/table/table','to','to','2023-03-01 01:08:35','2023-03-01 01:08:35'),(1594,1,'en','core/table/table','in','in','2023-03-01 01:08:35','2023-03-01 01:08:35'),(1595,1,'en','core/table/table','records','records','2023-03-01 01:08:35','2023-03-01 01:08:35'),(1596,1,'en','core/table/table','no_data','No data to display','2023-03-01 01:08:35','2023-03-01 01:08:35'),(1597,1,'en','core/table/table','no_record','No record','2023-03-01 01:08:35','2023-03-01 01:08:35'),(1598,1,'en','core/table/table','loading','Loading data from server','2023-03-01 01:08:35','2023-03-01 01:08:35'),(1599,1,'en','core/table/table','confirm_delete','Confirm delete','2023-03-01 01:08:35','2023-03-01 01:08:35'),(1600,1,'en','core/table/table','confirm_delete_msg','Do you really want to delete this record?','2023-03-01 01:08:35','2023-03-01 01:08:35'),(1601,1,'en','core/table/table','cancel','Cancel','2023-03-01 01:08:35','2023-03-01 01:08:35'),(1602,1,'en','core/table/table','delete','Delete','2023-03-01 01:08:35','2023-03-01 01:08:35'),(1603,1,'en','core/table/table','close','Close','2023-03-01 01:08:35','2023-03-01 01:08:35'),(1604,1,'en','core/table/table','contains','Contains','2023-03-01 01:08:35','2023-03-01 01:08:35'),(1605,1,'en','core/table/table','is_equal_to','Is equal to','2023-03-01 01:08:35','2023-03-01 01:08:35'),(1606,1,'en','core/table/table','greater_than','Greater than','2023-03-01 01:08:35','2023-03-01 01:08:35'),(1607,1,'en','core/table/table','less_than','Less than','2023-03-01 01:08:35','2023-03-01 01:08:35'),(1608,1,'en','core/table/table','value','Value','2023-03-01 01:08:35','2023-03-01 01:08:35'),(1609,1,'en','core/table/table','select_field','Select field','2023-03-01 01:08:35','2023-03-01 01:08:35'),(1610,1,'en','core/table/table','reset','Reset','2023-03-01 01:08:35','2023-03-01 01:08:35'),(1611,1,'en','core/table/table','add_additional_filter','Add additional filter','2023-03-01 01:08:35','2023-03-01 01:08:35'),(1612,1,'en','core/table/table','apply','Apply','2023-03-01 01:08:35','2023-03-01 01:08:35'),(1613,1,'en','core/table/table','filters','Filters','2023-03-01 01:08:35','2023-03-01 01:08:35'),(1614,1,'en','core/table/table','bulk_change','Bulk changes','2023-03-01 01:08:36','2023-03-01 01:08:36'),(1615,1,'en','core/table/table','select_option','Select option','2023-03-01 01:08:36','2023-03-01 01:08:36'),(1616,1,'en','core/table/table','bulk_actions','Bulk Actions','2023-03-01 01:08:36','2023-03-01 01:08:36'),(1617,1,'en','core/table/table','save_bulk_change_success','Update data for selected record(s) successfully!','2023-03-01 01:08:36','2023-03-01 01:08:36'),(1618,1,'en','core/table/table','please_select_record','Please select at least one record to perform this action!','2023-03-01 01:08:36','2023-03-01 01:08:36'),(1619,1,'en','core/table/table','filtered','(filtered from _MAX_ total records)','2023-03-01 01:08:36','2023-03-01 01:08:36'),(1620,1,'en','core/table/table','search','Search...','2023-03-01 01:08:36','2023-03-01 01:08:36'),(1621,1,'vi','core/table/general','operations','Hành động','2023-03-01 01:08:36','2023-03-01 01:08:36'),(1622,1,'vi','core/table/general','loading_data','Đang tải dữ liệu từ hệ thống','2023-03-01 01:08:36','2023-03-01 01:08:36'),(1623,1,'vi','core/table/general','display','Hiển thị','2023-03-01 01:08:36','2023-03-01 01:08:36'),(1624,1,'vi','core/table/general','all','Tất cả','2023-03-01 01:08:36','2023-03-01 01:08:36'),(1625,1,'vi','core/table/general','edit_entry','Sửa','2023-03-01 01:08:36','2023-03-01 01:08:36'),(1626,1,'vi','core/table/general','delete_entry','Xoá','2023-03-01 01:08:36','2023-03-01 01:08:36'),(1627,1,'vi','core/table/general','show_from','Hiển thị từ','2023-03-01 01:08:36','2023-03-01 01:08:36'),(1628,1,'vi','core/table/general','to','đến','2023-03-01 01:08:36','2023-03-01 01:08:36'),(1629,1,'vi','core/table/general','in','trong tổng số','2023-03-01 01:08:36','2023-03-01 01:08:36'),(1630,1,'vi','core/table/general','records','bản ghi','2023-03-01 01:08:36','2023-03-01 01:08:36'),(1631,1,'vi','core/table/general','no_data','Không có dữ liệu để hiển thị','2023-03-01 01:08:36','2023-03-01 01:08:36'),(1632,1,'vi','core/table/general','no_record','không có bản ghi nào','2023-03-01 01:08:36','2023-03-01 01:08:36'),(1633,1,'vi','core/table/general','loading','Đang tải dữ liệu từ hệ thống','2023-03-01 01:08:36','2023-03-01 01:08:36'),(1634,1,'vi','core/table/general','confirm_delete','Xác nhận xoá','2023-03-01 01:08:36','2023-03-01 01:08:36'),(1635,1,'vi','core/table/general','confirm_delete_msg','Bạn có chắc chắn muốn xoá bản ghi này?','2023-03-01 01:08:36','2023-03-01 01:08:36'),(1636,1,'vi','core/table/general','cancel','Huỷ bỏ','2023-03-01 01:08:36','2023-03-01 01:08:36'),(1637,1,'vi','core/table/general','delete','Xoá','2023-03-01 01:08:36','2023-03-01 01:08:36'),(1638,1,'vi','core/table/general','close','Đóng','2023-03-01 01:08:36','2023-03-01 01:08:36'),(1639,1,'vi','core/table/general','is_equal_to','Bằng với','2023-03-01 01:08:36','2023-03-01 01:08:36'),(1640,1,'vi','core/table/general','greater_than','Lớn hơn','2023-03-01 01:08:36','2023-03-01 01:08:36'),(1641,1,'vi','core/table/general','less_than','Nhỏ hơn','2023-03-01 01:08:36','2023-03-01 01:08:36'),(1642,1,'vi','core/table/general','value','Giá trị','2023-03-01 01:08:36','2023-03-01 01:08:36'),(1643,1,'vi','core/table/general','select_field','Chọn trường','2023-03-01 01:08:36','2023-03-01 01:08:36'),(1644,1,'vi','core/table/general','reset','Làm mới','2023-03-01 01:08:36','2023-03-01 01:08:36'),(1645,1,'vi','core/table/general','add_additional_filter','Thêm bộ lọc','2023-03-01 01:08:36','2023-03-01 01:08:36'),(1646,1,'vi','core/table/general','apply','Áp dụng','2023-03-01 01:08:36','2023-03-01 01:08:36'),(1647,1,'vi','core/table/general','select_option','Lựa chọn','2023-03-01 01:08:36','2023-03-01 01:08:36'),(1648,1,'vi','core/table/general','filters','Lọc dữ liệu','2023-03-01 01:08:36','2023-03-01 01:08:36'),(1649,1,'vi','core/table/general','bulk_change','Thay đổi hàng loạt','2023-03-01 01:08:36','2023-03-01 01:08:36'),(1650,1,'vi','core/table/general','bulk_actions','Hành động','2023-03-01 01:08:36','2023-03-01 01:08:36'),(1651,1,'vi','core/table/general','contains','Bao gồm','2023-03-01 01:08:36','2023-03-01 01:08:36'),(1652,1,'vi','core/table/general','filtered','(đã được lọc từ _MAX_ bản ghi)','2023-03-01 01:08:36','2023-03-01 01:08:36'),(1653,1,'vi','core/table/table','operations','Hành động','2023-03-01 01:08:36','2023-03-01 01:08:36'),(1654,1,'vi','core/table/table','loading_data','Đang tải dữ liệu từ hệ thống','2023-03-01 01:08:36','2023-03-01 01:08:36'),(1655,1,'vi','core/table/table','display','Hiển thị','2023-03-01 01:08:36','2023-03-01 01:08:36'),(1656,1,'vi','core/table/table','all','Tất cả','2023-03-01 01:08:36','2023-03-01 01:08:36'),(1657,1,'vi','core/table/table','edit_entry','Sửa','2023-03-01 01:08:36','2023-03-01 01:08:36'),(1658,1,'vi','core/table/table','delete_entry','Xoá','2023-03-01 01:08:36','2023-03-01 01:08:36'),(1659,1,'vi','core/table/table','show_from','Hiển thị từ','2023-03-01 01:08:36','2023-03-01 01:08:36'),(1660,1,'vi','core/table/table','to','đến','2023-03-01 01:08:36','2023-03-01 01:08:36'),(1661,1,'vi','core/table/table','in','trong tổng số','2023-03-01 01:08:36','2023-03-01 01:08:36'),(1662,1,'vi','core/table/table','records','bản ghi','2023-03-01 01:08:36','2023-03-01 01:08:36'),(1663,1,'vi','core/table/table','no_data','Không có dữ liệu để hiển thị','2023-03-01 01:08:36','2023-03-01 01:08:36'),(1664,1,'vi','core/table/table','no_record','không có bản ghi nào','2023-03-01 01:08:36','2023-03-01 01:08:36'),(1665,1,'vi','core/table/table','loading','Đang tải dữ liệu từ hệ thống','2023-03-01 01:08:36','2023-03-01 01:08:36'),(1666,1,'vi','core/table/table','confirm_delete','Xác nhận xoá','2023-03-01 01:08:36','2023-03-01 01:08:36'),(1667,1,'vi','core/table/table','confirm_delete_msg','Bạn có chắc chắn muốn xoá bản ghi này?','2023-03-01 01:08:36','2023-03-01 01:08:36'),(1668,1,'vi','core/table/table','cancel','Huỷ bỏ','2023-03-01 01:08:36','2023-03-01 01:08:36'),(1669,1,'vi','core/table/table','delete','Xoá','2023-03-01 01:08:36','2023-03-01 01:08:36'),(1670,1,'vi','core/table/table','close','Đóng','2023-03-01 01:08:36','2023-03-01 01:08:36'),(1671,1,'vi','core/table/table','is_equal_to','Bằng với','2023-03-01 01:08:36','2023-03-01 01:08:36'),(1672,1,'vi','core/table/table','greater_than','Lớn hơn','2023-03-01 01:08:36','2023-03-01 01:08:36'),(1673,1,'vi','core/table/table','less_than','Nhỏ hơn','2023-03-01 01:08:36','2023-03-01 01:08:36'),(1674,1,'vi','core/table/table','value','Giá trị','2023-03-01 01:08:36','2023-03-01 01:08:36'),(1675,1,'vi','core/table/table','select_field','Chọn trường','2023-03-01 01:08:36','2023-03-01 01:08:36'),(1676,1,'vi','core/table/table','reset','Làm mới','2023-03-01 01:08:36','2023-03-01 01:08:36'),(1677,1,'vi','core/table/table','add_additional_filter','Thêm bộ lọc','2023-03-01 01:08:36','2023-03-01 01:08:36'),(1678,1,'vi','core/table/table','apply','Áp dụng','2023-03-01 01:08:36','2023-03-01 01:08:36'),(1679,1,'vi','core/table/table','select_option','Lựa chọn','2023-03-01 01:08:36','2023-03-01 01:08:36'),(1680,1,'vi','core/table/table','filters','Lọc dữ liệu','2023-03-01 01:08:36','2023-03-01 01:08:36'),(1681,1,'vi','core/table/table','bulk_change','Thay đổi hàng loạt','2023-03-01 01:08:36','2023-03-01 01:08:36'),(1682,1,'vi','core/table/table','bulk_actions','Hành động','2023-03-01 01:08:36','2023-03-01 01:08:36'),(1683,1,'vi','core/table/table','contains','Bao gồm','2023-03-01 01:08:36','2023-03-01 01:08:36'),(1684,1,'vi','core/table/table','filtered','(đã được lọc từ _MAX_ bản ghi)','2023-03-01 01:08:36','2023-03-01 01:08:36'),(1685,1,'vi','core/table/table','please_select_record','Vui lòng chọn ít nhất 1 bản ghi để thực hiện hành động này!','2023-03-01 01:08:36','2023-03-01 01:08:36'),(1686,1,'vi','core/table/table','save_bulk_change_success','Cập nhật dữ liệu cho các bản ghi thành công!','2023-03-01 01:08:36','2023-03-01 01:08:36'),(1687,1,'vi','core/table/table','search','Tìm kiếm...','2023-03-01 01:08:36','2023-03-01 01:08:36'),(1688,1,'en','packages/api/api','settings','API Settings','2023-03-01 01:08:36','2023-03-01 01:08:36'),(1689,1,'en','packages/api/api','save_settings','Save settings','2023-03-01 01:08:36','2023-03-01 01:08:36'),(1690,1,'en','packages/api/api','setting_title','API settings','2023-03-01 01:08:36','2023-03-01 01:08:36'),(1691,1,'en','packages/api/api','setting_description','Settings for API','2023-03-01 01:08:36','2023-03-01 01:08:36'),(1692,1,'en','packages/api/api','api_enabled','API enabled?','2023-03-01 01:08:36','2023-03-01 01:08:36'),(1693,1,'en','packages/get-started/get-started','welcome_title','Welcome to your admin dashboard!','2023-03-01 01:08:36','2023-03-01 01:08:36'),(1694,1,'en','packages/get-started/get-started','welcome_description','In a few short steps, you can have your new dashboard up and running!','2023-03-01 01:08:36','2023-03-01 01:08:36'),(1695,1,'en','packages/get-started/get-started','get_started','Get Started!','2023-03-01 01:08:36','2023-03-01 01:08:36'),(1696,1,'en','packages/get-started/get-started','customize_branding_title','Customize branding','2023-03-01 01:08:36','2023-03-01 01:08:36'),(1697,1,'en','packages/get-started/get-started','customize_branding_description','Customize your site with colors, logo and subdomain to match your business unique branding and identity.','2023-03-01 01:08:36','2023-03-01 01:08:36'),(1698,1,'en','packages/get-started/get-started','colors','Colors','2023-03-01 01:08:36','2023-03-01 01:08:36'),(1699,1,'en','packages/get-started/get-started','fonts','Fonts','2023-03-01 01:08:36','2023-03-01 01:08:36'),(1700,1,'en','packages/get-started/get-started','primary_color','Primary color','2023-03-01 01:08:36','2023-03-01 01:08:36'),(1701,1,'en','packages/get-started/get-started','primary_font','Primary font','2023-03-01 01:08:36','2023-03-01 01:08:36'),(1702,1,'en','packages/get-started/get-started','setup_wizard_button',':link to finish Quick setup Wizard!','2023-03-01 01:08:36','2023-03-01 01:08:36'),(1703,1,'en','packages/get-started/get-started','click_here','Click here','2023-03-01 01:08:36','2023-03-01 01:08:36'),(1704,1,'en','packages/get-started/get-started','site_title','Site title','2023-03-01 01:08:36','2023-03-01 01:08:36'),(1705,1,'en','packages/get-started/get-started','identify','Identify','2023-03-01 01:08:36','2023-03-01 01:08:36'),(1706,1,'en','packages/get-started/get-started','logo','Logo','2023-03-01 01:08:36','2023-03-01 01:08:36'),(1707,1,'en','packages/get-started/get-started','admin_logo','Admin logo','2023-03-01 01:08:36','2023-03-01 01:08:36'),(1708,1,'en','packages/get-started/get-started','favicon','Favicon','2023-03-01 01:08:36','2023-03-01 01:08:36'),(1709,1,'en','packages/get-started/get-started','admin_favicon','Admin favicon','2023-03-01 01:08:36','2023-03-01 01:08:36'),(1710,1,'en','packages/get-started/get-started','next_step','Next step','2023-03-01 01:08:36','2023-03-01 01:08:36'),(1711,1,'en','packages/get-started/get-started','site_ready_title','Your site is ready!','2023-03-01 01:08:36','2023-03-01 01:08:36'),(1712,1,'en','packages/get-started/get-started','site_ready_description','Welcome to your new site! Your website has been created and populated with sample data. You are in the admin area of your site where you can set up everything else needed to complete your site.','2023-03-01 01:08:36','2023-03-01 01:08:36'),(1713,1,'en','packages/get-started/get-started','finish','Finish','2023-03-01 01:08:36','2023-03-01 01:08:36'),(1714,1,'en','packages/get-started/get-started','exit_wizard_title','Are you sure you want to exit the Quick Setup Wizard?','2023-03-01 01:08:36','2023-03-01 01:08:36'),(1715,1,'en','packages/get-started/get-started','exit_wizard_confirm','Yes, I\'ll finish it later','2023-03-01 01:08:36','2023-03-01 01:08:36'),(1716,1,'en','packages/get-started/get-started','exit_wizard_cancel','No, take me back to the wizard','2023-03-01 01:08:36','2023-03-01 01:08:36'),(1717,1,'en','packages/get-started/get-started','change_default_account_info_title','Change default account info','2023-03-01 01:08:36','2023-03-01 01:08:36'),(1718,1,'en','packages/get-started/get-started','change_default_account_info_description','The default account is using a weak password. You need to change it to a complex password for better security.','2023-03-01 01:08:36','2023-03-01 01:08:36'),(1719,1,'en','packages/get-started/get-started','username','Username','2023-03-01 01:08:36','2023-03-01 01:08:36'),(1720,1,'en','packages/get-started/get-started','email','Email','2023-03-01 01:08:36','2023-03-01 01:08:36'),(1721,1,'en','packages/get-started/get-started','password','Password','2023-03-01 01:08:36','2023-03-01 01:08:36'),(1722,1,'en','packages/get-started/get-started','password_confirmation','Password confirmation','2023-03-01 01:08:36','2023-03-01 01:08:36'),(1723,1,'en','packages/installer/installer','title','Installer','2023-03-01 01:08:36','2023-03-01 01:08:36'),(1724,1,'en','packages/installer/installer','next','Next Step','2023-03-01 01:08:36','2023-03-01 01:08:36'),(1725,1,'en','packages/installer/installer','back','Previous','2023-03-01 01:08:36','2023-03-01 01:08:36'),(1726,1,'en','packages/installer/installer','finish','Install','2023-03-01 01:08:36','2023-03-01 01:08:36'),(1727,1,'en','packages/installer/installer','forms.errorTitle','The following errors occurred:','2023-03-01 01:08:36','2023-03-01 01:08:36'),(1728,1,'en','packages/installer/installer','welcome.templateTitle','Welcome','2023-03-01 01:08:36','2023-03-01 01:08:36'),(1729,1,'en','packages/installer/installer','welcome.title','Welcome','2023-03-01 01:08:36','2023-03-01 01:08:36'),(1730,1,'en','packages/installer/installer','welcome.message','Before getting started, we need some information on the database. You will need to know the following items before proceeding.','2023-03-01 01:08:36','2023-03-01 01:08:36'),(1731,1,'en','packages/installer/installer','welcome.next','Let\'s go','2023-03-01 01:08:36','2023-03-01 01:08:36'),(1732,1,'en','packages/installer/installer','requirements.templateTitle','Step 1 | Server Requirements','2023-03-01 01:08:36','2023-03-01 01:08:36'),(1733,1,'en','packages/installer/installer','requirements.title','Server Requirements','2023-03-01 01:08:36','2023-03-01 01:08:36'),(1734,1,'en','packages/installer/installer','requirements.next','Check Permissions','2023-03-01 01:08:36','2023-03-01 01:08:36'),(1735,1,'en','packages/installer/installer','permissions.templateTitle','Step 2 | Permissions','2023-03-01 01:08:36','2023-03-01 01:08:36'),(1736,1,'en','packages/installer/installer','permissions.title','Permissions','2023-03-01 01:08:36','2023-03-01 01:08:36'),(1737,1,'en','packages/installer/installer','permissions.next','Configure Environment','2023-03-01 01:08:36','2023-03-01 01:08:36'),(1738,1,'en','packages/installer/installer','environment.wizard.templateTitle','Environment Settings','2023-03-01 01:08:36','2023-03-01 01:08:36'),(1739,1,'en','packages/installer/installer','environment.wizard.title','Environment Settings','2023-03-01 01:08:36','2023-03-01 01:08:36'),(1740,1,'en','packages/installer/installer','environment.wizard.form.name_required','An environment name is required.','2023-03-01 01:08:36','2023-03-01 01:08:36'),(1741,1,'en','packages/installer/installer','environment.wizard.form.app_name_label','Site title','2023-03-01 01:08:36','2023-03-01 01:08:36'),(1742,1,'en','packages/installer/installer','environment.wizard.form.app_name_placeholder','Site title','2023-03-01 01:08:36','2023-03-01 01:08:36'),(1743,1,'en','packages/installer/installer','environment.wizard.form.app_url_label','URL','2023-03-01 01:08:36','2023-03-01 01:08:36'),(1744,1,'en','packages/installer/installer','environment.wizard.form.app_url_placeholder','URL','2023-03-01 01:08:36','2023-03-01 01:08:36'),(1745,1,'en','packages/installer/installer','environment.wizard.form.db_connection_label','Database Connection','2023-03-01 01:08:36','2023-03-01 01:08:36'),(1746,1,'en','packages/installer/installer','environment.wizard.form.db_connection_label_mysql','MySQL','2023-03-01 01:08:36','2023-03-01 01:08:36'),(1747,1,'en','packages/installer/installer','environment.wizard.form.db_connection_label_sqlite','SQLite','2023-03-01 01:08:36','2023-03-01 01:08:36'),(1748,1,'en','packages/installer/installer','environment.wizard.form.db_connection_label_pgsql','PostgreSQL','2023-03-01 01:08:36','2023-03-01 01:08:36'),(1749,1,'en','packages/installer/installer','environment.wizard.form.db_host_label','Database host','2023-03-01 01:08:36','2023-03-01 01:08:36'),(1750,1,'en','packages/installer/installer','environment.wizard.form.db_host_placeholder','Database host','2023-03-01 01:08:36','2023-03-01 01:08:36'),(1751,1,'en','packages/installer/installer','environment.wizard.form.db_port_label','Database port','2023-03-01 01:08:36','2023-03-01 01:08:36'),(1752,1,'en','packages/installer/installer','environment.wizard.form.db_port_placeholder','Database port','2023-03-01 01:08:36','2023-03-01 01:08:36'),(1753,1,'en','packages/installer/installer','environment.wizard.form.db_name_label','Database name','2023-03-01 01:08:36','2023-03-01 01:08:36'),(1754,1,'en','packages/installer/installer','environment.wizard.form.db_name_placeholder','Database name','2023-03-01 01:08:36','2023-03-01 01:08:36'),(1755,1,'en','packages/installer/installer','environment.wizard.form.db_username_label','Database username','2023-03-01 01:08:36','2023-03-01 01:08:36'),(1756,1,'en','packages/installer/installer','environment.wizard.form.db_username_placeholder','Database username','2023-03-01 01:08:36','2023-03-01 01:08:36'),(1757,1,'en','packages/installer/installer','environment.wizard.form.db_password_label','Database password','2023-03-01 01:08:36','2023-03-01 01:08:36'),(1758,1,'en','packages/installer/installer','environment.wizard.form.db_password_placeholder','Database password','2023-03-01 01:08:36','2023-03-01 01:08:36'),(1759,1,'en','packages/installer/installer','environment.wizard.form.buttons.install','Install','2023-03-01 01:08:36','2023-03-01 01:08:36'),(1760,1,'en','packages/installer/installer','environment.success','Your .env file settings have been saved.','2023-03-01 01:08:36','2023-03-01 01:08:36'),(1761,1,'en','packages/installer/installer','environment.errors','Unable to save the .env file, Please create it manually.','2023-03-01 01:08:36','2023-03-01 01:08:36'),(1762,1,'en','packages/installer/installer','install','Install','2023-03-01 01:08:36','2023-03-01 01:08:36'),(1763,1,'en','packages/installer/installer','final.title','Installation Finished','2023-03-01 01:08:36','2023-03-01 01:08:36'),(1764,1,'en','packages/installer/installer','final.templateTitle','Installation Finished','2023-03-01 01:08:37','2023-03-01 01:08:37'),(1765,1,'en','packages/installer/installer','final.finished','Application has been successfully installed.','2023-03-01 01:08:37','2023-03-01 01:08:37'),(1766,1,'en','packages/installer/installer','final.exit','Click here to exit','2023-03-01 01:08:37','2023-03-01 01:08:37'),(1767,1,'en','packages/installer/installer','create_account','Create account','2023-03-01 01:08:37','2023-03-01 01:08:37'),(1768,1,'en','packages/installer/installer','first_name','First name','2023-03-01 01:08:37','2023-03-01 01:08:37'),(1769,1,'en','packages/installer/installer','last_name','Last name','2023-03-01 01:08:37','2023-03-01 01:08:37'),(1770,1,'en','packages/installer/installer','username','Username','2023-03-01 01:08:37','2023-03-01 01:08:37'),(1771,1,'en','packages/installer/installer','email','Email','2023-03-01 01:08:37','2023-03-01 01:08:37'),(1772,1,'en','packages/installer/installer','password','Password','2023-03-01 01:08:37','2023-03-01 01:08:37'),(1773,1,'en','packages/installer/installer','password_confirmation','Password confirmation','2023-03-01 01:08:37','2023-03-01 01:08:37'),(1774,1,'en','packages/installer/installer','create','Create','2023-03-01 01:08:37','2023-03-01 01:08:37'),(1775,1,'en','packages/installer/installer','install_success','Installed successfully!','2023-03-01 01:08:37','2023-03-01 01:08:37'),(1776,1,'en','packages/menu/menu','name','Menus','2023-03-01 01:08:37','2023-03-01 01:08:37'),(1777,1,'en','packages/menu/menu','key_name','Menu name (key: :key)','2023-03-01 01:08:37','2023-03-01 01:08:37'),(1778,1,'en','packages/menu/menu','basic_info','Basic information','2023-03-01 01:08:37','2023-03-01 01:08:37'),(1779,1,'en','packages/menu/menu','add_to_menu','Add to menu','2023-03-01 01:08:37','2023-03-01 01:08:37'),(1780,1,'en','packages/menu/menu','custom_link','Custom link','2023-03-01 01:08:37','2023-03-01 01:08:37'),(1781,1,'en','packages/menu/menu','add_link','Add link','2023-03-01 01:08:37','2023-03-01 01:08:37'),(1782,1,'en','packages/menu/menu','structure','Menu structure','2023-03-01 01:08:37','2023-03-01 01:08:37'),(1783,1,'en','packages/menu/menu','remove','Remove','2023-03-01 01:08:37','2023-03-01 01:08:37'),(1784,1,'en','packages/menu/menu','cancel','Cancel','2023-03-01 01:08:37','2023-03-01 01:08:37'),(1785,1,'en','packages/menu/menu','title','Title','2023-03-01 01:08:37','2023-03-01 01:08:37'),(1786,1,'en','packages/menu/menu','icon','Icon','2023-03-01 01:08:37','2023-03-01 01:08:37'),(1787,1,'en','packages/menu/menu','url','URL','2023-03-01 01:08:37','2023-03-01 01:08:37'),(1788,1,'en','packages/menu/menu','target','Target','2023-03-01 01:08:37','2023-03-01 01:08:37'),(1789,1,'en','packages/menu/menu','css_class','CSS class','2023-03-01 01:08:37','2023-03-01 01:08:37'),(1790,1,'en','packages/menu/menu','self_open_link','Open link directly','2023-03-01 01:08:37','2023-03-01 01:08:37'),(1791,1,'en','packages/menu/menu','blank_open_link','Open link in new tab','2023-03-01 01:08:37','2023-03-01 01:08:37'),(1792,1,'en','packages/menu/menu','create','Create menu','2023-03-01 01:08:37','2023-03-01 01:08:37'),(1793,1,'en','packages/menu/menu','edit','Edit menu','2023-03-01 01:08:37','2023-03-01 01:08:37'),(1794,1,'en','packages/menu/menu','menu_settings','Menu settings','2023-03-01 01:08:37','2023-03-01 01:08:37'),(1795,1,'en','packages/menu/menu','display_location','Display location','2023-03-01 01:08:37','2023-03-01 01:08:37'),(1796,1,'en','packages/menu/menu','title_placeholder','Title','2023-03-01 01:08:37','2023-03-01 01:08:37'),(1797,1,'en','packages/menu/menu','icon_placeholder','Icon','2023-03-01 01:08:37','2023-03-01 01:08:37'),(1798,1,'en','packages/menu/menu','url_placeholder','URL','2023-03-01 01:08:37','2023-03-01 01:08:37'),(1799,1,'en','packages/menu/menu','css_class_placeholder','CSS class','2023-03-01 01:08:37','2023-03-01 01:08:37'),(1800,1,'en','packages/menu/menu','menu_id','Menu ID','2023-03-01 01:08:37','2023-03-01 01:08:37'),(1801,1,'vi','packages/menu/menu','name','Trình đơn','2023-03-01 01:08:37','2023-03-01 01:08:37'),(1802,1,'vi','packages/menu/menu','cancel','Hủy bỏ','2023-03-01 01:08:37','2023-03-01 01:08:37'),(1803,1,'vi','packages/menu/menu','add_link','Thêm liên kết','2023-03-01 01:08:37','2023-03-01 01:08:37'),(1804,1,'vi','packages/menu/menu','add_to_menu','Thêm vào trình đơn','2023-03-01 01:08:37','2023-03-01 01:08:37'),(1805,1,'vi','packages/menu/menu','basic_info','Thông tin cơ bản','2023-03-01 01:08:37','2023-03-01 01:08:37'),(1806,1,'vi','packages/menu/menu','blank_open_link','Mở liên kết trong tab mới','2023-03-01 01:08:37','2023-03-01 01:08:37'),(1807,1,'vi','packages/menu/menu','css_class','CSS class','2023-03-01 01:08:37','2023-03-01 01:08:37'),(1808,1,'vi','packages/menu/menu','custom_link','Liên kết tùy chọn','2023-03-01 01:08:37','2023-03-01 01:08:37'),(1809,1,'vi','packages/menu/menu','icon','Biểu tượng','2023-03-01 01:08:37','2023-03-01 01:08:37'),(1810,1,'vi','packages/menu/menu','key_name','Tên menu (key::key)','2023-03-01 01:08:37','2023-03-01 01:08:37'),(1811,1,'vi','packages/menu/menu','remove','Xóa','2023-03-01 01:08:37','2023-03-01 01:08:37'),(1812,1,'vi','packages/menu/menu','self_open_link','Mở liên kết trong tab hiện tại','2023-03-01 01:08:37','2023-03-01 01:08:37'),(1813,1,'vi','packages/menu/menu','structure','Cấu trúc trình đơn','2023-03-01 01:08:37','2023-03-01 01:08:37'),(1814,1,'vi','packages/menu/menu','target','Target','2023-03-01 01:08:37','2023-03-01 01:08:37'),(1815,1,'vi','packages/menu/menu','title','Tiêu đề','2023-03-01 01:08:37','2023-03-01 01:08:37'),(1816,1,'vi','packages/menu/menu','url','URL','2023-03-01 01:08:37','2023-03-01 01:08:37'),(1817,1,'vi','packages/menu/menu','create','Tạo trình đơn','2023-03-01 01:08:37','2023-03-01 01:08:37'),(1818,1,'vi','packages/menu/menu','edit','Sửa trình đơn','2023-03-01 01:08:37','2023-03-01 01:08:37'),(1819,1,'vi','packages/menu/menu','display_location','Vị trí hiển thị','2023-03-01 01:08:37','2023-03-01 01:08:37'),(1820,1,'vi','packages/menu/menu','menu_settings','Cấu hình menu','2023-03-01 01:08:37','2023-03-01 01:08:37'),(1821,1,'en','packages/optimize/optimize','settings.title','Optimize page speed','2023-03-01 01:08:37','2023-03-01 01:08:37'),(1822,1,'en','packages/optimize/optimize','settings.description','Minify HTML output, inline CSS, remove comments...','2023-03-01 01:08:37','2023-03-01 01:08:37'),(1823,1,'en','packages/optimize/optimize','settings.enable','Enable optimize page speed?','2023-03-01 01:08:37','2023-03-01 01:08:37'),(1824,1,'en','packages/optimize/optimize','collapse_white_space','Collapse white space','2023-03-01 01:08:37','2023-03-01 01:08:37'),(1825,1,'en','packages/optimize/optimize','collapse_white_space_description','This filter reduces bytes transmitted in an HTML file by removing unnecessary whitespace.','2023-03-01 01:08:37','2023-03-01 01:08:37'),(1826,1,'en','packages/optimize/optimize','elide_attributes','Elide attributes','2023-03-01 01:08:37','2023-03-01 01:08:37'),(1827,1,'en','packages/optimize/optimize','elide_attributes_description','This filter reduces the transfer size of HTML files by removing attributes from tags when the specified value is equal to the default value for that attribute. This can save a modest number of bytes, and may make the document more compressible by canonicalizing the affected tags.','2023-03-01 01:08:37','2023-03-01 01:08:37'),(1828,1,'en','packages/optimize/optimize','inline_css','Inline CSS','2023-03-01 01:08:37','2023-03-01 01:08:37'),(1829,1,'en','packages/optimize/optimize','inline_css_description','This filter transforms the inline \"style\" attribute of tags into classes by moving the CSS to the header.','2023-03-01 01:08:37','2023-03-01 01:08:37'),(1830,1,'en','packages/optimize/optimize','insert_dns_prefetch','Insert DNS prefetch','2023-03-01 01:08:37','2023-03-01 01:08:37'),(1831,1,'en','packages/optimize/optimize','insert_dns_prefetch_description','This filter injects tags in the HEAD to enable the browser to do DNS prefetching.','2023-03-01 01:08:37','2023-03-01 01:08:37'),(1832,1,'en','packages/optimize/optimize','remove_comments','Remove comments','2023-03-01 01:08:37','2023-03-01 01:08:37'),(1833,1,'en','packages/optimize/optimize','remove_comments_description','This filter eliminates HTML, JS and CSS comments. The filter reduces the transfer size of HTML files by removing the comments. Depending on the HTML file, this filter can significantly reduce the number of bytes transmitted on the network.','2023-03-01 01:08:37','2023-03-01 01:08:37'),(1834,1,'en','packages/optimize/optimize','trim_urls','Trim URLs','2023-03-01 01:08:37','2023-03-01 01:08:37'),(1835,1,'en','packages/optimize/optimize','trim_urls_description','This filter trims URLs by resolving them by making them relative to the base URL for the page.','2023-03-01 01:08:37','2023-03-01 01:08:37'),(1836,1,'en','packages/optimize/optimize','remove_quotes','Remove quotes','2023-03-01 01:08:37','2023-03-01 01:08:37'),(1837,1,'en','packages/optimize/optimize','remove_quotes_description','This filter eliminates unnecessary quotation marks from HTML attributes. While required by the various HTML specifications, browsers permit their omission when the value of an attribute is composed of a certain subset of characters (alphanumerics and some punctuation characters).','2023-03-01 01:08:37','2023-03-01 01:08:37'),(1838,1,'en','packages/optimize/optimize','defer_javascript','Defer javascript','2023-03-01 01:08:37','2023-03-01 01:08:37'),(1839,1,'en','packages/optimize/optimize','defer_javascript_description','Defers the execution of javascript in the HTML. If necessary cancel deferring in some script, use data-pagespeed-no-defer as script attribute to cancel deferring.','2023-03-01 01:08:37','2023-03-01 01:08:37'),(1840,1,'en','packages/page/pages','create','Create new page','2023-03-01 01:08:37','2023-03-01 01:08:37'),(1841,1,'en','packages/page/pages','edit','Edit page','2023-03-01 01:08:37','2023-03-01 01:08:37'),(1842,1,'en','packages/page/pages','form.name','Name','2023-03-01 01:08:37','2023-03-01 01:08:37'),(1843,1,'en','packages/page/pages','form.name_placeholder','Page\'s name (Maximum 120 characters)','2023-03-01 01:08:37','2023-03-01 01:08:37'),(1844,1,'en','packages/page/pages','form.content','Content','2023-03-01 01:08:37','2023-03-01 01:08:37'),(1845,1,'en','packages/page/pages','form.note','Note content','2023-03-01 01:08:37','2023-03-01 01:08:37'),(1846,1,'en','packages/page/pages','notices.no_select','Please select at least one record to take this action!','2023-03-01 01:08:37','2023-03-01 01:08:37'),(1847,1,'en','packages/page/pages','notices.update_success_message','Update successfully','2023-03-01 01:08:37','2023-03-01 01:08:37'),(1848,1,'en','packages/page/pages','cannot_delete','Page could not be deleted','2023-03-01 01:08:37','2023-03-01 01:08:37'),(1849,1,'en','packages/page/pages','deleted','Page deleted','2023-03-01 01:08:37','2023-03-01 01:08:37'),(1850,1,'en','packages/page/pages','pages','Pages','2023-03-01 01:08:37','2023-03-01 01:08:37'),(1851,1,'en','packages/page/pages','menu','Pages','2023-03-01 01:08:37','2023-03-01 01:08:37'),(1852,1,'en','packages/page/pages','menu_name','Pages','2023-03-01 01:08:37','2023-03-01 01:08:37'),(1853,1,'en','packages/page/pages','edit_this_page','Edit this page','2023-03-01 01:08:37','2023-03-01 01:08:37'),(1854,1,'en','packages/page/pages','total_pages','Total pages','2023-03-01 01:08:37','2023-03-01 01:08:37'),(1855,1,'en','packages/page/pages','settings.show_on_front','Your homepage displays','2023-03-01 01:08:37','2023-03-01 01:08:37'),(1856,1,'en','packages/page/pages','settings.select','— Select —','2023-03-01 01:08:37','2023-03-01 01:08:37'),(1857,1,'en','packages/page/pages','front_page','Front Page','2023-03-01 01:08:37','2023-03-01 01:08:37'),(1858,1,'vi','packages/page/pages','create','Thêm trang','2023-03-01 01:08:37','2023-03-01 01:08:37'),(1859,1,'vi','packages/page/pages','edit','Sửa trang','2023-03-01 01:08:37','2023-03-01 01:08:37'),(1860,1,'vi','packages/page/pages','form.name','Tiêu đề trang','2023-03-01 01:08:37','2023-03-01 01:08:37'),(1861,1,'vi','packages/page/pages','form.note','Nội dung ghi chú','2023-03-01 01:08:37','2023-03-01 01:08:37'),(1862,1,'vi','packages/page/pages','form.name_placeholder','Tên trang (tối đa 120 kí tự)','2023-03-01 01:08:37','2023-03-01 01:08:37'),(1863,1,'vi','packages/page/pages','form.content','Nội dung','2023-03-01 01:08:37','2023-03-01 01:08:37'),(1864,1,'vi','packages/page/pages','notices.no_select','Chọn ít nhất 1 trang để thực hiện hành động này!','2023-03-01 01:08:37','2023-03-01 01:08:37'),(1865,1,'vi','packages/page/pages','notices.update_success_message','Cập nhật thành công','2023-03-01 01:08:37','2023-03-01 01:08:37'),(1866,1,'vi','packages/page/pages','deleted','Xóa trang thành công','2023-03-01 01:08:37','2023-03-01 01:08:37'),(1867,1,'vi','packages/page/pages','cannot_delete','Không thể xóa trang','2023-03-01 01:08:37','2023-03-01 01:08:37'),(1868,1,'vi','packages/page/pages','menu','Trang','2023-03-01 01:08:37','2023-03-01 01:08:37'),(1869,1,'vi','packages/page/pages','menu_name','Trang','2023-03-01 01:08:37','2023-03-01 01:08:37'),(1870,1,'vi','packages/page/pages','edit_this_page','Sửa trang này','2023-03-01 01:08:37','2023-03-01 01:08:37'),(1871,1,'vi','packages/page/pages','pages','Trang','2023-03-01 01:08:37','2023-03-01 01:08:37'),(1872,1,'vi','packages/page/pages','front_page','Trang chủ','2023-03-01 01:08:37','2023-03-01 01:08:37'),(1873,1,'vi','packages/page/pages','settings.select','-- Lựa chọn --','2023-03-01 01:08:37','2023-03-01 01:08:37'),(1874,1,'vi','packages/page/pages','settings.show_on_front','Lựa chọn trang chủ','2023-03-01 01:08:37','2023-03-01 01:08:37'),(1875,1,'vi','packages/page/pages','total_pages','Tổng số trang','2023-03-01 01:08:37','2023-03-01 01:08:37'),(1876,1,'en','packages/plugin-management/plugin','enabled','Enabled','2023-03-01 01:08:37','2023-03-01 01:08:37'),(1877,1,'en','packages/plugin-management/plugin','deactivated','Deactivated','2023-03-01 01:08:37','2023-03-01 01:08:37'),(1878,1,'en','packages/plugin-management/plugin','activated','Activated','2023-03-01 01:08:37','2023-03-01 01:08:37'),(1879,1,'en','packages/plugin-management/plugin','activate','Activate','2023-03-01 01:08:37','2023-03-01 01:08:37'),(1880,1,'en','packages/plugin-management/plugin','deactivate','Deactivate','2023-03-01 01:08:37','2023-03-01 01:08:37'),(1881,1,'en','packages/plugin-management/plugin','author','By','2023-03-01 01:08:37','2023-03-01 01:08:37'),(1882,1,'en','packages/plugin-management/plugin','update_plugin_status_success','Update plugin successfully','2023-03-01 01:08:37','2023-03-01 01:08:37'),(1883,1,'en','packages/plugin-management/plugin','plugins','Plugins','2023-03-01 01:08:37','2023-03-01 01:08:37'),(1884,1,'en','packages/plugin-management/plugin','missing_required_plugins','Please activate plugin(s): :plugins before activate this plugin!','2023-03-01 01:08:37','2023-03-01 01:08:37'),(1885,1,'en','packages/plugin-management/plugin','remove','Remove','2023-03-01 01:08:37','2023-03-01 01:08:37'),(1886,1,'en','packages/plugin-management/plugin','remove_plugin_success','Remove plugin successfully!','2023-03-01 01:08:37','2023-03-01 01:08:37'),(1887,1,'en','packages/plugin-management/plugin','remove_plugin','Remove plugin','2023-03-01 01:08:37','2023-03-01 01:08:37'),(1888,1,'en','packages/plugin-management/plugin','remove_plugin_confirm_message','Do you really want to remove this plugin?','2023-03-01 01:08:37','2023-03-01 01:08:37'),(1889,1,'en','packages/plugin-management/plugin','remove_plugin_confirm_yes','Yes, remove it!','2023-03-01 01:08:37','2023-03-01 01:08:37'),(1890,1,'en','packages/plugin-management/plugin','total_plugins','Total plugins','2023-03-01 01:08:37','2023-03-01 01:08:37'),(1891,1,'en','packages/plugin-management/plugin','invalid_plugin','This plugin is not a valid plugin, please check it again!','2023-03-01 01:08:37','2023-03-01 01:08:37'),(1892,1,'en','packages/plugin-management/plugin','version','Version','2023-03-01 01:08:37','2023-03-01 01:08:37'),(1893,1,'en','packages/plugin-management/plugin','invalid_json','Invalid plugin.json!','2023-03-01 01:08:37','2023-03-01 01:08:37'),(1894,1,'en','packages/plugin-management/plugin','activate_success','Activate plugin successfully!','2023-03-01 01:08:37','2023-03-01 01:08:37'),(1895,1,'en','packages/plugin-management/plugin','activated_already','This plugin is activated already!','2023-03-01 01:08:37','2023-03-01 01:08:37'),(1896,1,'en','packages/plugin-management/plugin','plugin_not_exist','This plugin is not exists.','2023-03-01 01:08:37','2023-03-01 01:08:37'),(1897,1,'en','packages/plugin-management/plugin','missing_json_file','Missing file plugin.json!','2023-03-01 01:08:37','2023-03-01 01:08:37'),(1898,1,'en','packages/plugin-management/plugin','plugin_invalid','Plugin is valid!','2023-03-01 01:08:37','2023-03-01 01:08:37'),(1899,1,'en','packages/plugin-management/plugin','published_assets_success','Publish assets for plugin :name successfully!','2023-03-01 01:08:37','2023-03-01 01:08:37'),(1900,1,'en','packages/plugin-management/plugin','plugin_removed','Plugin has been removed!','2023-03-01 01:08:37','2023-03-01 01:08:37'),(1901,1,'en','packages/plugin-management/plugin','deactivated_success','Deactivate plugin successfully!','2023-03-01 01:08:37','2023-03-01 01:08:37'),(1902,1,'en','packages/plugin-management/plugin','deactivated_already','This plugin is deactivated already!','2023-03-01 01:08:37','2023-03-01 01:08:37'),(1903,1,'en','packages/plugin-management/plugin','folder_is_not_writeable','Cannot write files! Folder :name is not writable. Please chmod to make it writable!','2023-03-01 01:08:37','2023-03-01 01:08:37'),(1904,1,'en','packages/plugin-management/plugin','plugin_is_not_ready','Plugin :name is not ready to use','2023-03-01 01:08:37','2023-03-01 01:08:37'),(1905,1,'vi','packages/plugin-management/plugin','activate','Kích hoạt','2023-03-01 01:08:37','2023-03-01 01:08:37'),(1906,1,'vi','packages/plugin-management/plugin','author','Tác giả','2023-03-01 01:08:37','2023-03-01 01:08:37'),(1907,1,'vi','packages/plugin-management/plugin','version','Phiên bản','2023-03-01 01:08:37','2023-03-01 01:08:37'),(1908,1,'vi','packages/plugin-management/plugin','activated','Đã kích hoạt','2023-03-01 01:08:37','2023-03-01 01:08:37'),(1909,1,'vi','packages/plugin-management/plugin','deactivate','Hủy kích hoạt','2023-03-01 01:08:37','2023-03-01 01:08:37'),(1910,1,'vi','packages/plugin-management/plugin','deactivated','Đã vô hiệu','2023-03-01 01:08:38','2023-03-01 01:08:38'),(1911,1,'vi','packages/plugin-management/plugin','enabled','Kích hoạt','2023-03-01 01:08:38','2023-03-01 01:08:38'),(1912,1,'vi','packages/plugin-management/plugin','invalid_plugin','Gói mở rộng không hợp lệ','2023-03-01 01:08:38','2023-03-01 01:08:38'),(1913,1,'vi','packages/plugin-management/plugin','update_plugin_status_success','Cập nhật trạng thái gói mở rộng thành công','2023-03-01 01:08:38','2023-03-01 01:08:38'),(1914,1,'vi','packages/plugin-management/plugin','missing_required_plugins','Vui lòng kích hoạt các gói mở rộng :plugins trước khi kích hoạt gói này','2023-03-01 01:08:38','2023-03-01 01:08:38'),(1915,1,'vi','packages/plugin-management/plugin','plugins','Gói mở rộng','2023-03-01 01:08:38','2023-03-01 01:08:38'),(1916,1,'vi','packages/plugin-management/plugin','remove','Xoá','2023-03-01 01:08:38','2023-03-01 01:08:38'),(1917,1,'vi','packages/plugin-management/plugin','remove_plugin_success','Xoá thành công!','2023-03-01 01:08:38','2023-03-01 01:08:38'),(1918,1,'vi','packages/plugin-management/plugin','remove_plugin','Xoá gói mở rộng','2023-03-01 01:08:38','2023-03-01 01:08:38'),(1919,1,'vi','packages/plugin-management/plugin','remove_plugin_confirm_message','Bạn có chắc chắn muốn xoá plugin này?','2023-03-01 01:08:38','2023-03-01 01:08:38'),(1920,1,'vi','packages/plugin-management/plugin','remove_plugin_confirm_yes','Có, xoá!','2023-03-01 01:08:38','2023-03-01 01:08:38'),(1921,1,'vi','packages/plugin-management/plugin','total_plugins','Tất cả plugins','2023-03-01 01:08:38','2023-03-01 01:08:38'),(1922,1,'vi','packages/plugin-management/plugin','activate_success','Kích hoạt thành công!','2023-03-01 01:08:38','2023-03-01 01:08:38'),(1923,1,'vi','packages/plugin-management/plugin','activated_already','Gói mở rộng này đã được kích hoạt rồi!','2023-03-01 01:08:38','2023-03-01 01:08:38'),(1924,1,'vi','packages/plugin-management/plugin','deactivated_already','Gói mở rộng này đã được hủy kích hoạt rồi!','2023-03-01 01:08:38','2023-03-01 01:08:38'),(1925,1,'vi','packages/plugin-management/plugin','deactivated_success','Hủy kích hoạt thành công!','2023-03-01 01:08:38','2023-03-01 01:08:38'),(1926,1,'vi','packages/plugin-management/plugin','invalid_json','Sai cấu hình plugin.json!','2023-03-01 01:08:38','2023-03-01 01:08:38'),(1927,1,'vi','packages/plugin-management/plugin','missing_json_file','Thiếu tập tin cấu hình plugin.json!','2023-03-01 01:08:38','2023-03-01 01:08:38'),(1928,1,'vi','packages/plugin-management/plugin','plugin_invalid','Gói mở rộng không hợp lệ!','2023-03-01 01:08:38','2023-03-01 01:08:38'),(1929,1,'vi','packages/plugin-management/plugin','plugin_not_exist','Gói mở rộng không tồn tại','2023-03-01 01:08:38','2023-03-01 01:08:38'),(1930,1,'vi','packages/plugin-management/plugin','plugin_removed','Gói mở rộng đã bị xóa!','2023-03-01 01:08:38','2023-03-01 01:08:38'),(1931,1,'vi','packages/plugin-management/plugin','published_assets_success','Xuất bản assets cho gói mở rộng thành công!','2023-03-01 01:08:38','2023-03-01 01:08:38'),(1932,1,'en','packages/seo-helper/seo-helper','meta_box_header','Search Engine Optimize','2023-03-01 01:08:38','2023-03-01 01:08:38'),(1933,1,'en','packages/seo-helper/seo-helper','edit_seo_meta','Edit SEO meta','2023-03-01 01:08:38','2023-03-01 01:08:38'),(1934,1,'en','packages/seo-helper/seo-helper','default_description','Setup meta title & description to make your site easy to discovered on search engines such as Google','2023-03-01 01:08:38','2023-03-01 01:08:38'),(1935,1,'en','packages/seo-helper/seo-helper','seo_title','SEO Title','2023-03-01 01:08:38','2023-03-01 01:08:38'),(1936,1,'en','packages/seo-helper/seo-helper','seo_description','SEO description','2023-03-01 01:08:38','2023-03-01 01:08:38'),(1937,1,'vi','packages/seo-helper/seo-helper','meta_box_header','Tối ưu hoá bộ máy tìm kiếm (SEO)','2023-03-01 01:08:38','2023-03-01 01:08:38'),(1938,1,'vi','packages/seo-helper/seo-helper','edit_seo_meta','Chỉnh sửa SEO','2023-03-01 01:08:38','2023-03-01 01:08:38'),(1939,1,'vi','packages/seo-helper/seo-helper','default_description','Thiết lập các thẻ mô tả giúp người dùng dễ dàng tìm thấy trên công cụ tìm kiếm như Google.','2023-03-01 01:08:38','2023-03-01 01:08:38'),(1940,1,'vi','packages/seo-helper/seo-helper','seo_title','Tiêu đề trang','2023-03-01 01:08:38','2023-03-01 01:08:38'),(1941,1,'vi','packages/seo-helper/seo-helper','seo_description','Mô tả trang','2023-03-01 01:08:38','2023-03-01 01:08:38'),(1942,1,'en','packages/slug/slug','permalink_settings','Permalink','2023-03-01 01:08:38','2023-03-01 01:08:38'),(1943,1,'en','packages/slug/slug','settings.title','Permalink settings','2023-03-01 01:08:38','2023-03-01 01:08:38'),(1944,1,'en','packages/slug/slug','settings.description','Manage permalink for all modules.','2023-03-01 01:08:38','2023-03-01 01:08:38'),(1945,1,'en','packages/slug/slug','settings.preview','Preview','2023-03-01 01:08:38','2023-03-01 01:08:38'),(1946,1,'en','packages/slug/slug','settings.turn_off_automatic_url_translation_into_latin','Turn off automatic URL translation into Latin?','2023-03-01 01:08:38','2023-03-01 01:08:38'),(1947,1,'en','packages/slug/slug','preview','Preview','2023-03-01 01:08:38','2023-03-01 01:08:38'),(1948,1,'en','packages/slug/slug','prefix_for','Prefix for :name','2023-03-01 01:08:38','2023-03-01 01:08:38'),(1949,1,'vi','packages/slug/slug','permalink_settings','Liên kết cố định','2023-03-01 01:08:38','2023-03-01 01:08:38'),(1950,1,'vi','packages/slug/slug','preview','Xem trước','2023-03-01 01:08:38','2023-03-01 01:08:38'),(1951,1,'vi','packages/slug/slug','settings.description','Quản lý liên kết cố định cho các module.','2023-03-01 01:08:38','2023-03-01 01:08:38'),(1952,1,'vi','packages/slug/slug','settings.preview','Xem trước','2023-03-01 01:08:38','2023-03-01 01:08:38'),(1953,1,'vi','packages/slug/slug','settings.title','Cài đặt liên kết cố định','2023-03-01 01:08:38','2023-03-01 01:08:38'),(1954,1,'en','packages/theme/theme','name','Themes','2023-03-01 01:08:38','2023-03-01 01:08:38'),(1955,1,'en','packages/theme/theme','theme','Theme','2023-03-01 01:08:38','2023-03-01 01:08:38'),(1956,1,'en','packages/theme/theme','author','Author','2023-03-01 01:08:38','2023-03-01 01:08:38'),(1957,1,'en','packages/theme/theme','version','Version','2023-03-01 01:08:38','2023-03-01 01:08:38'),(1958,1,'en','packages/theme/theme','description','Description','2023-03-01 01:08:38','2023-03-01 01:08:38'),(1959,1,'en','packages/theme/theme','active_success','Activate theme :name successfully!','2023-03-01 01:08:38','2023-03-01 01:08:38'),(1960,1,'en','packages/theme/theme','active','Active','2023-03-01 01:08:38','2023-03-01 01:08:38'),(1961,1,'en','packages/theme/theme','activated','Activated','2023-03-01 01:08:38','2023-03-01 01:08:38'),(1962,1,'en','packages/theme/theme','appearance','Appearance','2023-03-01 01:08:38','2023-03-01 01:08:38'),(1963,1,'en','packages/theme/theme','theme_options','Theme options','2023-03-01 01:08:38','2023-03-01 01:08:38'),(1964,1,'en','packages/theme/theme','save_changes','Save Changes','2023-03-01 01:08:38','2023-03-01 01:08:38'),(1965,1,'en','packages/theme/theme','developer_mode','Developer Mode Enabled','2023-03-01 01:08:38','2023-03-01 01:08:38'),(1966,1,'en','packages/theme/theme','custom_css','Custom CSS','2023-03-01 01:08:38','2023-03-01 01:08:38'),(1967,1,'en','packages/theme/theme','custom_js','Custom JS','2023-03-01 01:08:38','2023-03-01 01:08:38'),(1968,1,'en','packages/theme/theme','custom_header_js','Header JS','2023-03-01 01:08:38','2023-03-01 01:08:38'),(1969,1,'en','packages/theme/theme','custom_header_js_placeholder','JS in header of page, wrap it inside &#x3C;script&#x3E;&#x3C;/script&#x3E;','2023-03-01 01:08:38','2023-03-01 01:08:38'),(1970,1,'en','packages/theme/theme','custom_body_js','Body JS','2023-03-01 01:08:38','2023-03-01 01:08:38'),(1971,1,'en','packages/theme/theme','custom_body_js_placeholder','JS in body of page, wrap it inside &#x3C;script&#x3E;&#x3C;/script&#x3E;','2023-03-01 01:08:38','2023-03-01 01:08:38'),(1972,1,'en','packages/theme/theme','custom_footer_js','Footer JS','2023-03-01 01:08:38','2023-03-01 01:08:38'),(1973,1,'en','packages/theme/theme','custom_footer_js_placeholder','JS in footer of page, wrap it inside &#x3C;script&#x3E;&#x3C;/script&#x3E;','2023-03-01 01:08:38','2023-03-01 01:08:38'),(1974,1,'en','packages/theme/theme','custom_html','Custom HTML','2023-03-01 01:08:38','2023-03-01 01:08:38'),(1975,1,'en','packages/theme/theme','custom_header_html','Header HTML','2023-03-01 01:08:38','2023-03-01 01:08:38'),(1976,1,'en','packages/theme/theme','custom_header_html_placeholder','HTML in header of page, no special tags: script, style, iframe...','2023-03-01 01:08:38','2023-03-01 01:08:38'),(1977,1,'en','packages/theme/theme','custom_body_html','Body HTML','2023-03-01 01:08:38','2023-03-01 01:08:38'),(1978,1,'en','packages/theme/theme','custom_body_html_placeholder','HTML in body of page, no special tags: script, style, iframe...','2023-03-01 01:08:38','2023-03-01 01:08:38'),(1979,1,'en','packages/theme/theme','custom_footer_html','Footer HTML','2023-03-01 01:08:38','2023-03-01 01:08:38'),(1980,1,'en','packages/theme/theme','custom_footer_html_placeholder','HTML in footer of page, no special tags: script, style, iframe...','2023-03-01 01:08:38','2023-03-01 01:08:38'),(1981,1,'en','packages/theme/theme','remove_theme_success','Remove theme successfully!','2023-03-01 01:08:38','2023-03-01 01:08:38'),(1982,1,'en','packages/theme/theme','theme_is_not_existed','This theme is not existed!','2023-03-01 01:08:38','2023-03-01 01:08:38'),(1983,1,'en','packages/theme/theme','remove','Remove','2023-03-01 01:08:38','2023-03-01 01:08:38'),(1984,1,'en','packages/theme/theme','remove_theme','Remove theme','2023-03-01 01:08:38','2023-03-01 01:08:38'),(1985,1,'en','packages/theme/theme','remove_theme_confirm_message','Do you really want to remove this theme?','2023-03-01 01:08:38','2023-03-01 01:08:38'),(1986,1,'en','packages/theme/theme','remove_theme_confirm_yes','Yes, remove it!','2023-03-01 01:08:38','2023-03-01 01:08:38'),(1987,1,'en','packages/theme/theme','total_themes','Total themes','2023-03-01 01:08:38','2023-03-01 01:08:38'),(1988,1,'en','packages/theme/theme','show_admin_bar','Show admin bar (When admin logged in, still show admin bar in website)?','2023-03-01 01:08:38','2023-03-01 01:08:38'),(1989,1,'en','packages/theme/theme','settings.title','Theme','2023-03-01 01:08:38','2023-03-01 01:08:38'),(1990,1,'en','packages/theme/theme','settings.description','Setting for theme','2023-03-01 01:08:38','2023-03-01 01:08:38'),(1991,1,'en','packages/theme/theme','settings.redirect_404_to_homepage','Redirect all not found requests to homepage?','2023-03-01 01:08:38','2023-03-01 01:08:38'),(1992,1,'en','packages/theme/theme','add_new','Add new','2023-03-01 01:08:38','2023-03-01 01:08:38'),(1993,1,'en','packages/theme/theme','theme_activated_already','Theme \":name\" is activated already!','2023-03-01 01:08:38','2023-03-01 01:08:38'),(1994,1,'en','packages/theme/theme','missing_json_file','Missing file theme.json!','2023-03-01 01:08:38','2023-03-01 01:08:38'),(1995,1,'en','packages/theme/theme','theme_invalid','Theme is valid!','2023-03-01 01:08:38','2023-03-01 01:08:38'),(1996,1,'en','packages/theme/theme','published_assets_success','Publish assets for :themes successfully!','2023-03-01 01:08:38','2023-03-01 01:08:38'),(1997,1,'en','packages/theme/theme','cannot_remove_theme','Cannot remove activated theme, please activate another theme before removing \":name\"!','2023-03-01 01:08:38','2023-03-01 01:08:38'),(1998,1,'en','packages/theme/theme','theme_deleted','Theme \":name\" has been destroyed.','2023-03-01 01:08:38','2023-03-01 01:08:38'),(1999,1,'en','packages/theme/theme','removed_assets','Remove assets of a theme :name successfully!','2023-03-01 01:08:38','2023-03-01 01:08:38'),(2000,1,'en','packages/theme/theme','update_custom_css_success','Update custom CSS successfully!','2023-03-01 01:08:38','2023-03-01 01:08:38'),(2001,1,'en','packages/theme/theme','update_custom_js_success','Update custom JS successfully!','2023-03-01 01:08:38','2023-03-01 01:08:38'),(2002,1,'en','packages/theme/theme','update_custom_html_success','Update custom HTML successfully!','2023-03-01 01:08:38','2023-03-01 01:08:38'),(2003,1,'en','packages/theme/theme','go_to_dashboard','Go to dashboard','2023-03-01 01:08:38','2023-03-01 01:08:38'),(2004,1,'en','packages/theme/theme','custom_css_placeholder','Using Ctrl + Space to autocomplete.','2023-03-01 01:08:38','2023-03-01 01:08:38'),(2005,1,'en','packages/theme/theme','theme_option_general','General','2023-03-01 01:08:38','2023-03-01 01:08:38'),(2006,1,'en','packages/theme/theme','theme_option_general_description','General settings','2023-03-01 01:08:38','2023-03-01 01:08:38'),(2007,1,'en','packages/theme/theme','theme_option_seo_open_graph_image','SEO default Open Graph image','2023-03-01 01:08:38','2023-03-01 01:08:38'),(2008,1,'en','packages/theme/theme','theme_option_logo','Logo','2023-03-01 01:08:38','2023-03-01 01:08:38'),(2009,1,'en','packages/theme/theme','theme_option_favicon','Favicon','2023-03-01 01:08:38','2023-03-01 01:08:38'),(2010,1,'en','packages/theme/theme','folder_is_not_writeable','Cannot write files! Folder :name is not writable. Please chmod to make it writable!','2023-03-01 01:08:38','2023-03-01 01:08:38'),(2011,1,'vi','packages/theme/theme','name','Giao diện','2023-03-01 01:08:38','2023-03-01 01:08:38'),(2012,1,'vi','packages/theme/theme','activated','Đã kích hoạt','2023-03-01 01:08:38','2023-03-01 01:08:38'),(2013,1,'vi','packages/theme/theme','active','Kích hoạt','2023-03-01 01:08:38','2023-03-01 01:08:38'),(2014,1,'vi','packages/theme/theme','active_success','Kích hoạt giao diện thành công!','2023-03-01 01:08:38','2023-03-01 01:08:38'),(2015,1,'vi','packages/theme/theme','author','Tác giả','2023-03-01 01:08:38','2023-03-01 01:08:38'),(2016,1,'vi','packages/theme/theme','description','Mô tả','2023-03-01 01:08:38','2023-03-01 01:08:38'),(2017,1,'vi','packages/theme/theme','appearance','Hiển thị','2023-03-01 01:08:38','2023-03-01 01:08:38'),(2018,1,'vi','packages/theme/theme','theme','Giao diện','2023-03-01 01:08:38','2023-03-01 01:08:38'),(2019,1,'vi','packages/theme/theme','theme_options','Tuỳ chọn giao diện','2023-03-01 01:08:38','2023-03-01 01:08:38'),(2020,1,'vi','packages/theme/theme','version','Phiên bản','2023-03-01 01:08:38','2023-03-01 01:08:38'),(2021,1,'vi','packages/theme/theme','save_changes','Lưu thay đổi','2023-03-01 01:08:38','2023-03-01 01:08:38'),(2022,1,'vi','packages/theme/theme','developer_mode','Đang kích hoạt chế độ thử nghiệm','2023-03-01 01:08:38','2023-03-01 01:08:38'),(2023,1,'vi','packages/theme/theme','custom_css','Tuỳ chỉnh CSS','2023-03-01 01:08:38','2023-03-01 01:08:38'),(2024,1,'vi','packages/theme/theme','remove','Xóa','2023-03-01 01:08:38','2023-03-01 01:08:38'),(2025,1,'vi','packages/theme/theme','remove_theme','Xóa giao diện','2023-03-01 01:08:38','2023-03-01 01:08:38'),(2026,1,'vi','packages/theme/theme','remove_theme_confirm_message','Bạn có chắc chắn muốn xóa giao diện này?','2023-03-01 01:08:38','2023-03-01 01:08:38'),(2027,1,'vi','packages/theme/theme','remove_theme_confirm_yes','Vâng, xác nhận xóa!','2023-03-01 01:08:38','2023-03-01 01:08:38'),(2028,1,'vi','packages/theme/theme','remove_theme_success','Xóa giao diện thành công!','2023-03-01 01:08:38','2023-03-01 01:08:38'),(2029,1,'vi','packages/theme/theme','settings.description','Cài đặt giao diện','2023-03-01 01:08:38','2023-03-01 01:08:38'),(2030,1,'vi','packages/theme/theme','settings.title','Giao diện','2023-03-01 01:08:38','2023-03-01 01:08:38'),(2031,1,'vi','packages/theme/theme','show_admin_bar','Hiển thị admin bar (khi admin đã đăng nhập, vẫn hiển thị admin bar trên website)?','2023-03-01 01:08:38','2023-03-01 01:08:38'),(2032,1,'vi','packages/theme/theme','total_themes','Tổng số giao diện','2023-03-01 01:08:38','2023-03-01 01:08:38'),(2033,1,'vi','packages/theme/theme','add_new','Thêm mới','2023-03-01 01:08:38','2023-03-01 01:08:38'),(2034,1,'en','packages/widget/global','name','Widgets','2023-03-01 01:08:38','2023-03-01 01:08:38'),(2035,1,'en','packages/widget/global','create','New widget','2023-03-01 01:08:38','2023-03-01 01:08:38'),(2036,1,'en','packages/widget/global','edit','Edit widget','2023-03-01 01:08:38','2023-03-01 01:08:38'),(2037,1,'en','packages/widget/global','delete','Delete','2023-03-01 01:08:38','2023-03-01 01:08:38'),(2038,1,'en','packages/widget/global','available','Available Widgets','2023-03-01 01:08:38','2023-03-01 01:08:38'),(2039,1,'en','packages/widget/global','instruction','To activate a widget drag it to a sidebar or click on it. To deactivate a widget and delete its settings, drag it back.','2023-03-01 01:08:38','2023-03-01 01:08:38'),(2040,1,'en','packages/widget/global','number_tag_display','Number tags will be display','2023-03-01 01:08:38','2023-03-01 01:08:38'),(2041,1,'en','packages/widget/global','number_post_display','Number posts will be display','2023-03-01 01:08:38','2023-03-01 01:08:38'),(2042,1,'en','packages/widget/global','select_menu','Select Menu','2023-03-01 01:08:38','2023-03-01 01:08:38'),(2043,1,'en','packages/widget/global','widget_text','Text','2023-03-01 01:08:38','2023-03-01 01:08:38'),(2044,1,'en','packages/widget/global','widget_text_description','Arbitrary text or HTML.','2023-03-01 01:08:38','2023-03-01 01:08:38'),(2045,1,'en','packages/widget/global','widget_recent_post','Recent Posts','2023-03-01 01:08:38','2023-03-01 01:08:38'),(2046,1,'en','packages/widget/global','widget_recent_post_description','Recent posts widget.','2023-03-01 01:08:38','2023-03-01 01:08:38'),(2047,1,'en','packages/widget/global','widget_custom_menu','Custom Menu','2023-03-01 01:08:38','2023-03-01 01:08:38'),(2048,1,'en','packages/widget/global','widget_custom_menu_description','Add a custom menu to your widget area.','2023-03-01 01:08:38','2023-03-01 01:08:38'),(2049,1,'en','packages/widget/global','widget_tag','Tags','2023-03-01 01:08:38','2023-03-01 01:08:38'),(2050,1,'en','packages/widget/global','widget_tag_description','Popular tags','2023-03-01 01:08:38','2023-03-01 01:08:38'),(2051,1,'en','packages/widget/global','save_success','Save widget successfully!','2023-03-01 01:08:38','2023-03-01 01:08:38'),(2052,1,'en','packages/widget/global','delete_success','Delete widget successfully!','2023-03-01 01:08:38','2023-03-01 01:08:38'),(2053,1,'en','packages/widget/widget','name','Widgets','2023-03-01 01:08:38','2023-03-01 01:08:38'),(2054,1,'en','packages/widget/widget','create','New widget','2023-03-01 01:08:38','2023-03-01 01:08:38'),(2055,1,'en','packages/widget/widget','edit','Edit widget','2023-03-01 01:08:38','2023-03-01 01:08:38'),(2056,1,'en','packages/widget/widget','delete','Delete','2023-03-01 01:08:39','2023-03-01 01:08:39'),(2057,1,'en','packages/widget/widget','available','Available Widgets','2023-03-01 01:08:39','2023-03-01 01:08:39'),(2058,1,'en','packages/widget/widget','instruction','To activate a widget drag it to a sidebar or click on it. To deactivate a widget and delete its settings, drag it back.','2023-03-01 01:08:39','2023-03-01 01:08:39'),(2059,1,'en','packages/widget/widget','number_tag_display','Number tags will be display','2023-03-01 01:08:39','2023-03-01 01:08:39'),(2060,1,'en','packages/widget/widget','number_post_display','Number posts will be display','2023-03-01 01:08:39','2023-03-01 01:08:39'),(2061,1,'en','packages/widget/widget','select_menu','Select Menu','2023-03-01 01:08:39','2023-03-01 01:08:39'),(2062,1,'en','packages/widget/widget','widget_text','Text','2023-03-01 01:08:39','2023-03-01 01:08:39'),(2063,1,'en','packages/widget/widget','widget_text_description','Arbitrary text or HTML.','2023-03-01 01:08:39','2023-03-01 01:08:39'),(2064,1,'en','packages/widget/widget','widget_recent_post','Recent Posts','2023-03-01 01:08:39','2023-03-01 01:08:39'),(2065,1,'en','packages/widget/widget','widget_recent_post_description','Recent posts widget.','2023-03-01 01:08:39','2023-03-01 01:08:39'),(2066,1,'en','packages/widget/widget','widget_custom_menu','Custom Menu','2023-03-01 01:08:39','2023-03-01 01:08:39'),(2067,1,'en','packages/widget/widget','widget_custom_menu_description','Add a custom menu to your widget area.','2023-03-01 01:08:39','2023-03-01 01:08:39'),(2068,1,'en','packages/widget/widget','widget_tag','Tags','2023-03-01 01:08:39','2023-03-01 01:08:39'),(2069,1,'en','packages/widget/widget','widget_tag_description','Popular tags','2023-03-01 01:08:39','2023-03-01 01:08:39'),(2070,1,'en','packages/widget/widget','save_success','Save widget successfully!','2023-03-01 01:08:39','2023-03-01 01:08:39'),(2071,1,'en','packages/widget/widget','delete_success','Delete widget successfully!','2023-03-01 01:08:39','2023-03-01 01:08:39'),(2072,1,'en','packages/widget/widget','primary_sidebar_name','Primary sidebar','2023-03-01 01:08:39','2023-03-01 01:08:39'),(2073,1,'en','packages/widget/widget','primary_sidebar_description','Primary sidebar section','2023-03-01 01:08:39','2023-03-01 01:08:39'),(2074,1,'vi','packages/widget/global','name','Widgets','2023-03-01 01:08:39','2023-03-01 01:08:39'),(2075,1,'vi','packages/widget/global','create','New widget','2023-03-01 01:08:39','2023-03-01 01:08:39'),(2076,1,'vi','packages/widget/global','edit','Edit widget','2023-03-01 01:08:39','2023-03-01 01:08:39'),(2077,1,'vi','packages/widget/global','available','Tiện ích có sẵn','2023-03-01 01:08:39','2023-03-01 01:08:39'),(2078,1,'vi','packages/widget/global','delete','Xóa','2023-03-01 01:08:39','2023-03-01 01:08:39'),(2079,1,'vi','packages/widget/global','instruction','Để kích hoạt tiện ích, hãy kéo nó vào sidebar hoặc nhấn vào nó. Để hủy kích hoạt tiện ích và xóa các thiết lập của tiện ích, kéo nó quay trở lại.','2023-03-01 01:08:39','2023-03-01 01:08:39'),(2080,1,'vi','packages/widget/global','number_post_display','Số bài viết sẽ hiển thị','2023-03-01 01:08:39','2023-03-01 01:08:39'),(2081,1,'vi','packages/widget/global','number_tag_display','Số thẻ sẽ hiển thị','2023-03-01 01:08:39','2023-03-01 01:08:39'),(2082,1,'vi','packages/widget/global','select_menu','Lựa chọn trình đơn','2023-03-01 01:08:39','2023-03-01 01:08:39'),(2083,1,'vi','packages/widget/global','widget_custom_menu','Menu tùy chỉnh','2023-03-01 01:08:39','2023-03-01 01:08:39'),(2084,1,'vi','packages/widget/global','widget_custom_menu_description','Thêm menu tùy chỉnh vào khu vực tiện ích của bạn','2023-03-01 01:08:39','2023-03-01 01:08:39'),(2085,1,'vi','packages/widget/global','widget_recent_post','Bài viết gần đây','2023-03-01 01:08:39','2023-03-01 01:08:39'),(2086,1,'vi','packages/widget/global','widget_recent_post_description','Tiện ích bài viết gần đây','2023-03-01 01:08:39','2023-03-01 01:08:39'),(2087,1,'vi','packages/widget/global','widget_tag','Thẻ','2023-03-01 01:08:39','2023-03-01 01:08:39'),(2088,1,'vi','packages/widget/global','widget_tag_description','Thẻ phổ biến, sử dụng nhiều','2023-03-01 01:08:39','2023-03-01 01:08:39'),(2089,1,'vi','packages/widget/global','widget_text','Văn bản','2023-03-01 01:08:39','2023-03-01 01:08:39'),(2090,1,'vi','packages/widget/global','widget_text_description','Văn bản tùy ý hoặc HTML.','2023-03-01 01:08:39','2023-03-01 01:08:39'),(2091,1,'vi','packages/widget/global','delete_success','Xoá tiện ích thành công','2023-03-01 01:08:39','2023-03-01 01:08:39'),(2092,1,'vi','packages/widget/global','save_success','Lưu tiện ích thành công!','2023-03-01 01:08:39','2023-03-01 01:08:39'),(2093,1,'vi','packages/widget/widget','name','Widgets','2023-03-01 01:08:39','2023-03-01 01:08:39'),(2094,1,'vi','packages/widget/widget','create','New widget','2023-03-01 01:08:39','2023-03-01 01:08:39'),(2095,1,'vi','packages/widget/widget','edit','Edit widget','2023-03-01 01:08:39','2023-03-01 01:08:39'),(2096,1,'vi','packages/widget/widget','available','Tiện ích có sẵn','2023-03-01 01:08:39','2023-03-01 01:08:39'),(2097,1,'vi','packages/widget/widget','delete','Xóa','2023-03-01 01:08:39','2023-03-01 01:08:39'),(2098,1,'vi','packages/widget/widget','instruction','Để kích hoạt tiện ích, hãy kéo nó vào sidebar hoặc nhấn vào nó. Để hủy kích hoạt tiện ích và xóa các thiết lập của tiện ích, kéo nó quay trở lại.','2023-03-01 01:08:39','2023-03-01 01:08:39'),(2099,1,'vi','packages/widget/widget','number_post_display','Số bài viết sẽ hiển thị','2023-03-01 01:08:39','2023-03-01 01:08:39'),(2100,1,'vi','packages/widget/widget','number_tag_display','Số thẻ sẽ hiển thị','2023-03-01 01:08:39','2023-03-01 01:08:39'),(2101,1,'vi','packages/widget/widget','select_menu','Lựa chọn trình đơn','2023-03-01 01:08:39','2023-03-01 01:08:39'),(2102,1,'vi','packages/widget/widget','widget_custom_menu','Menu tùy chỉnh','2023-03-01 01:08:39','2023-03-01 01:08:39'),(2103,1,'vi','packages/widget/widget','widget_custom_menu_description','Thêm menu tùy chỉnh vào khu vực tiện ích của bạn','2023-03-01 01:08:39','2023-03-01 01:08:39'),(2104,1,'vi','packages/widget/widget','widget_recent_post','Bài viết gần đây','2023-03-01 01:08:39','2023-03-01 01:08:39'),(2105,1,'vi','packages/widget/widget','widget_recent_post_description','Tiện ích bài viết gần đây','2023-03-01 01:08:39','2023-03-01 01:08:39'),(2106,1,'vi','packages/widget/widget','widget_tag','Thẻ','2023-03-01 01:08:39','2023-03-01 01:08:39'),(2107,1,'vi','packages/widget/widget','widget_tag_description','Thẻ phổ biến, sử dụng nhiều','2023-03-01 01:08:39','2023-03-01 01:08:39'),(2108,1,'vi','packages/widget/widget','widget_text','Văn bản','2023-03-01 01:08:39','2023-03-01 01:08:39'),(2109,1,'vi','packages/widget/widget','widget_text_description','Văn bản tùy ý hoặc HTML.','2023-03-01 01:08:39','2023-03-01 01:08:39'),(2110,1,'vi','packages/widget/widget','delete_success','Xoá tiện ích thành công','2023-03-01 01:08:39','2023-03-01 01:08:39'),(2111,1,'vi','packages/widget/widget','save_success','Lưu tiện ích thành công!','2023-03-01 01:08:39','2023-03-01 01:08:39'),(2112,1,'en','plugins/ads/ads','name','Ads','2023-03-01 01:08:39','2023-03-01 01:08:39'),(2113,1,'en','plugins/ads/ads','create','New ads','2023-03-01 01:08:39','2023-03-01 01:08:39'),(2114,1,'en','plugins/ads/ads','edit','Edit ads','2023-03-01 01:08:39','2023-03-01 01:08:39'),(2115,1,'en','plugins/ads/ads','location','Location','2023-03-01 01:08:39','2023-03-01 01:08:39'),(2116,1,'en','plugins/ads/ads','url','URL','2023-03-01 01:08:39','2023-03-01 01:08:39'),(2117,1,'en','plugins/ads/ads','expired_at','Expired at','2023-03-01 01:08:39','2023-03-01 01:08:39'),(2118,1,'en','plugins/ads/ads','key','Key','2023-03-01 01:08:39','2023-03-01 01:08:39'),(2119,1,'en','plugins/ads/ads','shortcode','Shortcode','2023-03-01 01:08:39','2023-03-01 01:08:39'),(2120,1,'en','plugins/ads/ads','clicked','Clicked','2023-03-01 01:08:39','2023-03-01 01:08:39'),(2121,1,'en','plugins/ads/ads','not_set','Not set','2023-03-01 01:08:39','2023-03-01 01:08:39'),(2122,1,'en','plugins/ads/ads','adblock_warning','If you are using Adblock browser extension, you need to disable this extension on your site first. It may block your ads if it is enabled on your site! <br /> Tips: Image name SHOULD NOT contain some ads keywords (ad, promotion...)','2023-03-01 01:08:39','2023-03-01 01:08:39'),(2123,1,'en','plugins/ads/ads','select_ad','Select Ad','2023-03-01 01:08:39','2023-03-01 01:08:39'),(2124,1,'en','plugins/analytics/analytics','sessions','Sessions','2023-03-01 01:08:39','2023-03-01 01:08:39'),(2125,1,'en','plugins/analytics/analytics','visitors','Visitors','2023-03-01 01:08:39','2023-03-01 01:08:39'),(2126,1,'en','plugins/analytics/analytics','pageviews','Pageviews','2023-03-01 01:08:39','2023-03-01 01:08:39'),(2127,1,'en','plugins/analytics/analytics','bounce_rate','Bounce Rate','2023-03-01 01:08:39','2023-03-01 01:08:39'),(2128,1,'en','plugins/analytics/analytics','page_session','Pages/Session','2023-03-01 01:08:39','2023-03-01 01:08:39'),(2129,1,'en','plugins/analytics/analytics','avg_duration','Avg. Duration','2023-03-01 01:08:39','2023-03-01 01:08:39'),(2130,1,'en','plugins/analytics/analytics','percent_new_session','Percent new session','2023-03-01 01:08:39','2023-03-01 01:08:39'),(2131,1,'en','plugins/analytics/analytics','new_users','New visitors','2023-03-01 01:08:39','2023-03-01 01:08:39'),(2132,1,'en','plugins/analytics/analytics','visits','visits','2023-03-01 01:08:39','2023-03-01 01:08:39'),(2133,1,'en','plugins/analytics/analytics','views','views','2023-03-01 01:08:39','2023-03-01 01:08:39'),(2134,1,'en','plugins/analytics/analytics','property_id_not_specified','You must provide a valid view id. The document here: <a href=\"https://docs.botble.com/cms/master/plugin-analytics\" target=\"_blank\">https://docs.botble.com/cms/master/plugin-analytics</a>','2023-03-01 01:08:39','2023-03-01 01:08:39'),(2135,1,'en','plugins/analytics/analytics','credential_is_not_valid','Analytics credentials is not valid. The document here: <a href=\"https://docs.botble.com/cms/master/plugin-analytics\" target=\"_blank\">https://docs.botble.com/cms/master/plugin-analytics</a>','2023-03-01 01:08:39','2023-03-01 01:08:39'),(2136,1,'en','plugins/analytics/analytics','start_date_can_not_before_end_date','Start date :start_date cannot be after end date :end_date','2023-03-01 01:08:39','2023-03-01 01:08:39'),(2137,1,'en','plugins/analytics/analytics','wrong_configuration','To view analytics you\'ll need to get a Google Analytics client id and add it to your settings. <br /> You also need JSON credential data. <br /> The document here: <a href=\"https://docs.botble.com/cms/master/plugin-analytics\" target=\"_blank\">https://docs.botble.com/cms/master/plugin-analytics</a>','2023-03-01 01:08:39','2023-03-01 01:08:39'),(2138,1,'en','plugins/analytics/analytics','settings.title','Google Analytics','2023-03-01 01:08:39','2023-03-01 01:08:39'),(2139,1,'en','plugins/analytics/analytics','settings.description','Config Credentials for Google Analytics','2023-03-01 01:08:39','2023-03-01 01:08:39'),(2140,1,'en','plugins/analytics/analytics','settings.tracking_code','Measurement ID / Tracking ID','2023-03-01 01:08:39','2023-03-01 01:08:39'),(2141,1,'en','plugins/analytics/analytics','settings.tracking_code_placeholder','Example: G-76NX8HY29D','2023-03-01 01:08:39','2023-03-01 01:08:39'),(2142,1,'en','plugins/analytics/analytics','settings.view_id','View ID for UA','2023-03-01 01:08:39','2023-03-01 01:08:39'),(2143,1,'en','plugins/analytics/analytics','settings.view_id_description','Google Analytics View ID (UA)','2023-03-01 01:08:39','2023-03-01 01:08:39'),(2144,1,'en','plugins/analytics/analytics','settings.analytics_property_id','Property ID for GA4','2023-03-01 01:08:39','2023-03-01 01:08:39'),(2145,1,'en','plugins/analytics/analytics','settings.analytics_property_id_description','Google Analytics Property ID (GA4)','2023-03-01 01:08:39','2023-03-01 01:08:39'),(2146,1,'en','plugins/analytics/analytics','settings.json_credential','Service Account Credentials','2023-03-01 01:08:39','2023-03-01 01:08:39'),(2147,1,'en','plugins/analytics/analytics','settings.json_credential_description','Service Account Credentials','2023-03-01 01:08:39','2023-03-01 01:08:39'),(2148,1,'en','plugins/analytics/analytics','settings.type','Type','2023-03-01 01:08:39','2023-03-01 01:08:39'),(2149,1,'en','plugins/analytics/analytics','settings.ua_description','Universal Analytics','2023-03-01 01:08:39','2023-03-01 01:08:39'),(2150,1,'en','plugins/analytics/analytics','settings.ga4_description','Google Analytics 4 (GA4)','2023-03-01 01:08:39','2023-03-01 01:08:39'),(2151,1,'en','plugins/analytics/analytics','widget_analytics_page','Top Most Visit Pages','2023-03-01 01:08:39','2023-03-01 01:08:39'),(2152,1,'en','plugins/analytics/analytics','widget_analytics_browser','Top Browsers','2023-03-01 01:08:39','2023-03-01 01:08:39'),(2153,1,'en','plugins/analytics/analytics','widget_analytics_referrer','Top Referrers','2023-03-01 01:08:39','2023-03-01 01:08:39'),(2154,1,'en','plugins/analytics/analytics','widget_analytics_general','Site Analytics','2023-03-01 01:08:39','2023-03-01 01:08:39'),(2155,1,'vi','plugins/analytics/analytics','avg_duration','Trung bình','2023-03-01 01:08:39','2023-03-01 01:08:39'),(2156,1,'vi','plugins/analytics/analytics','bounce_rate','Tỉ lệ thoát','2023-03-01 01:08:39','2023-03-01 01:08:39'),(2157,1,'vi','plugins/analytics/analytics','page_session','Trang/Phiên','2023-03-01 01:08:39','2023-03-01 01:08:39'),(2158,1,'vi','plugins/analytics/analytics','pageviews','Lượt xem','2023-03-01 01:08:39','2023-03-01 01:08:39'),(2159,1,'vi','plugins/analytics/analytics','sessions','Phiên','2023-03-01 01:08:39','2023-03-01 01:08:39'),(2160,1,'vi','plugins/analytics/analytics','views','lượt xem','2023-03-01 01:08:39','2023-03-01 01:08:39'),(2161,1,'vi','plugins/analytics/analytics','visitors','Người truy cập','2023-03-01 01:08:39','2023-03-01 01:08:39'),(2162,1,'vi','plugins/analytics/analytics','visits','lượt ghé thăm','2023-03-01 01:08:39','2023-03-01 01:08:39'),(2163,1,'vi','plugins/analytics/analytics','credential_is_not_valid','Thông tin cài đặt không hợp lệ. Tài liệu hướng dẫn tại đây: <a href=\"https://docs.botble.com/cms/master/plugin-analytics\" target=\"_blank\">https://docs.botble.com/cms/master/plugin-analytics</a>','2023-03-01 01:08:39','2023-03-01 01:08:39'),(2164,1,'vi','plugins/analytics/analytics','new_users','Lượt khách mới','2023-03-01 01:08:39','2023-03-01 01:08:39'),(2165,1,'vi','plugins/analytics/analytics','percent_new_session','Tỉ lệ khách mới','2023-03-01 01:08:39','2023-03-01 01:08:39'),(2166,1,'vi','plugins/analytics/analytics','start_date_can_not_before_end_date','Ngày bắt đầu :start_date không thể sau ngày kết thúc :end_date','2023-03-01 01:08:39','2023-03-01 01:08:39'),(2167,1,'vi','plugins/analytics/analytics','view_id_not_specified','Bạn phải cung cấp View ID hợp lê. Tài liệu hướng dẫn tại đây: <a href=\"https://docs.botble.com/cms/master/plugin-analytics\" target=\"_blank\">https://docs.botble.com/cms/master/plugin-analytics</a>','2023-03-01 01:08:39','2023-03-01 01:08:39'),(2168,1,'vi','plugins/analytics/analytics','wrong_configuration','Để xem dữ liệu thống kê Google Analytics, bạn cần lấy thông tin Client ID và thêm nó vào trong phần cài đặt. Bạn cũng cần thông tin xác thực dạng JSON. Tài liệu hướng dẫn tại đây: <a href=\"https://docs.botble.com/cms/master/plugin-analytics\" target=\"_blank\">https://docs.botble.com/cms/master/plugin-analytics</a>','2023-03-01 01:08:39','2023-03-01 01:08:39'),(2169,1,'vi','plugins/analytics/analytics','settings.title','Google Analytics','2023-03-01 01:08:39','2023-03-01 01:08:39'),(2170,1,'vi','plugins/analytics/analytics','settings.description','Config Credentials for Google Analytics','2023-03-01 01:08:39','2023-03-01 01:08:39'),(2171,1,'vi','plugins/analytics/analytics','settings.tracking_code','Tracking Code','2023-03-01 01:08:39','2023-03-01 01:08:39'),(2172,1,'vi','plugins/analytics/analytics','settings.tracking_code_placeholder','Example: GA-12586526-8','2023-03-01 01:08:39','2023-03-01 01:08:39'),(2173,1,'vi','plugins/analytics/analytics','settings.view_id','View ID','2023-03-01 01:08:39','2023-03-01 01:08:39'),(2174,1,'vi','plugins/analytics/analytics','settings.view_id_description','Google Analytics View ID','2023-03-01 01:08:39','2023-03-01 01:08:39'),(2175,1,'vi','plugins/analytics/analytics','settings.json_credential','Service Account Credentials','2023-03-01 01:08:39','2023-03-01 01:08:39'),(2176,1,'vi','plugins/analytics/analytics','settings.json_credential_description','Service Account Credentials','2023-03-01 01:08:39','2023-03-01 01:08:39'),(2177,1,'vi','plugins/analytics/analytics','widget_analytics_browser','Trình duyệt truy cập nhiều','2023-03-01 01:08:39','2023-03-01 01:08:39'),(2178,1,'vi','plugins/analytics/analytics','widget_analytics_general','Thống kê truy cập','2023-03-01 01:08:39','2023-03-01 01:08:39'),(2179,1,'vi','plugins/analytics/analytics','widget_analytics_page','Trang được xem nhiều nhất','2023-03-01 01:08:39','2023-03-01 01:08:39'),(2180,1,'vi','plugins/analytics/analytics','widget_analytics_referrer','Trang giới thiệu nhiều','2023-03-01 01:08:39','2023-03-01 01:08:39'),(2181,1,'en','plugins/audit-log/history','name','Activities Logs','2023-03-01 01:08:39','2023-03-01 01:08:39'),(2182,1,'en','plugins/audit-log/history','created','created','2023-03-01 01:08:39','2023-03-01 01:08:39'),(2183,1,'en','plugins/audit-log/history','updated','updated','2023-03-01 01:08:39','2023-03-01 01:08:39'),(2184,1,'en','plugins/audit-log/history','deleted','deleted','2023-03-01 01:08:39','2023-03-01 01:08:39'),(2185,1,'en','plugins/audit-log/history','logged in','logged in','2023-03-01 01:08:39','2023-03-01 01:08:39'),(2186,1,'en','plugins/audit-log/history','logged out','logged out','2023-03-01 01:08:39','2023-03-01 01:08:39'),(2187,1,'en','plugins/audit-log/history','changed password','changed password','2023-03-01 01:08:39','2023-03-01 01:08:39'),(2188,1,'en','plugins/audit-log/history','updated profile','updated profile','2023-03-01 01:08:39','2023-03-01 01:08:39'),(2189,1,'en','plugins/audit-log/history','attached','attached','2023-03-01 01:08:39','2023-03-01 01:08:39'),(2190,1,'en','plugins/audit-log/history','shared','shared','2023-03-01 01:08:39','2023-03-01 01:08:39'),(2191,1,'en','plugins/audit-log/history','to the system','to the system','2023-03-01 01:08:39','2023-03-01 01:08:39'),(2192,1,'en','plugins/audit-log/history','of the system','of the system','2023-03-01 01:08:39','2023-03-01 01:08:39'),(2193,1,'en','plugins/audit-log/history','menu','menu','2023-03-01 01:08:39','2023-03-01 01:08:39'),(2194,1,'en','plugins/audit-log/history','post','post','2023-03-01 01:08:40','2023-03-01 01:08:40'),(2195,1,'en','plugins/audit-log/history','page','page','2023-03-01 01:08:40','2023-03-01 01:08:40'),(2196,1,'en','plugins/audit-log/history','category','category','2023-03-01 01:08:40','2023-03-01 01:08:40'),(2197,1,'en','plugins/audit-log/history','tag','tag','2023-03-01 01:08:40','2023-03-01 01:08:40'),(2198,1,'en','plugins/audit-log/history','user','user','2023-03-01 01:08:40','2023-03-01 01:08:40'),(2199,1,'en','plugins/audit-log/history','contact','contact','2023-03-01 01:08:40','2023-03-01 01:08:40'),(2200,1,'en','plugins/audit-log/history','backup','backup','2023-03-01 01:08:40','2023-03-01 01:08:40'),(2201,1,'en','plugins/audit-log/history','custom-field','custom field','2023-03-01 01:08:40','2023-03-01 01:08:40'),(2202,1,'en','plugins/audit-log/history','widget_audit_logs','Activities Logs','2023-03-01 01:08:40','2023-03-01 01:08:40'),(2203,1,'en','plugins/audit-log/history','action','Action','2023-03-01 01:08:40','2023-03-01 01:08:40'),(2204,1,'en','plugins/audit-log/history','user_agent','User Agent','2023-03-01 01:08:40','2023-03-01 01:08:40'),(2205,1,'en','plugins/audit-log/history','system','System','2023-03-01 01:08:40','2023-03-01 01:08:40'),(2206,1,'en','plugins/audit-log/history','delete_all','Delete all records','2023-03-01 01:08:40','2023-03-01 01:08:40'),(2207,1,'vi','plugins/audit-log/history','name','Lịch sử hoạt động','2023-03-01 01:08:40','2023-03-01 01:08:40'),(2208,1,'vi','plugins/audit-log/history','created',' đã tạo','2023-03-01 01:08:40','2023-03-01 01:08:40'),(2209,1,'vi','plugins/audit-log/history','updated',' đã cập nhật','2023-03-01 01:08:40','2023-03-01 01:08:40'),(2210,1,'vi','plugins/audit-log/history','deleted',' đã xóa','2023-03-01 01:08:40','2023-03-01 01:08:40'),(2211,1,'vi','plugins/audit-log/history','attached','đính kèm','2023-03-01 01:08:40','2023-03-01 01:08:40'),(2212,1,'vi','plugins/audit-log/history','backup','sao lưu','2023-03-01 01:08:40','2023-03-01 01:08:40'),(2213,1,'vi','plugins/audit-log/history','category','danh mục','2023-03-01 01:08:40','2023-03-01 01:08:40'),(2214,1,'vi','plugins/audit-log/history','changed password','thay đổi mật khẩu','2023-03-01 01:08:40','2023-03-01 01:08:40'),(2215,1,'vi','plugins/audit-log/history','contact','liên hệ','2023-03-01 01:08:40','2023-03-01 01:08:40'),(2216,1,'vi','plugins/audit-log/history','custom-field','khung mở rộng','2023-03-01 01:08:40','2023-03-01 01:08:40'),(2217,1,'vi','plugins/audit-log/history','logged in','đăng nhập','2023-03-01 01:08:40','2023-03-01 01:08:40'),(2218,1,'vi','plugins/audit-log/history','logged out','đăng xuất','2023-03-01 01:08:40','2023-03-01 01:08:40'),(2219,1,'vi','plugins/audit-log/history','menu','trình đơn','2023-03-01 01:08:40','2023-03-01 01:08:40'),(2220,1,'vi','plugins/audit-log/history','of the system','khỏi hệ thống','2023-03-01 01:08:40','2023-03-01 01:08:40'),(2221,1,'vi','plugins/audit-log/history','page','trang','2023-03-01 01:08:40','2023-03-01 01:08:40'),(2222,1,'vi','plugins/audit-log/history','post','bài viết','2023-03-01 01:08:40','2023-03-01 01:08:40'),(2223,1,'vi','plugins/audit-log/history','shared','đã chia sẻ','2023-03-01 01:08:40','2023-03-01 01:08:40'),(2224,1,'vi','plugins/audit-log/history','tag','thẻ','2023-03-01 01:08:40','2023-03-01 01:08:40'),(2225,1,'vi','plugins/audit-log/history','to the system','vào hệ thống','2023-03-01 01:08:40','2023-03-01 01:08:40'),(2226,1,'vi','plugins/audit-log/history','updated profile','cập nhật tài khoản','2023-03-01 01:08:40','2023-03-01 01:08:40'),(2227,1,'vi','plugins/audit-log/history','user','thành viên','2023-03-01 01:08:40','2023-03-01 01:08:40'),(2228,1,'vi','plugins/audit-log/history','widget_audit_logs','Lịch sử hoạt động','2023-03-01 01:08:40','2023-03-01 01:08:40'),(2229,1,'vi','plugins/audit-log/history','system','Hệ thống','2023-03-01 01:08:40','2023-03-01 01:08:40'),(2230,1,'vi','plugins/audit-log/history','action','Hành động','2023-03-01 01:08:40','2023-03-01 01:08:40'),(2231,1,'vi','plugins/audit-log/history','delete_all','Xóa tất cả bản ghi','2023-03-01 01:08:40','2023-03-01 01:08:40'),(2232,1,'vi','plugins/audit-log/history','user_agent','User Agent','2023-03-01 01:08:40','2023-03-01 01:08:40'),(2233,1,'en','plugins/backup/backup','name','Backup','2023-03-01 01:08:40','2023-03-01 01:08:40'),(2234,1,'en','plugins/backup/backup','backup_description','Backup database and uploads folder.','2023-03-01 01:08:40','2023-03-01 01:08:40'),(2235,1,'en','plugins/backup/backup','create_backup_success','Created backup successfully!','2023-03-01 01:08:40','2023-03-01 01:08:40'),(2236,1,'en','plugins/backup/backup','delete_backup_success','Delete backup successfully!','2023-03-01 01:08:40','2023-03-01 01:08:40'),(2237,1,'en','plugins/backup/backup','restore_backup_success','Restore backup successfully!','2023-03-01 01:08:40','2023-03-01 01:08:40'),(2238,1,'en','plugins/backup/backup','generate_btn','Generate backup','2023-03-01 01:08:40','2023-03-01 01:08:40'),(2239,1,'en','plugins/backup/backup','create','Create a backup','2023-03-01 01:08:40','2023-03-01 01:08:40'),(2240,1,'en','plugins/backup/backup','restore','Restore a backup','2023-03-01 01:08:40','2023-03-01 01:08:40'),(2241,1,'en','plugins/backup/backup','create_btn','Create','2023-03-01 01:08:40','2023-03-01 01:08:40'),(2242,1,'en','plugins/backup/backup','restore_btn','Restore','2023-03-01 01:08:40','2023-03-01 01:08:40'),(2243,1,'en','plugins/backup/backup','restore_confirm_msg','Do you really want to restore this revision?','2023-03-01 01:08:40','2023-03-01 01:08:40'),(2244,1,'en','plugins/backup/backup','download_uploads_folder','Download backup of uploads folder','2023-03-01 01:08:40','2023-03-01 01:08:40'),(2245,1,'en','plugins/backup/backup','download_database','Download backup of database','2023-03-01 01:08:40','2023-03-01 01:08:40'),(2246,1,'en','plugins/backup/backup','restore_tooltip','Restore this backup','2023-03-01 01:08:40','2023-03-01 01:08:40'),(2247,1,'en','plugins/backup/backup','demo_alert','Hi guest, if you see demo site is destroyed, please help me <a href=\":link\">go here</a> and restore demo site to the latest revision! Thank you so much!','2023-03-01 01:08:40','2023-03-01 01:08:40'),(2248,1,'en','plugins/backup/backup','menu_name','Backups','2023-03-01 01:08:40','2023-03-01 01:08:40'),(2249,1,'en','plugins/backup/backup','size','Size','2023-03-01 01:08:40','2023-03-01 01:08:40'),(2250,1,'en','plugins/backup/backup','no_backups','There is no backup now!','2023-03-01 01:08:40','2023-03-01 01:08:40'),(2251,1,'en','plugins/backup/backup','proc_open_disabled_error','Function <strong>proc_open()</strong> has been disabled so the system cannot backup the database. Please contact your hosting provider to enable it.','2023-03-01 01:08:40','2023-03-01 01:08:40'),(2252,1,'en','plugins/backup/backup','database_backup_not_existed','Backup database is not existed!','2023-03-01 01:08:40','2023-03-01 01:08:40'),(2253,1,'en','plugins/backup/backup','uploads_folder_backup_not_existed','Backup uploads folder is not existed!','2023-03-01 01:08:40','2023-03-01 01:08:40'),(2254,1,'en','plugins/backup/backup','important_message1','This is a simple backup feature, it is a solution for you if your site has < 1GB data and can be used for quickly backup your site.','2023-03-01 01:08:40','2023-03-01 01:08:40'),(2255,1,'en','plugins/backup/backup','important_message2','If you have more than 1GB images/files in local storage, you should use backup feature of your hosting or VPS.','2023-03-01 01:08:40','2023-03-01 01:08:40'),(2256,1,'en','plugins/backup/backup','important_message3','To backup your database, function <strong>proc_open()</strong> or <strong>system()</strong> must be enabled. Contact your hosting provider to enable it if it is disabled.','2023-03-01 01:08:40','2023-03-01 01:08:40'),(2257,1,'en','plugins/backup/backup','important_message4','It is not a full backup, it is just back up uploaded files and your database.','2023-03-01 01:08:40','2023-03-01 01:08:40'),(2258,1,'en','plugins/backup/backup','cannot_restore_database','Cannot restore database. The database backup is missing!','2023-03-01 01:08:40','2023-03-01 01:08:40'),(2259,1,'vi','plugins/backup/backup','backup_description','Sao lưu cơ sở dữ liệu và thư mục /uploads','2023-03-01 01:08:40','2023-03-01 01:08:40'),(2260,1,'vi','plugins/backup/backup','create','Tạo bản sao lưu','2023-03-01 01:08:40','2023-03-01 01:08:40'),(2261,1,'vi','plugins/backup/backup','create_backup_success','Tạo bản sao lưu thành công!','2023-03-01 01:08:40','2023-03-01 01:08:40'),(2262,1,'vi','plugins/backup/backup','create_btn','Tạo','2023-03-01 01:08:40','2023-03-01 01:08:40'),(2263,1,'vi','plugins/backup/backup','delete_backup_success','Xóa bản sao lưu thành công!','2023-03-01 01:08:40','2023-03-01 01:08:40'),(2264,1,'vi','plugins/backup/backup','generate_btn','Tạo sao lưu','2023-03-01 01:08:40','2023-03-01 01:08:40'),(2265,1,'vi','plugins/backup/backup','name','Sao lưu','2023-03-01 01:08:40','2023-03-01 01:08:40'),(2266,1,'vi','plugins/backup/backup','restore','Khôi phục bản sao lưu','2023-03-01 01:08:40','2023-03-01 01:08:40'),(2267,1,'vi','plugins/backup/backup','restore_backup_success','Khôi phục bản sao lưu thành công','2023-03-01 01:08:40','2023-03-01 01:08:40'),(2268,1,'vi','plugins/backup/backup','restore_btn','Khôi phục','2023-03-01 01:08:40','2023-03-01 01:08:40'),(2269,1,'vi','plugins/backup/backup','restore_confirm_msg','Bạn có chắc chắn muốn khôi phục hệ thống về thời điểm tạo bản sao lưu này?','2023-03-01 01:08:40','2023-03-01 01:08:40'),(2270,1,'vi','plugins/backup/backup','restore_tooltip','Khôi phục bản sao lưu này','2023-03-01 01:08:40','2023-03-01 01:08:40'),(2271,1,'vi','plugins/backup/backup','download_database','Tải về bản sao lưu CSDL','2023-03-01 01:08:40','2023-03-01 01:08:40'),(2272,1,'vi','plugins/backup/backup','download_uploads_folder','Tải về bản sao lưu thư mục uploads','2023-03-01 01:08:40','2023-03-01 01:08:40'),(2273,1,'vi','plugins/backup/backup','menu_name','Sao lưu','2023-03-01 01:08:40','2023-03-01 01:08:40'),(2274,1,'vi','plugins/backup/backup','demo_alert','Chào khách, nếu bạn thấy trang demo bị phá hoại, hãy tới <a href=\":link\">trang sao lưu</a> và khôi phục bản sao lưu cuối cùng. Cảm ơn bạn nhiều!','2023-03-01 01:08:40','2023-03-01 01:08:40'),(2275,1,'en','plugins/blog/base','menu_name','Blog','2023-03-01 01:08:40','2023-03-01 01:08:40'),(2276,1,'en','plugins/blog/base','blog_page','Blog Page','2023-03-01 01:08:40','2023-03-01 01:08:40'),(2277,1,'en','plugins/blog/base','select','-- Select --','2023-03-01 01:08:40','2023-03-01 01:08:40'),(2278,1,'en','plugins/blog/base','blog_page_id','Blog page','2023-03-01 01:08:40','2023-03-01 01:08:40'),(2279,1,'en','plugins/blog/base','number_posts_per_page','Number posts per page','2023-03-01 01:08:40','2023-03-01 01:08:40'),(2280,1,'en','plugins/blog/base','write_some_tags','Write some tags','2023-03-01 01:08:40','2023-03-01 01:08:40'),(2281,1,'en','plugins/blog/base','short_code_name','Blog posts','2023-03-01 01:08:40','2023-03-01 01:08:40'),(2282,1,'en','plugins/blog/base','short_code_description','Add blog posts','2023-03-01 01:08:40','2023-03-01 01:08:40'),(2283,1,'en','plugins/blog/base','number_posts_per_page_in_category','Number of posts per page in a category','2023-03-01 01:08:40','2023-03-01 01:08:40'),(2284,1,'en','plugins/blog/base','number_posts_per_page_in_tag','Number of posts per page in a tag','2023-03-01 01:08:40','2023-03-01 01:08:40'),(2285,1,'en','plugins/blog/base','settings.title','Blog','2023-03-01 01:08:40','2023-03-01 01:08:40'),(2286,1,'en','plugins/blog/base','settings.description','Settings for Blog','2023-03-01 01:08:40','2023-03-01 01:08:40'),(2287,1,'en','plugins/blog/base','settings.enable_blog_post_schema','Enable Blog Post Schema?','2023-03-01 01:08:40','2023-03-01 01:08:40'),(2288,1,'en','plugins/blog/base','settings.enable_blog_post_schema_description','Learn more: https://schema.org/Article','2023-03-01 01:08:40','2023-03-01 01:08:40'),(2289,1,'en','plugins/blog/base','settings.schema_type','Schema type','2023-03-01 01:08:40','2023-03-01 01:08:40'),(2290,1,'en','plugins/blog/categories','create','Create new category','2023-03-01 01:08:40','2023-03-01 01:08:40'),(2291,1,'en','plugins/blog/categories','edit','Edit category','2023-03-01 01:08:40','2023-03-01 01:08:40'),(2292,1,'en','plugins/blog/categories','menu','Categories','2023-03-01 01:08:40','2023-03-01 01:08:40'),(2293,1,'en','plugins/blog/categories','edit_this_category','Edit this category','2023-03-01 01:08:40','2023-03-01 01:08:40'),(2294,1,'en','plugins/blog/categories','menu_name','Categories','2023-03-01 01:08:40','2023-03-01 01:08:40'),(2295,1,'en','plugins/blog/categories','none','None','2023-03-01 01:08:40','2023-03-01 01:08:40'),(2296,1,'en','plugins/blog/categories','total_posts','Total posts: :total','2023-03-01 01:08:40','2023-03-01 01:08:40'),(2297,1,'en','plugins/blog/member','dob','Born :date','2023-03-01 01:08:40','2023-03-01 01:08:40'),(2298,1,'en','plugins/blog/member','draft_posts','Draft Posts','2023-03-01 01:08:40','2023-03-01 01:08:40'),(2299,1,'en','plugins/blog/member','pending_posts','Pending Posts','2023-03-01 01:08:40','2023-03-01 01:08:40'),(2300,1,'en','plugins/blog/member','published_posts','Published Posts','2023-03-01 01:08:40','2023-03-01 01:08:40'),(2301,1,'en','plugins/blog/member','posts','Posts','2023-03-01 01:08:40','2023-03-01 01:08:40'),(2302,1,'en','plugins/blog/member','write_post','Write a post','2023-03-01 01:08:40','2023-03-01 01:08:40'),(2303,1,'en','plugins/blog/posts','create','Create new post','2023-03-01 01:08:40','2023-03-01 01:08:40'),(2304,1,'en','plugins/blog/posts','edit','Edit post','2023-03-01 01:08:40','2023-03-01 01:08:40'),(2305,1,'en','plugins/blog/posts','form.name','Name','2023-03-01 01:08:40','2023-03-01 01:08:40'),(2306,1,'en','plugins/blog/posts','form.name_placeholder','Post\'s name (Maximum :c characters)','2023-03-01 01:08:40','2023-03-01 01:08:40'),(2307,1,'en','plugins/blog/posts','form.description','Description','2023-03-01 01:08:40','2023-03-01 01:08:40'),(2308,1,'en','plugins/blog/posts','form.description_placeholder','Short description for post (Maximum :c characters)','2023-03-01 01:08:40','2023-03-01 01:08:40'),(2309,1,'en','plugins/blog/posts','form.categories','Categories','2023-03-01 01:08:40','2023-03-01 01:08:40'),(2310,1,'en','plugins/blog/posts','form.tags','Tags','2023-03-01 01:08:40','2023-03-01 01:08:40'),(2311,1,'en','plugins/blog/posts','form.tags_placeholder','Tags','2023-03-01 01:08:40','2023-03-01 01:08:40'),(2312,1,'en','plugins/blog/posts','form.content','Content','2023-03-01 01:08:40','2023-03-01 01:08:40'),(2313,1,'en','plugins/blog/posts','form.is_featured','Is featured?','2023-03-01 01:08:40','2023-03-01 01:08:40'),(2314,1,'en','plugins/blog/posts','form.note','Note content','2023-03-01 01:08:40','2023-03-01 01:08:40'),(2315,1,'en','plugins/blog/posts','form.format_type','Format','2023-03-01 01:08:40','2023-03-01 01:08:40'),(2316,1,'en','plugins/blog/posts','cannot_delete','Post could not be deleted','2023-03-01 01:08:40','2023-03-01 01:08:40'),(2317,1,'en','plugins/blog/posts','post_deleted','Post deleted','2023-03-01 01:08:40','2023-03-01 01:08:40'),(2318,1,'en','plugins/blog/posts','posts','Posts','2023-03-01 01:08:40','2023-03-01 01:08:40'),(2319,1,'en','plugins/blog/posts','post','Post','2023-03-01 01:08:40','2023-03-01 01:08:40'),(2320,1,'en','plugins/blog/posts','edit_this_post','Edit this post','2023-03-01 01:08:40','2023-03-01 01:08:40'),(2321,1,'en','plugins/blog/posts','no_new_post_now','There is no new post now!','2023-03-01 01:08:40','2023-03-01 01:08:40'),(2322,1,'en','plugins/blog/posts','menu_name','Posts','2023-03-01 01:08:40','2023-03-01 01:08:40'),(2323,1,'en','plugins/blog/posts','widget_posts_recent','Recent Posts','2023-03-01 01:08:40','2023-03-01 01:08:40'),(2324,1,'en','plugins/blog/posts','categories','Categories','2023-03-01 01:08:40','2023-03-01 01:08:40'),(2325,1,'en','plugins/blog/posts','category','Category','2023-03-01 01:08:40','2023-03-01 01:08:40'),(2326,1,'en','plugins/blog/posts','author','Author','2023-03-01 01:08:40','2023-03-01 01:08:40'),(2327,1,'en','plugins/blog/settings','select','-- Select --','2023-03-01 01:08:40','2023-03-01 01:08:40'),(2328,1,'en','plugins/blog/settings','blog_page_id','Blog page','2023-03-01 01:08:40','2023-03-01 01:08:40'),(2329,1,'en','plugins/blog/tags','form.name','Name','2023-03-01 01:08:40','2023-03-01 01:08:40'),(2330,1,'en','plugins/blog/tags','form.name_placeholder','Tag\'s name (Maximum 120 characters)','2023-03-01 01:08:40','2023-03-01 01:08:40'),(2331,1,'en','plugins/blog/tags','form.description','Description','2023-03-01 01:08:40','2023-03-01 01:08:40'),(2332,1,'en','plugins/blog/tags','form.description_placeholder','Short description for tag (Maximum 400 characters)','2023-03-01 01:08:40','2023-03-01 01:08:40'),(2333,1,'en','plugins/blog/tags','form.categories','Categories','2023-03-01 01:08:40','2023-03-01 01:08:40'),(2334,1,'en','plugins/blog/tags','notices.no_select','Please select at least one tag to take this action!','2023-03-01 01:08:40','2023-03-01 01:08:40'),(2335,1,'en','plugins/blog/tags','create','Create new tag','2023-03-01 01:08:40','2023-03-01 01:08:40'),(2336,1,'en','plugins/blog/tags','edit','Edit tag','2023-03-01 01:08:40','2023-03-01 01:08:40'),(2337,1,'en','plugins/blog/tags','cannot_delete','Tag could not be deleted','2023-03-01 01:08:40','2023-03-01 01:08:40'),(2338,1,'en','plugins/blog/tags','deleted','Tag deleted','2023-03-01 01:08:40','2023-03-01 01:08:40'),(2339,1,'en','plugins/blog/tags','menu','Tags','2023-03-01 01:08:40','2023-03-01 01:08:40'),(2340,1,'en','plugins/blog/tags','edit_this_tag','Edit this tag','2023-03-01 01:08:40','2023-03-01 01:08:40'),(2341,1,'en','plugins/blog/tags','menu_name','Tags','2023-03-01 01:08:40','2023-03-01 01:08:40'),(2342,1,'vi','plugins/blog/base','menu_name','Blog','2023-03-01 01:08:40','2023-03-01 01:08:40'),(2343,1,'vi','plugins/blog/base','blog_page','Trang Blog','2023-03-01 01:08:40','2023-03-01 01:08:40'),(2344,1,'vi','plugins/blog/base','select','-- Lựa chọn --','2023-03-01 01:08:40','2023-03-01 01:08:40'),(2345,1,'vi','plugins/blog/base','blog_page_id','Trang Blog','2023-03-01 01:08:40','2023-03-01 01:08:40'),(2346,1,'vi','plugins/blog/categories','create','Thêm danh mục mới','2023-03-01 01:08:40','2023-03-01 01:08:40'),(2347,1,'vi','plugins/blog/categories','edit','Sửa danh mục','2023-03-01 01:08:40','2023-03-01 01:08:40'),(2348,1,'vi','plugins/blog/categories','menu','Danh mục','2023-03-01 01:08:40','2023-03-01 01:08:40'),(2349,1,'vi','plugins/blog/categories','edit_this_category','Sửa danh mục này','2023-03-01 01:08:40','2023-03-01 01:08:40'),(2350,1,'vi','plugins/blog/categories','menu_name','Danh mục','2023-03-01 01:08:40','2023-03-01 01:08:40'),(2351,1,'vi','plugins/blog/categories','none','Không','2023-03-01 01:08:40','2023-03-01 01:08:40'),(2352,1,'vi','plugins/blog/member','dob','Born :date','2023-03-01 01:08:40','2023-03-01 01:08:40'),(2353,1,'vi','plugins/blog/member','draft_posts','Draft Posts','2023-03-01 01:08:40','2023-03-01 01:08:40'),(2354,1,'vi','plugins/blog/member','pending_posts','Pending Posts','2023-03-01 01:08:40','2023-03-01 01:08:40'),(2355,1,'vi','plugins/blog/member','published_posts','Published Posts','2023-03-01 01:08:40','2023-03-01 01:08:40'),(2356,1,'vi','plugins/blog/member','posts','Posts','2023-03-01 01:08:40','2023-03-01 01:08:40'),(2357,1,'vi','plugins/blog/member','write_post','Write a post','2023-03-01 01:08:40','2023-03-01 01:08:40'),(2358,1,'vi','plugins/blog/posts','create','Thêm bài viết','2023-03-01 01:08:40','2023-03-01 01:08:40'),(2359,1,'vi','plugins/blog/posts','edit','Sửa bài viết','2023-03-01 01:08:40','2023-03-01 01:08:40'),(2360,1,'vi','plugins/blog/posts','form.name','Tên','2023-03-01 01:08:40','2023-03-01 01:08:40'),(2361,1,'vi','plugins/blog/posts','form.name_placeholder','Tên bài viết (Tối đa 120 kí tự)','2023-03-01 01:08:40','2023-03-01 01:08:40'),(2362,1,'vi','plugins/blog/posts','form.description','Mô tả','2023-03-01 01:08:40','2023-03-01 01:08:40'),(2363,1,'vi','plugins/blog/posts','form.description_placeholder','Mô tả ngắn cho bài viết (Tối đa 400 kí tự)','2023-03-01 01:08:40','2023-03-01 01:08:40'),(2364,1,'vi','plugins/blog/posts','form.categories','Chuyên mục','2023-03-01 01:08:40','2023-03-01 01:08:40'),(2365,1,'vi','plugins/blog/posts','form.tags','Từ khóa','2023-03-01 01:08:40','2023-03-01 01:08:40'),(2366,1,'vi','plugins/blog/posts','form.tags_placeholder','Thêm từ khóa','2023-03-01 01:08:40','2023-03-01 01:08:40'),(2367,1,'vi','plugins/blog/posts','form.content','Nội dung','2023-03-01 01:08:40','2023-03-01 01:08:40'),(2368,1,'vi','plugins/blog/posts','form.is_featured','Bài viết nổi bật?','2023-03-01 01:08:40','2023-03-01 01:08:40'),(2369,1,'vi','plugins/blog/posts','form.note','Nội dung ghi chú','2023-03-01 01:08:40','2023-03-01 01:08:40'),(2370,1,'vi','plugins/blog/posts','form.format_type','Định dạng','2023-03-01 01:08:40','2023-03-01 01:08:40'),(2371,1,'vi','plugins/blog/posts','post_deleted','Xóa bài viết thành công','2023-03-01 01:08:40','2023-03-01 01:08:40'),(2372,1,'vi','plugins/blog/posts','cannot_delete','Không thể xóa bài viết','2023-03-01 01:08:40','2023-03-01 01:08:40'),(2373,1,'vi','plugins/blog/posts','menu_name','Bài viết','2023-03-01 01:08:40','2023-03-01 01:08:40'),(2374,1,'vi','plugins/blog/posts','edit_this_post','Sửa bài viết này','2023-03-01 01:08:40','2023-03-01 01:08:40'),(2375,1,'vi','plugins/blog/posts','no_new_post_now','Hiện tại không có bài viết mới!','2023-03-01 01:08:40','2023-03-01 01:08:40'),(2376,1,'vi','plugins/blog/posts','posts','Bài viết','2023-03-01 01:08:40','2023-03-01 01:08:40'),(2377,1,'vi','plugins/blog/posts','post','Bài viết','2023-03-01 01:08:40','2023-03-01 01:08:40'),(2378,1,'vi','plugins/blog/posts','widget_posts_recent','Bài viết gần đây','2023-03-01 01:08:40','2023-03-01 01:08:40'),(2379,1,'vi','plugins/blog/posts','author','Tác giả','2023-03-01 01:08:40','2023-03-01 01:08:40'),(2380,1,'vi','plugins/blog/posts','categories','Danh mục','2023-03-01 01:08:40','2023-03-01 01:08:40'),(2381,1,'vi','plugins/blog/posts','category','Danh mục','2023-03-01 01:08:40','2023-03-01 01:08:40'),(2382,1,'vi','plugins/blog/tags','create','Thêm thẻ mới','2023-03-01 01:08:41','2023-03-01 01:08:41'),(2383,1,'vi','plugins/blog/tags','edit','Sửa thẻ','2023-03-01 01:08:41','2023-03-01 01:08:41'),(2384,1,'vi','plugins/blog/tags','form.name','Tên','2023-03-01 01:08:41','2023-03-01 01:08:41'),(2385,1,'vi','plugins/blog/tags','form.name_placeholder','Tên thẻ (Tối đa 120 kí tự)','2023-03-01 01:08:41','2023-03-01 01:08:41'),(2386,1,'vi','plugins/blog/tags','form.description','Mô tả','2023-03-01 01:08:41','2023-03-01 01:08:41'),(2387,1,'vi','plugins/blog/tags','form.description_placeholder','Mô tả ngắn cho tag (Tối đa 400 kí tự)','2023-03-01 01:08:41','2023-03-01 01:08:41'),(2388,1,'vi','plugins/blog/tags','form.categories','Chuyên mục','2023-03-01 01:08:41','2023-03-01 01:08:41'),(2389,1,'vi','plugins/blog/tags','notices.no_select','Chọn ít nhất 1 bài viết để thực hiện hành động này!','2023-03-01 01:08:41','2023-03-01 01:08:41'),(2390,1,'vi','plugins/blog/tags','cannot_delete','Không thể xóa thẻ','2023-03-01 01:08:41','2023-03-01 01:08:41'),(2391,1,'vi','plugins/blog/tags','deleted','Xóa thẻ thành công','2023-03-01 01:08:41','2023-03-01 01:08:41'),(2392,1,'vi','plugins/blog/tags','menu_name','Thẻ','2023-03-01 01:08:41','2023-03-01 01:08:41'),(2393,1,'vi','plugins/blog/tags','edit_this_tag','Sửa thẻ này','2023-03-01 01:08:41','2023-03-01 01:08:41'),(2394,1,'vi','plugins/blog/tags','menu','Thẻ','2023-03-01 01:08:41','2023-03-01 01:08:41'),(2395,1,'en','plugins/captcha/captcha','settings.title','Captcha','2023-03-01 01:08:41','2023-03-01 01:08:41'),(2396,1,'en','plugins/captcha/captcha','settings.description','Settings for Google Captcha','2023-03-01 01:08:41','2023-03-01 01:08:41'),(2397,1,'en','plugins/captcha/captcha','settings.captcha_site_key','Captcha Site Key','2023-03-01 01:08:41','2023-03-01 01:08:41'),(2398,1,'en','plugins/captcha/captcha','settings.captcha_secret','Captcha Secret','2023-03-01 01:08:41','2023-03-01 01:08:41'),(2399,1,'en','plugins/captcha/captcha','settings.enable_captcha','Enable Captcha?','2023-03-01 01:08:41','2023-03-01 01:08:41'),(2400,1,'en','plugins/captcha/captcha','settings.helper','Go here to get credentials https://www.google.com/recaptcha/admin#list.','2023-03-01 01:08:41','2023-03-01 01:08:41'),(2401,1,'en','plugins/captcha/captcha','settings.hide_badge','Hide recaptcha badge (for v3)','2023-03-01 01:08:41','2023-03-01 01:08:41'),(2402,1,'en','plugins/captcha/captcha','settings.type','Type','2023-03-01 01:08:41','2023-03-01 01:08:41'),(2403,1,'en','plugins/captcha/captcha','settings.v2_description','V2 (Verify requests with a challenge)','2023-03-01 01:08:41','2023-03-01 01:08:41'),(2404,1,'en','plugins/captcha/captcha','settings.v3_description','V3 (Verify requests with a score)','2023-03-01 01:08:41','2023-03-01 01:08:41'),(2405,1,'en','plugins/captcha/captcha','failed_validate','Failed to validate the captcha.','2023-03-01 01:08:41','2023-03-01 01:08:41'),(2406,1,'en','plugins/captcha/captcha','numbers.0','Zero','2023-03-01 01:08:41','2023-03-01 01:08:41'),(2407,1,'en','plugins/captcha/captcha','numbers.1','One','2023-03-01 01:08:41','2023-03-01 01:08:41'),(2408,1,'en','plugins/captcha/captcha','numbers.2','Two','2023-03-01 01:08:41','2023-03-01 01:08:41'),(2409,1,'en','plugins/captcha/captcha','numbers.3','Three','2023-03-01 01:08:41','2023-03-01 01:08:41'),(2410,1,'en','plugins/captcha/captcha','numbers.4','Four','2023-03-01 01:08:41','2023-03-01 01:08:41'),(2411,1,'en','plugins/captcha/captcha','numbers.5','Five','2023-03-01 01:08:41','2023-03-01 01:08:41'),(2412,1,'en','plugins/captcha/captcha','numbers.6','Six','2023-03-01 01:08:41','2023-03-01 01:08:41'),(2413,1,'en','plugins/captcha/captcha','numbers.7','Seven','2023-03-01 01:08:41','2023-03-01 01:08:41'),(2414,1,'en','plugins/captcha/captcha','numbers.8','Eight','2023-03-01 01:08:41','2023-03-01 01:08:41'),(2415,1,'en','plugins/captcha/captcha','numbers.9','Nine','2023-03-01 01:08:41','2023-03-01 01:08:41'),(2416,1,'en','plugins/captcha/captcha','numbers.10','Ten','2023-03-01 01:08:41','2023-03-01 01:08:41'),(2417,1,'en','plugins/captcha/captcha','numbers.11','Eleven','2023-03-01 01:08:41','2023-03-01 01:08:41'),(2418,1,'en','plugins/captcha/captcha','numbers.12','Twelve','2023-03-01 01:08:41','2023-03-01 01:08:41'),(2419,1,'en','plugins/captcha/captcha','operands.+','plus','2023-03-01 01:08:41','2023-03-01 01:08:41'),(2420,1,'en','plugins/captcha/captcha','operands.-','minus','2023-03-01 01:08:41','2023-03-01 01:08:41'),(2421,1,'en','plugins/captcha/captcha','operands.*','times','2023-03-01 01:08:41','2023-03-01 01:08:41'),(2422,1,'en','plugins/captcha/captcha','operands./','divided by','2023-03-01 01:08:41','2023-03-01 01:08:41'),(2423,1,'vi','plugins/captcha/captcha','settings.title','Captcha','2023-03-01 01:08:41','2023-03-01 01:08:41'),(2424,1,'vi','plugins/captcha/captcha','settings.description','Cài đặt cho Google Captcha','2023-03-01 01:08:41','2023-03-01 01:08:41'),(2425,1,'vi','plugins/captcha/captcha','settings.captcha_site_key','Captcha Site Key','2023-03-01 01:08:41','2023-03-01 01:08:41'),(2426,1,'vi','plugins/captcha/captcha','settings.captcha_secret','Captcha Secret','2023-03-01 01:08:41','2023-03-01 01:08:41'),(2427,1,'vi','plugins/captcha/captcha','settings.enable_captcha','Bật Captcha?','2023-03-01 01:08:41','2023-03-01 01:08:41'),(2428,1,'vi','plugins/captcha/captcha','settings.helper','Truy cập https://www.google.com/recaptcha/admin#list để lấy thông tin về Site key và Secret.','2023-03-01 01:08:41','2023-03-01 01:08:41'),(2429,1,'en','plugins/contact/contact','menu','Contact','2023-03-01 01:08:41','2023-03-01 01:08:41'),(2430,1,'en','plugins/contact/contact','edit','View contact','2023-03-01 01:08:41','2023-03-01 01:08:41'),(2431,1,'en','plugins/contact/contact','tables.phone','Phone','2023-03-01 01:08:41','2023-03-01 01:08:41'),(2432,1,'en','plugins/contact/contact','tables.email','Email','2023-03-01 01:08:41','2023-03-01 01:08:41'),(2433,1,'en','plugins/contact/contact','tables.full_name','Full Name','2023-03-01 01:08:41','2023-03-01 01:08:41'),(2434,1,'en','plugins/contact/contact','tables.time','Time','2023-03-01 01:08:41','2023-03-01 01:08:41'),(2435,1,'en','plugins/contact/contact','tables.address','Address','2023-03-01 01:08:41','2023-03-01 01:08:41'),(2436,1,'en','plugins/contact/contact','tables.subject','Subject','2023-03-01 01:08:41','2023-03-01 01:08:41'),(2437,1,'en','plugins/contact/contact','tables.content','Content','2023-03-01 01:08:41','2023-03-01 01:08:41'),(2438,1,'en','plugins/contact/contact','contact_information','Contact information','2023-03-01 01:08:41','2023-03-01 01:08:41'),(2439,1,'en','plugins/contact/contact','replies','Replies','2023-03-01 01:08:41','2023-03-01 01:08:41'),(2440,1,'en','plugins/contact/contact','email.header','Email','2023-03-01 01:08:41','2023-03-01 01:08:41'),(2441,1,'en','plugins/contact/contact','email.title','New contact from your site','2023-03-01 01:08:41','2023-03-01 01:08:41'),(2442,1,'en','plugins/contact/contact','form.name.required','Name is required','2023-03-01 01:08:41','2023-03-01 01:08:41'),(2443,1,'en','plugins/contact/contact','form.email.required','Email is required','2023-03-01 01:08:41','2023-03-01 01:08:41'),(2444,1,'en','plugins/contact/contact','form.email.email','The email address is not valid','2023-03-01 01:08:41','2023-03-01 01:08:41'),(2445,1,'en','plugins/contact/contact','form.content.required','Content is required','2023-03-01 01:08:41','2023-03-01 01:08:41'),(2446,1,'en','plugins/contact/contact','contact_sent_from','This contact information sent from','2023-03-01 01:08:41','2023-03-01 01:08:41'),(2447,1,'en','plugins/contact/contact','sender','Sender','2023-03-01 01:08:41','2023-03-01 01:08:41'),(2448,1,'en','plugins/contact/contact','sender_email','Email','2023-03-01 01:08:41','2023-03-01 01:08:41'),(2449,1,'en','plugins/contact/contact','sender_address','Address','2023-03-01 01:08:41','2023-03-01 01:08:41'),(2450,1,'en','plugins/contact/contact','sender_phone','Phone','2023-03-01 01:08:41','2023-03-01 01:08:41'),(2451,1,'en','plugins/contact/contact','message_content','Message content','2023-03-01 01:08:41','2023-03-01 01:08:41'),(2452,1,'en','plugins/contact/contact','sent_from','Email sent from','2023-03-01 01:08:41','2023-03-01 01:08:41'),(2453,1,'en','plugins/contact/contact','form_name','Name','2023-03-01 01:08:41','2023-03-01 01:08:41'),(2454,1,'en','plugins/contact/contact','form_email','Email','2023-03-01 01:08:41','2023-03-01 01:08:41'),(2455,1,'en','plugins/contact/contact','form_address','Address','2023-03-01 01:08:41','2023-03-01 01:08:41'),(2456,1,'en','plugins/contact/contact','form_subject','Subject','2023-03-01 01:08:41','2023-03-01 01:08:41'),(2457,1,'en','plugins/contact/contact','form_phone','Phone','2023-03-01 01:08:41','2023-03-01 01:08:41'),(2458,1,'en','plugins/contact/contact','form_message','Message','2023-03-01 01:08:41','2023-03-01 01:08:41'),(2459,1,'en','plugins/contact/contact','required_field','The field with (<span style=\"color: red\">*</span>) is required.','2023-03-01 01:08:41','2023-03-01 01:08:41'),(2460,1,'en','plugins/contact/contact','send_btn','Send message','2023-03-01 01:08:41','2023-03-01 01:08:41'),(2461,1,'en','plugins/contact/contact','new_msg_notice','You have <span class=\"bold\">:count</span> New Messages','2023-03-01 01:08:41','2023-03-01 01:08:41'),(2462,1,'en','plugins/contact/contact','view_all','View all','2023-03-01 01:08:41','2023-03-01 01:08:41'),(2463,1,'en','plugins/contact/contact','statuses.read','Read','2023-03-01 01:08:41','2023-03-01 01:08:41'),(2464,1,'en','plugins/contact/contact','statuses.unread','Unread','2023-03-01 01:08:41','2023-03-01 01:08:41'),(2465,1,'en','plugins/contact/contact','phone','Phone','2023-03-01 01:08:41','2023-03-01 01:08:41'),(2466,1,'en','plugins/contact/contact','address','Address','2023-03-01 01:08:41','2023-03-01 01:08:41'),(2467,1,'en','plugins/contact/contact','message','Message','2023-03-01 01:08:41','2023-03-01 01:08:41'),(2468,1,'en','plugins/contact/contact','settings.email.title','Contact','2023-03-01 01:08:41','2023-03-01 01:08:41'),(2469,1,'en','plugins/contact/contact','settings.email.description','Contact email configuration','2023-03-01 01:08:41','2023-03-01 01:08:41'),(2470,1,'en','plugins/contact/contact','settings.email.templates.notice_title','Send notice to administrator','2023-03-01 01:08:41','2023-03-01 01:08:41'),(2471,1,'en','plugins/contact/contact','settings.email.templates.notice_description','Email template to send notice to administrator when system get new contact','2023-03-01 01:08:41','2023-03-01 01:08:41'),(2472,1,'en','plugins/contact/contact','settings.title','Contact','2023-03-01 01:08:41','2023-03-01 01:08:41'),(2473,1,'en','plugins/contact/contact','settings.description','Settings for contact plugin','2023-03-01 01:08:41','2023-03-01 01:08:41'),(2474,1,'en','plugins/contact/contact','settings.blacklist_keywords','Blacklist keywords','2023-03-01 01:08:41','2023-03-01 01:08:41'),(2475,1,'en','plugins/contact/contact','settings.blacklist_keywords_placeholder','keywords...','2023-03-01 01:08:41','2023-03-01 01:08:41'),(2476,1,'en','plugins/contact/contact','settings.blacklist_keywords_helper','Blacklist contact requests if it includes those keywords in the content field (separate by comma).','2023-03-01 01:08:41','2023-03-01 01:08:41'),(2477,1,'en','plugins/contact/contact','settings.blacklist_email_domains','Blacklist email domains','2023-03-01 01:08:41','2023-03-01 01:08:41'),(2478,1,'en','plugins/contact/contact','settings.blacklist_email_domains_placeholder','domain...','2023-03-01 01:08:41','2023-03-01 01:08:41'),(2479,1,'en','plugins/contact/contact','settings.blacklist_email_domains_helper','Blacklist contact requests if the email domain is in blacklist domains (separate by comma).','2023-03-01 01:08:41','2023-03-01 01:08:41'),(2480,1,'en','plugins/contact/contact','settings.enable_math_captcha','Enable math captcha?','2023-03-01 01:08:41','2023-03-01 01:08:41'),(2481,1,'en','plugins/contact/contact','no_reply','No reply yet!','2023-03-01 01:08:41','2023-03-01 01:08:41'),(2482,1,'en','plugins/contact/contact','reply','Reply','2023-03-01 01:08:41','2023-03-01 01:08:41'),(2483,1,'en','plugins/contact/contact','send','Send','2023-03-01 01:08:41','2023-03-01 01:08:41'),(2484,1,'en','plugins/contact/contact','shortcode_name','Contact form','2023-03-01 01:08:41','2023-03-01 01:08:41'),(2485,1,'en','plugins/contact/contact','shortcode_description','Add a contact form','2023-03-01 01:08:41','2023-03-01 01:08:41'),(2486,1,'en','plugins/contact/contact','shortcode_content_description','Add shortcode [contact-form][/contact-form] to editor?','2023-03-01 01:08:41','2023-03-01 01:08:41'),(2487,1,'en','plugins/contact/contact','message_sent_success','Message sent successfully!','2023-03-01 01:08:41','2023-03-01 01:08:41'),(2488,1,'vi','plugins/contact/contact','menu','Liên hệ','2023-03-01 01:08:41','2023-03-01 01:08:41'),(2489,1,'vi','plugins/contact/contact','edit','Xem liên hệ','2023-03-01 01:08:41','2023-03-01 01:08:41'),(2490,1,'vi','plugins/contact/contact','tables.phone','Điện thoại','2023-03-01 01:08:41','2023-03-01 01:08:41'),(2491,1,'vi','plugins/contact/contact','tables.email','Email','2023-03-01 01:08:41','2023-03-01 01:08:41'),(2492,1,'vi','plugins/contact/contact','tables.full_name','Họ tên','2023-03-01 01:08:41','2023-03-01 01:08:41'),(2493,1,'vi','plugins/contact/contact','tables.time','Thời gian','2023-03-01 01:08:41','2023-03-01 01:08:41'),(2494,1,'vi','plugins/contact/contact','tables.address','Địa địa chỉ','2023-03-01 01:08:41','2023-03-01 01:08:41'),(2495,1,'vi','plugins/contact/contact','tables.subject','Tiêu đề','2023-03-01 01:08:41','2023-03-01 01:08:41'),(2496,1,'vi','plugins/contact/contact','tables.content','Nội dung','2023-03-01 01:08:41','2023-03-01 01:08:41'),(2497,1,'vi','plugins/contact/contact','contact_information','Thông tin liên hệ','2023-03-01 01:08:41','2023-03-01 01:08:41'),(2498,1,'vi','plugins/contact/contact','email.title','Thông tin liên hệ mới','2023-03-01 01:08:41','2023-03-01 01:08:41'),(2499,1,'vi','plugins/contact/contact','email.header','Email','2023-03-01 01:08:41','2023-03-01 01:08:41'),(2500,1,'vi','plugins/contact/contact','form.name.required','Tên là bắt buộc','2023-03-01 01:08:41','2023-03-01 01:08:41'),(2501,1,'vi','plugins/contact/contact','form.email.required','Email là bắt buộc','2023-03-01 01:08:41','2023-03-01 01:08:41'),(2502,1,'vi','plugins/contact/contact','form.email.email','Địa chỉ email không hợp lệ','2023-03-01 01:08:41','2023-03-01 01:08:41'),(2503,1,'vi','plugins/contact/contact','form.content.required','Nội dung là bắt buộc','2023-03-01 01:08:41','2023-03-01 01:08:41'),(2504,1,'vi','plugins/contact/contact','contact_sent_from','Liên hệ này được gửi từ','2023-03-01 01:08:41','2023-03-01 01:08:41'),(2505,1,'vi','plugins/contact/contact','form_address','Địa chỉ','2023-03-01 01:08:41','2023-03-01 01:08:41'),(2506,1,'vi','plugins/contact/contact','form_email','Thư điện tử','2023-03-01 01:08:41','2023-03-01 01:08:41'),(2507,1,'vi','plugins/contact/contact','form_message','Thông điệp','2023-03-01 01:08:41','2023-03-01 01:08:41'),(2508,1,'vi','plugins/contact/contact','form_name','Họ tên','2023-03-01 01:08:41','2023-03-01 01:08:41'),(2509,1,'vi','plugins/contact/contact','form_phone','Số điện thoại','2023-03-01 01:08:41','2023-03-01 01:08:41'),(2510,1,'vi','plugins/contact/contact','message_content','Nội dung thông điệp','2023-03-01 01:08:41','2023-03-01 01:08:41'),(2511,1,'vi','plugins/contact/contact','required_field','Những trường có dấu (<span style=\"color: red\">*</span>) là bắt buộc.','2023-03-01 01:08:41','2023-03-01 01:08:41'),(2512,1,'vi','plugins/contact/contact','send_btn','Gửi tin nhắn','2023-03-01 01:08:41','2023-03-01 01:08:41'),(2513,1,'vi','plugins/contact/contact','sender','Người gửi','2023-03-01 01:08:41','2023-03-01 01:08:41'),(2514,1,'vi','plugins/contact/contact','sender_address','Địa chỉ','2023-03-01 01:08:41','2023-03-01 01:08:41'),(2515,1,'vi','plugins/contact/contact','sender_email','Thư điện tử','2023-03-01 01:08:41','2023-03-01 01:08:41'),(2516,1,'vi','plugins/contact/contact','sender_phone','Số điện thoại','2023-03-01 01:08:41','2023-03-01 01:08:41'),(2517,1,'vi','plugins/contact/contact','sent_from','Thư được gửi từ','2023-03-01 01:08:41','2023-03-01 01:08:41'),(2518,1,'vi','plugins/contact/contact','address','Địa chỉ','2023-03-01 01:08:41','2023-03-01 01:08:41'),(2519,1,'vi','plugins/contact/contact','message','Liên hệ','2023-03-01 01:08:41','2023-03-01 01:08:41'),(2520,1,'vi','plugins/contact/contact','new_msg_notice','Bạn có <span class=\"bold\">:count</span> tin nhắn mới','2023-03-01 01:08:41','2023-03-01 01:08:41'),(2521,1,'vi','plugins/contact/contact','phone','Điện thoại','2023-03-01 01:08:41','2023-03-01 01:08:41'),(2522,1,'vi','plugins/contact/contact','statuses.read','Đã đọc','2023-03-01 01:08:41','2023-03-01 01:08:41'),(2523,1,'vi','plugins/contact/contact','statuses.unread','Chưa đọc','2023-03-01 01:08:41','2023-03-01 01:08:41'),(2524,1,'vi','plugins/contact/contact','view_all','Xem tất cả','2023-03-01 01:08:41','2023-03-01 01:08:41'),(2525,1,'vi','plugins/contact/contact','settings.email.title','Liên hệ','2023-03-01 01:08:41','2023-03-01 01:08:41'),(2526,1,'vi','plugins/contact/contact','settings.email.description','Cấu hình thông tin cho mục liên hệ','2023-03-01 01:08:41','2023-03-01 01:08:41'),(2527,1,'vi','plugins/contact/contact','settings.email.templates.notice_title','Thông báo tới admin','2023-03-01 01:08:41','2023-03-01 01:08:41'),(2528,1,'vi','plugins/contact/contact','settings.email.templates.notice_description','Mẫu nội dung email gửi tới admin khi có liên hệ mới','2023-03-01 01:08:41','2023-03-01 01:08:41'),(2529,1,'vi','plugins/contact/contact','replies','Trả lời','2023-03-01 01:08:41','2023-03-01 01:08:41'),(2530,1,'vi','plugins/contact/contact','form_subject','Tiêu đề','2023-03-01 01:08:41','2023-03-01 01:08:41'),(2531,1,'en','plugins/cookie-consent/cookie-consent','theme_options.name','Cookie Consent','2023-03-01 01:08:41','2023-03-01 01:08:41'),(2532,1,'en','plugins/cookie-consent/cookie-consent','theme_options.description','Cookie consent settings','2023-03-01 01:08:41','2023-03-01 01:08:41'),(2533,1,'en','plugins/cookie-consent/cookie-consent','theme_options.enable','Enable cookie consent?','2023-03-01 01:08:41','2023-03-01 01:08:41'),(2534,1,'en','plugins/cookie-consent/cookie-consent','theme_options.message','Message','2023-03-01 01:08:41','2023-03-01 01:08:41'),(2535,1,'en','plugins/cookie-consent/cookie-consent','theme_options.button_text','Button text','2023-03-01 01:08:41','2023-03-01 01:08:41'),(2536,1,'en','plugins/cookie-consent/cookie-consent','theme_options.max_width','Max width (px)','2023-03-01 01:08:41','2023-03-01 01:08:41'),(2537,1,'en','plugins/cookie-consent/cookie-consent','theme_options.background_color','Background color','2023-03-01 01:08:41','2023-03-01 01:08:41'),(2538,1,'en','plugins/cookie-consent/cookie-consent','theme_options.text_color','Text color','2023-03-01 01:08:41','2023-03-01 01:08:41'),(2539,1,'en','plugins/cookie-consent/cookie-consent','theme_options.learn_more_url','Learn more URL','2023-03-01 01:08:41','2023-03-01 01:08:41'),(2540,1,'en','plugins/cookie-consent/cookie-consent','theme_options.learn_more_text','Learn more text','2023-03-01 01:08:41','2023-03-01 01:08:41'),(2541,1,'en','plugins/cookie-consent/cookie-consent','theme_options.style','Style','2023-03-01 01:08:42','2023-03-01 01:08:42'),(2542,1,'en','plugins/cookie-consent/cookie-consent','theme_options.full_width','Full width','2023-03-01 01:08:42','2023-03-01 01:08:42'),(2543,1,'en','plugins/cookie-consent/cookie-consent','theme_options.minimal','Minimal','2023-03-01 01:08:42','2023-03-01 01:08:42'),(2544,1,'en','plugins/cookie-consent/cookie-consent','message','Your experience on this site will be improved by allowing cookies.','2023-03-01 01:08:42','2023-03-01 01:08:42'),(2545,1,'en','plugins/cookie-consent/cookie-consent','button_text','Allow cookies','2023-03-01 01:08:42','2023-03-01 01:08:42'),(2546,1,'en','plugins/ecommerce/addresses','address','Address','2023-03-01 01:08:42','2023-03-01 01:08:42'),(2547,1,'en','plugins/ecommerce/addresses','addresses','Addresses','2023-03-01 01:08:42','2023-03-01 01:08:42'),(2548,1,'en','plugins/ecommerce/addresses','address_placeholder','Enter address','2023-03-01 01:08:42','2023-03-01 01:08:42'),(2549,1,'en','plugins/ecommerce/addresses','zip','Zip code','2023-03-01 01:08:42','2023-03-01 01:08:42'),(2550,1,'en','plugins/ecommerce/addresses','zip_placeholder','Enter zip code','2023-03-01 01:08:42','2023-03-01 01:08:42'),(2551,1,'en','plugins/ecommerce/addresses','city','City','2023-03-01 01:08:42','2023-03-01 01:08:42'),(2552,1,'en','plugins/ecommerce/addresses','city_placeholder','Enter city','2023-03-01 01:08:42','2023-03-01 01:08:42'),(2553,1,'en','plugins/ecommerce/addresses','state','State','2023-03-01 01:08:42','2023-03-01 01:08:42'),(2554,1,'en','plugins/ecommerce/addresses','state_placeholder','Enter state','2023-03-01 01:08:42','2023-03-01 01:08:42'),(2555,1,'en','plugins/ecommerce/addresses','country','Country','2023-03-01 01:08:42','2023-03-01 01:08:42'),(2556,1,'en','plugins/ecommerce/addresses','use_this_address_as_default','Use this address as default','2023-03-01 01:08:42','2023-03-01 01:08:42'),(2557,1,'en','plugins/ecommerce/addresses','name','Full name','2023-03-01 01:08:42','2023-03-01 01:08:42'),(2558,1,'en','plugins/ecommerce/addresses','name_placeholder','Enter name','2023-03-01 01:08:42','2023-03-01 01:08:42'),(2559,1,'en','plugins/ecommerce/addresses','phone','Phone','2023-03-01 01:08:42','2023-03-01 01:08:42'),(2560,1,'en','plugins/ecommerce/addresses','phone_placeholder','Enter phone','2023-03-01 01:08:42','2023-03-01 01:08:42'),(2561,1,'en','plugins/ecommerce/addresses','email','Email','2023-03-01 01:08:42','2023-03-01 01:08:42'),(2562,1,'en','plugins/ecommerce/addresses','email_placeholder','Enter email','2023-03-01 01:08:42','2023-03-01 01:08:42'),(2563,1,'en','plugins/ecommerce/addresses','select_state','Select state...','2023-03-01 01:08:42','2023-03-01 01:08:42'),(2564,1,'en','plugins/ecommerce/addresses','select_city','Select city...','2023-03-01 01:08:42','2023-03-01 01:08:42'),(2565,1,'en','plugins/ecommerce/addresses','select_country','Select country...','2023-03-01 01:08:42','2023-03-01 01:08:42'),(2566,1,'en','plugins/ecommerce/addresses','add_address','Add Address','2023-03-01 01:08:42','2023-03-01 01:08:42'),(2567,1,'en','plugins/ecommerce/addresses','new_address','New address','2023-03-01 01:08:42','2023-03-01 01:08:42'),(2568,1,'en','plugins/ecommerce/addresses','edit_address','Edit address','2023-03-01 01:08:42','2023-03-01 01:08:42'),(2569,1,'en','plugins/ecommerce/addresses','action','Action','2023-03-01 01:08:42','2023-03-01 01:08:42'),(2570,1,'en','plugins/ecommerce/addresses','add','Add','2023-03-01 01:08:42','2023-03-01 01:08:42'),(2571,1,'en','plugins/ecommerce/addresses','save','Save','2023-03-01 01:08:42','2023-03-01 01:08:42'),(2572,1,'en','plugins/ecommerce/addresses','no_data','No data to display','2023-03-01 01:08:42','2023-03-01 01:08:42'),(2573,1,'en','plugins/ecommerce/addresses','no_option','No option','2023-03-01 01:08:42','2023-03-01 01:08:42'),(2574,1,'en','plugins/ecommerce/brands','name','Brands','2023-03-01 01:08:42','2023-03-01 01:08:42'),(2575,1,'en','plugins/ecommerce/brands','create','New brand','2023-03-01 01:08:42','2023-03-01 01:08:42'),(2576,1,'en','plugins/ecommerce/brands','edit','Edit brand','2023-03-01 01:08:42','2023-03-01 01:08:42'),(2577,1,'en','plugins/ecommerce/brands','form.name','Name','2023-03-01 01:08:42','2023-03-01 01:08:42'),(2578,1,'en','plugins/ecommerce/brands','form.name_placeholder','Brand\'s name (Maximum 255 characters)','2023-03-01 01:08:42','2023-03-01 01:08:42'),(2579,1,'en','plugins/ecommerce/brands','form.description','Description','2023-03-01 01:08:42','2023-03-01 01:08:42'),(2580,1,'en','plugins/ecommerce/brands','form.description_placeholder','Short description for brand (Maximum 400 characters)','2023-03-01 01:08:42','2023-03-01 01:08:42'),(2581,1,'en','plugins/ecommerce/brands','form.website','Website','2023-03-01 01:08:42','2023-03-01 01:08:42'),(2582,1,'en','plugins/ecommerce/brands','form.logo','Logo','2023-03-01 01:08:42','2023-03-01 01:08:42'),(2583,1,'en','plugins/ecommerce/brands','form.is_featured','Is featured','2023-03-01 01:08:42','2023-03-01 01:08:42'),(2584,1,'en','plugins/ecommerce/brands','logo','Logo','2023-03-01 01:08:42','2023-03-01 01:08:42'),(2585,1,'en','plugins/ecommerce/brands','website','Website','2023-03-01 01:08:42','2023-03-01 01:08:42'),(2586,1,'en','plugins/ecommerce/brands','notices.no_select','Please select at least one record to take this action!','2023-03-01 01:08:42','2023-03-01 01:08:42'),(2587,1,'en','plugins/ecommerce/brands','notices.update_success_message','Update successfully','2023-03-01 01:08:42','2023-03-01 01:08:42'),(2588,1,'en','plugins/ecommerce/brands','cannot_delete','Brand could not be deleted','2023-03-01 01:08:42','2023-03-01 01:08:42'),(2589,1,'en','plugins/ecommerce/brands','brand_deleted','Brand deleted','2023-03-01 01:08:42','2023-03-01 01:08:42'),(2590,1,'en','plugins/ecommerce/brands','menu','Brands','2023-03-01 01:08:42','2023-03-01 01:08:42'),(2591,1,'en','plugins/ecommerce/brands','no_brand','No brand','2023-03-01 01:08:42','2023-03-01 01:08:42'),(2592,1,'en','plugins/ecommerce/brands','intro.title','Manage brands','2023-03-01 01:08:42','2023-03-01 01:08:42'),(2593,1,'en','plugins/ecommerce/brands','intro.description','Manage product brands such as Nike, Adidas, Bitis ...','2023-03-01 01:08:42','2023-03-01 01:08:42'),(2594,1,'en','plugins/ecommerce/brands','intro.button_text','Create brand','2023-03-01 01:08:42','2023-03-01 01:08:42'),(2595,1,'en','plugins/ecommerce/bulk-import','name','Bulk Import','2023-03-01 01:08:42','2023-03-01 01:08:42'),(2596,1,'en','plugins/ecommerce/bulk-import','loading_text','Importing','2023-03-01 01:08:42','2023-03-01 01:08:42'),(2597,1,'en','plugins/ecommerce/bulk-import','imported_successfully','Imported successfully.','2023-03-01 01:08:42','2023-03-01 01:08:42'),(2598,1,'en','plugins/ecommerce/bulk-import','please_choose_the_file_mime','Please choose the file mime :types','2023-03-01 01:08:42','2023-03-01 01:08:42'),(2599,1,'en','plugins/ecommerce/bulk-import','please_choose_the_file','Please choose the file','2023-03-01 01:08:42','2023-03-01 01:08:42'),(2600,1,'en','plugins/ecommerce/bulk-import','start_import','Start Import','2023-03-01 01:08:42','2023-03-01 01:08:42'),(2601,1,'en','plugins/ecommerce/bulk-import','note','Note!','2023-03-01 01:08:42','2023-03-01 01:08:42'),(2602,1,'en','plugins/ecommerce/bulk-import','warning_before_importing','If this is your first time using this feature, please read the documentation or contact the Administrator for access to the correct functionality!','2023-03-01 01:08:42','2023-03-01 01:08:42'),(2603,1,'en','plugins/ecommerce/bulk-import','results','Result: :success successes, :failed failures','2023-03-01 01:08:42','2023-03-01 01:08:42'),(2604,1,'en','plugins/ecommerce/bulk-import','failures','Failures','2023-03-01 01:08:42','2023-03-01 01:08:42'),(2605,1,'en','plugins/ecommerce/bulk-import','tables.import','Import','2023-03-01 01:08:42','2023-03-01 01:08:42'),(2606,1,'en','plugins/ecommerce/bulk-import','template','Template','2023-03-01 01:08:42','2023-03-01 01:08:42'),(2607,1,'en','plugins/ecommerce/bulk-import','rules','Rules','2023-03-01 01:08:42','2023-03-01 01:08:42'),(2608,1,'en','plugins/ecommerce/bulk-import','choose_file_with_mime','Choose file with mime: (:types)','2023-03-01 01:08:42','2023-03-01 01:08:42'),(2609,1,'en','plugins/ecommerce/bulk-import','choose_file','Choose file','2023-03-01 01:08:42','2023-03-01 01:08:42'),(2610,1,'en','plugins/ecommerce/bulk-import','menu','Import products','2023-03-01 01:08:42','2023-03-01 01:08:42'),(2611,1,'en','plugins/ecommerce/bulk-import','download-csv-file','Download CSV template','2023-03-01 01:08:42','2023-03-01 01:08:42'),(2612,1,'en','plugins/ecommerce/bulk-import','download-excel-file','Download Excel template','2023-03-01 01:08:42','2023-03-01 01:08:42'),(2613,1,'en','plugins/ecommerce/bulk-import','downloading','Downloading...','2023-03-01 01:08:42','2023-03-01 01:08:42'),(2614,1,'en','plugins/ecommerce/bulk-import','export.template.input_error','Input error','2023-03-01 01:08:42','2023-03-01 01:08:42'),(2615,1,'en','plugins/ecommerce/bulk-import','export.template.number_not_allowed','Number is not allowed!','2023-03-01 01:08:42','2023-03-01 01:08:42'),(2616,1,'en','plugins/ecommerce/bulk-import','export.template.allowed_input','Allowed input','2023-03-01 01:08:42','2023-03-01 01:08:42'),(2617,1,'en','plugins/ecommerce/bulk-import','export.template.prompt_decimal','Only numbers or decimals are accepted and greater than or equal to :min.','2023-03-01 01:08:42','2023-03-01 01:08:42'),(2618,1,'en','plugins/ecommerce/bulk-import','export.template.prompt_whole_number','Only numbers are accepted and greater than or equal to :min.','2023-03-01 01:08:42','2023-03-01 01:08:42'),(2619,1,'en','plugins/ecommerce/bulk-import','export.template.prompt_list','Please pick a value from the drop-down list.','2023-03-01 01:08:42','2023-03-01 01:08:42'),(2620,1,'en','plugins/ecommerce/bulk-import','export.template.pick_from_list','Pick from list','2023-03-01 01:08:42','2023-03-01 01:08:42'),(2621,1,'en','plugins/ecommerce/bulk-import','export.template.value_not_in_list','Value is not in list.','2023-03-01 01:08:42','2023-03-01 01:08:42'),(2622,1,'en','plugins/ecommerce/bulk-import','import_failed_description','Import failed, please check the errors below!','2023-03-01 01:08:42','2023-03-01 01:08:42'),(2623,1,'en','plugins/ecommerce/bulk-import','column','Column','2023-03-01 01:08:42','2023-03-01 01:08:42'),(2624,1,'en','plugins/ecommerce/bulk-import','row','Row','2023-03-01 01:08:42','2023-03-01 01:08:42'),(2625,1,'en','plugins/ecommerce/bulk-import','attribute','Attribute','2023-03-01 01:08:42','2023-03-01 01:08:42'),(2626,1,'en','plugins/ecommerce/bulk-import','errors','Errors','2023-03-01 01:08:42','2023-03-01 01:08:42'),(2627,1,'en','plugins/ecommerce/bulk-import','import_types.name','Import type','2023-03-01 01:08:42','2023-03-01 01:08:42'),(2628,1,'en','plugins/ecommerce/bulk-import','import_types.all','All','2023-03-01 01:08:42','2023-03-01 01:08:42'),(2629,1,'en','plugins/ecommerce/bulk-import','import_types.products','Products','2023-03-01 01:08:42','2023-03-01 01:08:42'),(2630,1,'en','plugins/ecommerce/bulk-import','import_types.variations','Variations','2023-03-01 01:08:42','2023-03-01 01:08:42'),(2631,1,'en','plugins/ecommerce/currency','currencies','Currencies','2023-03-01 01:08:42','2023-03-01 01:08:42'),(2632,1,'en','plugins/ecommerce/currency','setting_description','List of currencies using on website','2023-03-01 01:08:42','2023-03-01 01:08:42'),(2633,1,'en','plugins/ecommerce/currency','name','Name','2023-03-01 01:08:42','2023-03-01 01:08:42'),(2634,1,'en','plugins/ecommerce/currency','symbol','Symbol','2023-03-01 01:08:42','2023-03-01 01:08:42'),(2635,1,'en','plugins/ecommerce/currency','number_of_decimals','Number of decimals','2023-03-01 01:08:42','2023-03-01 01:08:42'),(2636,1,'en','plugins/ecommerce/currency','exchange_rate','Exchange rate','2023-03-01 01:08:42','2023-03-01 01:08:42'),(2637,1,'en','plugins/ecommerce/currency','is_prefix_symbol','Position of symbol','2023-03-01 01:08:42','2023-03-01 01:08:42'),(2638,1,'en','plugins/ecommerce/currency','is_default','Is default?','2023-03-01 01:08:42','2023-03-01 01:08:42'),(2639,1,'en','plugins/ecommerce/currency','remove','Remove','2023-03-01 01:08:42','2023-03-01 01:08:42'),(2640,1,'en','plugins/ecommerce/currency','new_currency','Add a new currency','2023-03-01 01:08:42','2023-03-01 01:08:42'),(2641,1,'en','plugins/ecommerce/currency','save_settings','Save settings','2023-03-01 01:08:42','2023-03-01 01:08:42'),(2642,1,'en','plugins/ecommerce/currency','before_number','Before number','2023-03-01 01:08:42','2023-03-01 01:08:42'),(2643,1,'en','plugins/ecommerce/currency','after_number','After number','2023-03-01 01:08:42','2023-03-01 01:08:42'),(2644,1,'en','plugins/ecommerce/currency','require_at_least_one_currency','The system requires at least one currency!','2023-03-01 01:08:42','2023-03-01 01:08:42'),(2645,1,'en','plugins/ecommerce/currency','enable_auto_detect_visitor_currency','Enable auto-detect visitor currency?','2023-03-01 01:08:42','2023-03-01 01:08:42'),(2646,1,'en','plugins/ecommerce/currency','add_space_between_price_and_currency','Add a space between price and currency?','2023-03-01 01:08:42','2023-03-01 01:08:42'),(2647,1,'en','plugins/ecommerce/currency','invalid_currency_name','Invalid currency code, it must be in :currencies.','2023-03-01 01:08:42','2023-03-01 01:08:42'),(2648,1,'en','plugins/ecommerce/currency','instruction','Please check list currency code here: https://en.wikipedia.org/wiki/ISO_4217','2023-03-01 01:08:42','2023-03-01 01:08:42'),(2649,1,'en','plugins/ecommerce/currency','code','Code','2023-03-01 01:08:42','2023-03-01 01:08:42'),(2650,1,'en','plugins/ecommerce/customer','name','Customers','2023-03-01 01:08:42','2023-03-01 01:08:42'),(2651,1,'en','plugins/ecommerce/customer','create','Create a customer','2023-03-01 01:08:42','2023-03-01 01:08:42'),(2652,1,'en','plugins/ecommerce/customer','edit','Edit customer \":name\"','2023-03-01 01:08:42','2023-03-01 01:08:42'),(2653,1,'en','plugins/ecommerce/customer','email','Email','2023-03-01 01:08:42','2023-03-01 01:08:42'),(2654,1,'en','plugins/ecommerce/customer','email_placeholder','Ex: example@gmail.com','2023-03-01 01:08:42','2023-03-01 01:08:42'),(2655,1,'en','plugins/ecommerce/customer','password','Password','2023-03-01 01:08:42','2023-03-01 01:08:42'),(2656,1,'en','plugins/ecommerce/customer','change_password','Change password?','2023-03-01 01:08:42','2023-03-01 01:08:42'),(2657,1,'en','plugins/ecommerce/customer','password_confirmation','Password confirmation','2023-03-01 01:08:42','2023-03-01 01:08:42'),(2658,1,'en','plugins/ecommerce/customer','intro.title','Manage customers','2023-03-01 01:08:42','2023-03-01 01:08:42'),(2659,1,'en','plugins/ecommerce/customer','intro.description','When a customer buy your product(s), you will know their order histories.','2023-03-01 01:08:42','2023-03-01 01:08:42'),(2660,1,'en','plugins/ecommerce/customer','intro.button_text','Create customer','2023-03-01 01:08:42','2023-03-01 01:08:42'),(2661,1,'en','plugins/ecommerce/customer','phone','Phone','2023-03-01 01:08:42','2023-03-01 01:08:42'),(2662,1,'en','plugins/ecommerce/customer','phone_placeholder','Phone','2023-03-01 01:08:42','2023-03-01 01:08:42'),(2663,1,'en','plugins/ecommerce/customer','avatar','Avatar','2023-03-01 01:08:42','2023-03-01 01:08:42'),(2664,1,'en','plugins/ecommerce/customer','dob','Date of birth','2023-03-01 01:08:42','2023-03-01 01:08:42'),(2665,1,'en','plugins/ecommerce/customer','statuses.activated','Activated','2023-03-01 01:08:42','2023-03-01 01:08:42'),(2666,1,'en','plugins/ecommerce/customer','statuses.locked','Locked','2023-03-01 01:08:42','2023-03-01 01:08:42'),(2667,1,'en','plugins/ecommerce/customer','email_verified','Email verified?','2023-03-01 01:08:42','2023-03-01 01:08:42'),(2668,1,'en','plugins/ecommerce/customer','verify_email.confirm_heading','Verify email confirmation','2023-03-01 01:08:42','2023-03-01 01:08:42'),(2669,1,'en','plugins/ecommerce/customer','verify_email.confirm_description','Are you sure you want to verify email this customer?','2023-03-01 01:08:42','2023-03-01 01:08:42'),(2670,1,'en','plugins/ecommerce/customer','verify_email.notification','This customer is not verified email yet? :approve_link to verify email.','2023-03-01 01:08:42','2023-03-01 01:08:42'),(2671,1,'en','plugins/ecommerce/customer','verify_email.approve_here','click here','2023-03-01 01:08:42','2023-03-01 01:08:42'),(2672,1,'en','plugins/ecommerce/customer','verify_email.confirm_button','Verify','2023-03-01 01:08:42','2023-03-01 01:08:42'),(2673,1,'en','plugins/ecommerce/discount','name','Discounts','2023-03-01 01:08:42','2023-03-01 01:08:42'),(2674,1,'en','plugins/ecommerce/discount','create','Create discount','2023-03-01 01:08:42','2023-03-01 01:08:42'),(2675,1,'en','plugins/ecommerce/discount','invalid_coupon','This coupon is invalid or expired!','2023-03-01 01:08:42','2023-03-01 01:08:42'),(2676,1,'en','plugins/ecommerce/discount','cannot_use_same_time_with_other_discount_program','Cannot use this coupon in the same time with other discount program!','2023-03-01 01:08:42','2023-03-01 01:08:42'),(2677,1,'en','plugins/ecommerce/discount','not_used','This coupon is not used yet!','2023-03-01 01:08:42','2023-03-01 01:08:42'),(2678,1,'en','plugins/ecommerce/discount','detail','Detail','2023-03-01 01:08:42','2023-03-01 01:08:42'),(2679,1,'en','plugins/ecommerce/discount','used','Used','2023-03-01 01:08:42','2023-03-01 01:08:42'),(2680,1,'en','plugins/ecommerce/discount','intro.title','Manage discount/coupon code','2023-03-01 01:08:42','2023-03-01 01:08:42'),(2681,1,'en','plugins/ecommerce/discount','intro.description','Create coupon code or promotion for your products.','2023-03-01 01:08:42','2023-03-01 01:08:42'),(2682,1,'en','plugins/ecommerce/discount','intro.button_text','Create discount','2023-03-01 01:08:42','2023-03-01 01:08:42'),(2683,1,'en','plugins/ecommerce/discount','expired','Expired','2023-03-01 01:08:42','2023-03-01 01:08:42'),(2684,1,'en','plugins/ecommerce/discount','discount_promotion','Discount promotion','2023-03-01 01:08:42','2023-03-01 01:08:42'),(2685,1,'en','plugins/ecommerce/discount','can','can','2023-03-01 01:08:42','2023-03-01 01:08:42'),(2686,1,'en','plugins/ecommerce/discount','cannot','cannot','2023-03-01 01:08:42','2023-03-01 01:08:42'),(2687,1,'en','plugins/ecommerce/discount','use_with_promotion','be used with promotion','2023-03-01 01:08:42','2023-03-01 01:08:42'),(2688,1,'en','plugins/ecommerce/discount','create_discount_validate_title_required_if','Please enter the name of the promotion','2023-03-01 01:08:42','2023-03-01 01:08:42'),(2689,1,'en','plugins/ecommerce/discount','create_discount_validate_code_required_if','Please enter the promotion code','2023-03-01 01:08:42','2023-03-01 01:08:42'),(2690,1,'en','plugins/ecommerce/discount','create_discount_validate_value_required','Amount must be greater than 0','2023-03-01 01:08:42','2023-03-01 01:08:42'),(2691,1,'en','plugins/ecommerce/discount','create_discount_validate_target_required','No object selected for promotion','2023-03-01 01:08:42','2023-03-01 01:08:42'),(2692,1,'en','plugins/ecommerce/discount','enums.type-options.amount','Amount - Fixed','2023-03-01 01:08:42','2023-03-01 01:08:42'),(2693,1,'en','plugins/ecommerce/discount','enums.type-options.percentage','Discount %','2023-03-01 01:08:42','2023-03-01 01:08:42'),(2694,1,'en','plugins/ecommerce/discount','enums.type-options.shipping','Free shipping','2023-03-01 01:08:42','2023-03-01 01:08:42'),(2695,1,'en','plugins/ecommerce/discount','enums.type-options.same-price','Same price','2023-03-01 01:08:42','2023-03-01 01:08:42'),(2696,1,'en','plugins/ecommerce/discount','discount','Discount','2023-03-01 01:08:42','2023-03-01 01:08:42'),(2697,1,'en','plugins/ecommerce/discount','create_coupon_code','Create coupon code','2023-03-01 01:08:42','2023-03-01 01:08:42'),(2698,1,'en','plugins/ecommerce/discount','create_discount_promotion','Create discount promotion','2023-03-01 01:08:42','2023-03-01 01:08:42'),(2699,1,'en','plugins/ecommerce/discount','generate_coupon_code','Generate coupon code','2023-03-01 01:08:42','2023-03-01 01:08:42'),(2700,1,'en','plugins/ecommerce/discount','customers_will_enter_this_coupon_code_when_they_checkout','Customers will enter this coupon code when they checkout','2023-03-01 01:08:42','2023-03-01 01:08:42'),(2701,1,'en','plugins/ecommerce/discount','select_type_of_discount','Select type of discount','2023-03-01 01:08:42','2023-03-01 01:08:42'),(2702,1,'en','plugins/ecommerce/discount','coupon_code','Coupon code','2023-03-01 01:08:42','2023-03-01 01:08:42'),(2703,1,'en','plugins/ecommerce/discount','promotion','Promotion','2023-03-01 01:08:42','2023-03-01 01:08:42'),(2704,1,'en','plugins/ecommerce/discount','can_be_used_with_promotion','Can be used with promotion','2023-03-01 01:08:42','2023-03-01 01:08:42'),(2705,1,'en','plugins/ecommerce/discount','unlimited_coupon','Unlimited coupon','2023-03-01 01:08:42','2023-03-01 01:08:42'),(2706,1,'en','plugins/ecommerce/discount','enter_number','Enter number','2023-03-01 01:08:42','2023-03-01 01:08:42'),(2707,1,'en','plugins/ecommerce/discount','coupon_type','Coupon type','2023-03-01 01:08:42','2023-03-01 01:08:42'),(2708,1,'en','plugins/ecommerce/discount','percentage_discount','Percentage discount (%)','2023-03-01 01:08:42','2023-03-01 01:08:42'),(2709,1,'en','plugins/ecommerce/discount','free_shipping','Free shipping','2023-03-01 01:08:42','2023-03-01 01:08:42'),(2710,1,'en','plugins/ecommerce/discount','same_price','Same price','2023-03-01 01:08:42','2023-03-01 01:08:42'),(2711,1,'en','plugins/ecommerce/discount','apply_for','apply for','2023-03-01 01:08:42','2023-03-01 01:08:42'),(2712,1,'en','plugins/ecommerce/discount','all_orders','All orders','2023-03-01 01:08:42','2023-03-01 01:08:42'),(2713,1,'en','plugins/ecommerce/discount','order_amount_from','Order amount from','2023-03-01 01:08:42','2023-03-01 01:08:42'),(2714,1,'en','plugins/ecommerce/discount','product_collection','Product collection','2023-03-01 01:08:42','2023-03-01 01:08:42'),(2715,1,'en','plugins/ecommerce/discount','product','Product','2023-03-01 01:08:42','2023-03-01 01:08:42'),(2716,1,'en','plugins/ecommerce/discount','customer','Customer','2023-03-01 01:08:42','2023-03-01 01:08:42'),(2717,1,'en','plugins/ecommerce/discount','variant','Variant','2023-03-01 01:08:42','2023-03-01 01:08:42'),(2718,1,'en','plugins/ecommerce/discount','search_product','Search product','2023-03-01 01:08:42','2023-03-01 01:08:42'),(2719,1,'en','plugins/ecommerce/discount','no_products_found','No products found!','2023-03-01 01:08:42','2023-03-01 01:08:42'),(2720,1,'en','plugins/ecommerce/discount','search_customer','Search customer','2023-03-01 01:08:42','2023-03-01 01:08:42'),(2721,1,'en','plugins/ecommerce/discount','no_customer_found','No customer found!','2023-03-01 01:08:42','2023-03-01 01:08:42'),(2722,1,'en','plugins/ecommerce/discount','one_time_per_order','One time per order','2023-03-01 01:08:42','2023-03-01 01:08:42'),(2723,1,'en','plugins/ecommerce/discount','one_time_per_product_in_cart','One time per product in cart','2023-03-01 01:08:42','2023-03-01 01:08:42'),(2724,1,'en','plugins/ecommerce/discount','number_of_products','Number of products required to apply','2023-03-01 01:08:42','2023-03-01 01:08:42'),(2725,1,'en','plugins/ecommerce/discount','selected_products','Selected products','2023-03-01 01:08:42','2023-03-01 01:08:42'),(2726,1,'en','plugins/ecommerce/discount','selected_customers','Selected customers','2023-03-01 01:08:42','2023-03-01 01:08:42'),(2727,1,'en','plugins/ecommerce/discount','time','Time','2023-03-01 01:08:42','2023-03-01 01:08:42'),(2728,1,'en','plugins/ecommerce/discount','start_date','Start date','2023-03-01 01:08:42','2023-03-01 01:08:42'),(2729,1,'en','plugins/ecommerce/discount','end_date','End date','2023-03-01 01:08:42','2023-03-01 01:08:42'),(2730,1,'en','plugins/ecommerce/discount','never_expired','Never expired','2023-03-01 01:08:43','2023-03-01 01:08:43'),(2731,1,'en','plugins/ecommerce/discount','save','Save','2023-03-01 01:08:43','2023-03-01 01:08:43'),(2732,1,'en','plugins/ecommerce/discount','enter_promotion_name','Enter promotion name','2023-03-01 01:08:43','2023-03-01 01:08:43'),(2733,1,'en','plugins/ecommerce/discount','enter_coupon_name','Enter coupon name','2023-03-01 01:08:43','2023-03-01 01:08:43'),(2734,1,'en','plugins/ecommerce/discount','cancel','Cancel','2023-03-01 01:08:43','2023-03-01 01:08:43'),(2735,1,'en','plugins/ecommerce/discount','is','Is','2023-03-01 01:08:43','2023-03-01 01:08:43'),(2736,1,'en','plugins/ecommerce/discount','when_shipping_fee_less_than','when shipping fee less than','2023-03-01 01:08:43','2023-03-01 01:08:43'),(2737,1,'en','plugins/ecommerce/discount','minimum_order_amount_error','You are under :minimum_amount to apply the coupon, you must add :add_more more items to your cart','2023-03-01 01:08:43','2023-03-01 01:08:43'),(2738,1,'en','plugins/ecommerce/discount','once_per_customer','Once per customer','2023-03-01 01:08:43','2023-03-01 01:08:43'),(2739,1,'en','plugins/ecommerce/discount','you_need_login_to_use_coupon_code','You need to login to use this coupon code','2023-03-01 01:08:43','2023-03-01 01:08:43'),(2740,1,'en','plugins/ecommerce/discount','you_used_coupon_code','You have already used this coupon code','2023-03-01 01:08:43','2023-03-01 01:08:43'),(2741,1,'en','plugins/ecommerce/discount','customer_used_coupon_code','Customers who have used this discount code','2023-03-01 01:08:43','2023-03-01 01:08:43'),(2742,1,'en','plugins/ecommerce/ecommerce','settings','Settings','2023-03-01 01:08:43','2023-03-01 01:08:43'),(2743,1,'en','plugins/ecommerce/ecommerce','name','Ecommerce','2023-03-01 01:08:43','2023-03-01 01:08:43'),(2744,1,'en','plugins/ecommerce/ecommerce','setting.email.title','E-commerce','2023-03-01 01:08:43','2023-03-01 01:08:43'),(2745,1,'en','plugins/ecommerce/ecommerce','setting.email.description','Ecommerce email config','2023-03-01 01:08:43','2023-03-01 01:08:43'),(2746,1,'en','plugins/ecommerce/ecommerce','setting.email.order_confirm_subject','Subject of order confirmation email','2023-03-01 01:08:43','2023-03-01 01:08:43'),(2747,1,'en','plugins/ecommerce/ecommerce','setting.email.order_confirm_subject_placeholder','The subject of email confirmation send to the customer','2023-03-01 01:08:43','2023-03-01 01:08:43'),(2748,1,'en','plugins/ecommerce/ecommerce','setting.email.order_confirm_content','Content of order confirmation email','2023-03-01 01:08:43','2023-03-01 01:08:43'),(2749,1,'en','plugins/ecommerce/ecommerce','setting.email.order_status_change_subject','Subject of email when changing order\'s status','2023-03-01 01:08:43','2023-03-01 01:08:43'),(2750,1,'en','plugins/ecommerce/ecommerce','setting.email.order_status_change_subject_placeholder','Subject of email when changing order\'s status send to customer','2023-03-01 01:08:43','2023-03-01 01:08:43'),(2751,1,'en','plugins/ecommerce/ecommerce','setting.email.order_status_change_content','Content of email when changing order\'s status','2023-03-01 01:08:43','2023-03-01 01:08:43'),(2752,1,'en','plugins/ecommerce/ecommerce','setting.email.from_email','Email from','2023-03-01 01:08:43','2023-03-01 01:08:43'),(2753,1,'en','plugins/ecommerce/ecommerce','setting.email.from_email_placeholder','Email from address to display in mail. Ex: example@gmail.com','2023-03-01 01:08:43','2023-03-01 01:08:43'),(2754,1,'en','plugins/ecommerce/ecommerce','setting.title','Basic information','2023-03-01 01:08:43','2023-03-01 01:08:43'),(2755,1,'en','plugins/ecommerce/ecommerce','setting.state','State','2023-03-01 01:08:43','2023-03-01 01:08:43'),(2756,1,'en','plugins/ecommerce/ecommerce','setting.city','City','2023-03-01 01:08:43','2023-03-01 01:08:43'),(2757,1,'en','plugins/ecommerce/ecommerce','setting.country','Country','2023-03-01 01:08:43','2023-03-01 01:08:43'),(2758,1,'en','plugins/ecommerce/ecommerce','setting.weight_unit_gram','Gram (g)','2023-03-01 01:08:43','2023-03-01 01:08:43'),(2759,1,'en','plugins/ecommerce/ecommerce','setting.weight_unit_kilogram','Kilogram (kg)','2023-03-01 01:08:43','2023-03-01 01:08:43'),(2760,1,'en','plugins/ecommerce/ecommerce','setting.weight_unit_lb','Pound (lb)','2023-03-01 01:08:43','2023-03-01 01:08:43'),(2761,1,'en','plugins/ecommerce/ecommerce','setting.weight_unit_oz','Ounce (oz)','2023-03-01 01:08:43','2023-03-01 01:08:43'),(2762,1,'en','plugins/ecommerce/ecommerce','setting.height_unit_cm','Centimeter (cm)','2023-03-01 01:08:43','2023-03-01 01:08:43'),(2763,1,'en','plugins/ecommerce/ecommerce','setting.height_unit_m','Meter (m)','2023-03-01 01:08:43','2023-03-01 01:08:43'),(2764,1,'en','plugins/ecommerce/ecommerce','setting.height_unit_inch','Inch','2023-03-01 01:08:43','2023-03-01 01:08:43'),(2765,1,'en','plugins/ecommerce/ecommerce','setting.store_locator_title','Store locators','2023-03-01 01:08:43','2023-03-01 01:08:43'),(2766,1,'en','plugins/ecommerce/ecommerce','setting.store_locator_description','All the lists of your chains, main stores, branches, etc. The locations can be used to track sales and to help us configure tax rates to charge when selling products.','2023-03-01 01:08:43','2023-03-01 01:08:43'),(2767,1,'en','plugins/ecommerce/ecommerce','setting.phone','Phone','2023-03-01 01:08:43','2023-03-01 01:08:43'),(2768,1,'en','plugins/ecommerce/ecommerce','setting.address','Address','2023-03-01 01:08:43','2023-03-01 01:08:43'),(2769,1,'en','plugins/ecommerce/ecommerce','setting.is_primary','Primary?','2023-03-01 01:08:43','2023-03-01 01:08:43'),(2770,1,'en','plugins/ecommerce/ecommerce','setting.add_new','Add new','2023-03-01 01:08:43','2023-03-01 01:08:43'),(2771,1,'en','plugins/ecommerce/ecommerce','setting.or','Or','2023-03-01 01:08:43','2023-03-01 01:08:43'),(2772,1,'en','plugins/ecommerce/ecommerce','setting.change_primary_store','change default store locator','2023-03-01 01:08:43','2023-03-01 01:08:43'),(2773,1,'en','plugins/ecommerce/ecommerce','setting.other_settings','Other settings','2023-03-01 01:08:43','2023-03-01 01:08:43'),(2774,1,'en','plugins/ecommerce/ecommerce','setting.other_settings_description','Settings for cart, review...','2023-03-01 01:08:43','2023-03-01 01:08:43'),(2775,1,'en','plugins/ecommerce/ecommerce','setting.enable_cart','Enable shopping cart?','2023-03-01 01:08:43','2023-03-01 01:08:43'),(2776,1,'en','plugins/ecommerce/ecommerce','setting.enable_tax','Enable tax?','2023-03-01 01:08:43','2023-03-01 01:08:43'),(2777,1,'en','plugins/ecommerce/ecommerce','setting.display_product_price_including_taxes','Display product price including taxes?','2023-03-01 01:08:43','2023-03-01 01:08:43'),(2778,1,'en','plugins/ecommerce/ecommerce','setting.enable_review','Enable review?','2023-03-01 01:08:43','2023-03-01 01:08:43'),(2779,1,'en','plugins/ecommerce/ecommerce','setting.enable_quick_buy_button','Enable quick buy button?','2023-03-01 01:08:43','2023-03-01 01:08:43'),(2780,1,'en','plugins/ecommerce/ecommerce','setting.quick_buy_target','Quick buy target page?','2023-03-01 01:08:43','2023-03-01 01:08:43'),(2781,1,'en','plugins/ecommerce/ecommerce','setting.checkout_page','Checkout page','2023-03-01 01:08:43','2023-03-01 01:08:43'),(2782,1,'en','plugins/ecommerce/ecommerce','setting.cart_page','Cart page','2023-03-01 01:08:43','2023-03-01 01:08:43'),(2783,1,'en','plugins/ecommerce/ecommerce','setting.add_location','Add location','2023-03-01 01:08:43','2023-03-01 01:08:43'),(2784,1,'en','plugins/ecommerce/ecommerce','setting.edit_location','Edit location','2023-03-01 01:08:43','2023-03-01 01:08:43'),(2785,1,'en','plugins/ecommerce/ecommerce','setting.delete_location','Delete location','2023-03-01 01:08:43','2023-03-01 01:08:43'),(2786,1,'en','plugins/ecommerce/ecommerce','setting.change_primary_location','Change primary location','2023-03-01 01:08:43','2023-03-01 01:08:43'),(2787,1,'en','plugins/ecommerce/ecommerce','setting.delete_location_confirmation','Are you sure you want to delete this location? This action cannot be undo.','2023-03-01 01:08:43','2023-03-01 01:08:43'),(2788,1,'en','plugins/ecommerce/ecommerce','setting.save_location','Save location','2023-03-01 01:08:43','2023-03-01 01:08:43'),(2789,1,'en','plugins/ecommerce/ecommerce','setting.accept','Accept','2023-03-01 01:08:43','2023-03-01 01:08:43'),(2790,1,'en','plugins/ecommerce/ecommerce','setting.select_country','Select country...','2023-03-01 01:08:43','2023-03-01 01:08:43'),(2791,1,'en','plugins/ecommerce/ecommerce','setting.zip_code_enabled','Enable Zip Code?','2023-03-01 01:08:43','2023-03-01 01:08:43'),(2792,1,'en','plugins/ecommerce/ecommerce','setting.thousands_separator','Thousands separator','2023-03-01 01:08:43','2023-03-01 01:08:43'),(2793,1,'en','plugins/ecommerce/ecommerce','setting.decimal_separator','Decimal separator','2023-03-01 01:08:43','2023-03-01 01:08:43'),(2794,1,'en','plugins/ecommerce/ecommerce','setting.separator_period','Period (.)','2023-03-01 01:08:43','2023-03-01 01:08:43'),(2795,1,'en','plugins/ecommerce/ecommerce','setting.separator_comma','Comma (,)','2023-03-01 01:08:43','2023-03-01 01:08:43'),(2796,1,'en','plugins/ecommerce/ecommerce','setting.separator_space','Space ( )','2023-03-01 01:08:43','2023-03-01 01:08:43'),(2797,1,'en','plugins/ecommerce/ecommerce','setting.available_countries','Available countries','2023-03-01 01:08:43','2023-03-01 01:08:43'),(2798,1,'en','plugins/ecommerce/ecommerce','setting.all','All','2023-03-01 01:08:43','2023-03-01 01:08:43'),(2799,1,'en','plugins/ecommerce/ecommerce','setting.verify_customer_email','Verify customer\'s email?','2023-03-01 01:08:43','2023-03-01 01:08:43'),(2800,1,'en','plugins/ecommerce/ecommerce','setting.minimum_order_amount','Minimum order amount to place an order (:currency).','2023-03-01 01:08:43','2023-03-01 01:08:43'),(2801,1,'en','plugins/ecommerce/ecommerce','setting.enable_guest_checkout','Enable guest checkout?','2023-03-01 01:08:43','2023-03-01 01:08:43'),(2802,1,'en','plugins/ecommerce/ecommerce','setting.show_number_of_products','Show number of products in the product single','2023-03-01 01:08:43','2023-03-01 01:08:43'),(2803,1,'en','plugins/ecommerce/ecommerce','setting.payment_method_cod_minimum_amount','Minimum order amount - :currency (Optional)','2023-03-01 01:08:43','2023-03-01 01:08:43'),(2804,1,'en','plugins/ecommerce/ecommerce','setting.review.max_file_size','Review max file size (MB)','2023-03-01 01:08:43','2023-03-01 01:08:43'),(2805,1,'en','plugins/ecommerce/ecommerce','setting.review.max_file_number','Review max file number','2023-03-01 01:08:43','2023-03-01 01:08:43'),(2806,1,'en','plugins/ecommerce/ecommerce','setting.using_custom_font_for_invoice','Using custom font for invoice?','2023-03-01 01:08:43','2023-03-01 01:08:43'),(2807,1,'en','plugins/ecommerce/ecommerce','setting.invoice_font_family','Invoice font family (Only work for Latin language)','2023-03-01 01:08:43','2023-03-01 01:08:43'),(2808,1,'en','plugins/ecommerce/ecommerce','setting.enable_invoice_stamp','Enable invoice stamp?','2023-03-01 01:08:43','2023-03-01 01:08:43'),(2809,1,'en','plugins/ecommerce/ecommerce','setting.invoice_support_arabic_language','Support Arabic language in invoice?','2023-03-01 01:08:43','2023-03-01 01:08:43'),(2810,1,'en','plugins/ecommerce/ecommerce','setting.make_phone_field_at_the_checkout_optional','Make phone field at the checkout optional?','2023-03-01 01:08:43','2023-03-01 01:08:43'),(2811,1,'en','plugins/ecommerce/ecommerce','setting.disable_order_invoice_until_order_confirmed','Disable order invoice until order confirmed?','2023-03-01 01:08:43','2023-03-01 01:08:43'),(2812,1,'en','plugins/ecommerce/ecommerce','setting.vat_number','VAT number','2023-03-01 01:08:43','2023-03-01 01:08:43'),(2813,1,'en','plugins/ecommerce/ecommerce','setting.tax_id','Tax ID','2023-03-01 01:08:43','2023-03-01 01:08:43'),(2814,1,'en','plugins/ecommerce/ecommerce','setting.enable_recaptcha_in_register_page','Enable Recaptcha in the registration page?','2023-03-01 01:08:43','2023-03-01 01:08:43'),(2815,1,'en','plugins/ecommerce/ecommerce','setting.enable_recaptcha_in_register_page_description','Need to setup Captcha in Admin -> Settings -> General first.','2023-03-01 01:08:43','2023-03-01 01:08:43'),(2816,1,'en','plugins/ecommerce/ecommerce','setting.show_out_of_stock_products','Show out of stock products?','2023-03-01 01:08:43','2023-03-01 01:08:43'),(2817,1,'en','plugins/ecommerce/ecommerce','setting.default_tax_rate','Default tax rate','2023-03-01 01:08:43','2023-03-01 01:08:43'),(2818,1,'en','plugins/ecommerce/ecommerce','setting.default_tax_rate_description','Important: it will be applied if no tax selected in product.','2023-03-01 01:08:43','2023-03-01 01:08:43'),(2819,1,'en','plugins/ecommerce/ecommerce','setting.how_to_display_product_variation_images','How to display product variation images?','2023-03-01 01:08:43','2023-03-01 01:08:43'),(2820,1,'en','plugins/ecommerce/ecommerce','setting.only_variation_images','Only variation images','2023-03-01 01:08:43','2023-03-01 01:08:43'),(2821,1,'en','plugins/ecommerce/ecommerce','setting.variation_images_and_main_product_images','Variation images + main product images','2023-03-01 01:08:43','2023-03-01 01:08:43'),(2822,1,'en','plugins/ecommerce/ecommerce','setting.load_countries_states_cities_from_location_plugin','Load countries, states, cities from plugin location?','2023-03-01 01:08:43','2023-03-01 01:08:43'),(2823,1,'en','plugins/ecommerce/ecommerce','setting.enable_wishlist','Enable wishlist?','2023-03-01 01:08:43','2023-03-01 01:08:43'),(2824,1,'en','plugins/ecommerce/ecommerce','setting.enable_compare','Enable compare?','2023-03-01 01:08:43','2023-03-01 01:08:43'),(2825,1,'en','plugins/ecommerce/ecommerce','setting.enable_order_tracking','Enable order tracking?','2023-03-01 01:08:43','2023-03-01 01:08:43'),(2826,1,'en','plugins/ecommerce/ecommerce','setting.recently_viewed.enable','Enable customer recently viewed products?','2023-03-01 01:08:43','2023-03-01 01:08:43'),(2827,1,'en','plugins/ecommerce/ecommerce','setting.recently_viewed.max','Maximum number of customer recently viewed products','2023-03-01 01:08:43','2023-03-01 01:08:43'),(2828,1,'en','plugins/ecommerce/ecommerce','setting.recently_viewed.max_helper','If you set 0, it will save all products.','2023-03-01 01:08:43','2023-03-01 01:08:43'),(2829,1,'en','plugins/ecommerce/ecommerce','setting.search_products','Search products','2023-03-01 01:08:43','2023-03-01 01:08:43'),(2830,1,'en','plugins/ecommerce/ecommerce','setting.search_products_description','Config rules to search products','2023-03-01 01:08:43','2023-03-01 01:08:43'),(2831,1,'en','plugins/ecommerce/ecommerce','setting.search_for_an_exact_phrase','Search for an exact phrase?','2023-03-01 01:08:43','2023-03-01 01:08:43'),(2832,1,'en','plugins/ecommerce/ecommerce','setting.search_products_by','Search products by:','2023-03-01 01:08:43','2023-03-01 01:08:43'),(2833,1,'en','plugins/ecommerce/ecommerce','setting.tracking_settings','Tracking settings','2023-03-01 01:08:43','2023-03-01 01:08:43'),(2834,1,'en','plugins/ecommerce/ecommerce','setting.tracking_settings_description','Manage tracking: UTM, Facebook, Google Tag Manager...','2023-03-01 01:08:43','2023-03-01 01:08:43'),(2835,1,'en','plugins/ecommerce/ecommerce','setting.enable_facebook_pixel','Enable Facebook Pixel (Meta Pixel)?','2023-03-01 01:08:43','2023-03-01 01:08:43'),(2836,1,'en','plugins/ecommerce/ecommerce','setting.facebook_pixel_id','Facebook Pixel ID','2023-03-01 01:08:43','2023-03-01 01:08:43'),(2837,1,'en','plugins/ecommerce/ecommerce','setting.facebook_pixel_helper','Go to https://developers.facebook.com/docs/meta-pixel to create Facebook Pixel.','2023-03-01 01:08:43','2023-03-01 01:08:43'),(2838,1,'en','plugins/ecommerce/ecommerce','setting.enable_google_tag_manager','Enable Google Tag Manager?','2023-03-01 01:08:43','2023-03-01 01:08:43'),(2839,1,'en','plugins/ecommerce/ecommerce','setting.google_tag_manager_code','Google Tag Mana\n        ger code','2023-03-01 01:08:43','2023-03-01 01:08:43'),(2840,1,'en','plugins/ecommerce/ecommerce','setting.google_tag_manager_helper','Go to https://ads.google.com/aw/conversions to create Google Ads Conversions.','2023-03-01 01:08:43','2023-03-01 01:08:43'),(2841,1,'en','plugins/ecommerce/ecommerce','setting.webhook','Webhook','2023-03-01 01:08:43','2023-03-01 01:08:43'),(2842,1,'en','plugins/ecommerce/ecommerce','setting.webhook_description','Send webhook when order placed.','2023-03-01 01:08:43','2023-03-01 01:08:43'),(2843,1,'en','plugins/ecommerce/ecommerce','setting.order_placed_webhook_url','Order placed webhook URL (method: POST)','2023-03-01 01:08:43','2023-03-01 01:08:43'),(2844,1,'en','plugins/ecommerce/ecommerce','setting.return_request','Return Request','2023-03-01 01:08:43','2023-03-01 01:08:43'),(2845,1,'en','plugins/ecommerce/ecommerce','setting.return_request_description','Number of days a customer can request a return after the order is completed.','2023-03-01 01:08:43','2023-03-01 01:08:43'),(2846,1,'en','plugins/ecommerce/ecommerce','setting.returnable_days','Refundable days','2023-03-01 01:08:43','2023-03-01 01:08:43'),(2847,1,'en','plugins/ecommerce/ecommerce','setting.billing_address_enabled','Enable billing address?','2023-03-01 01:08:43','2023-03-01 01:08:43'),(2848,1,'en','plugins/ecommerce/ecommerce','setting.activate_custom_return_product_quantity','Activate custom return product quantity?','2023-03-01 01:08:43','2023-03-01 01:08:43'),(2849,1,'en','plugins/ecommerce/ecommerce','setting.allow_partial_return','Allow partial return?','2023-03-01 01:08:43','2023-03-01 01:08:43'),(2850,1,'en','plugins/ecommerce/ecommerce','setting.allow_partial_return_description','Customer can return a few products, do not need to return all products in an order.','2023-03-01 01:08:43','2023-03-01 01:08:43'),(2851,1,'en','plugins/ecommerce/ecommerce','setting.activate_custom_return_product_quantity_description','Allow customer to change the quantity of the product they want to return.','2023-03-01 01:08:43','2023-03-01 01:08:43'),(2852,1,'en','plugins/ecommerce/ecommerce','setting.digital_product','Digital product','2023-03-01 01:08:43','2023-03-01 01:08:43'),(2853,1,'en','plugins/ecommerce/ecommerce','setting.digital_product_title','Is enabled to support the digital products?','2023-03-01 01:08:43','2023-03-01 01:08:43'),(2854,1,'en','plugins/ecommerce/ecommerce','setting.allow_guest_checkout_for_digital_products','Allow guest checkout for digital products?','2023-03-01 01:08:43','2023-03-01 01:08:43'),(2855,1,'en','plugins/ecommerce/ecommerce','setting.company_settings','Company settings','2023-03-01 01:08:43','2023-03-01 01:08:43'),(2856,1,'en','plugins/ecommerce/ecommerce','setting.company_settings_description','Settings Company information for invoicing','2023-03-01 01:08:43','2023-03-01 01:08:43'),(2857,1,'en','plugins/ecommerce/ecommerce','setting.company_name','Company name','2023-03-01 01:08:43','2023-03-01 01:08:43'),(2858,1,'en','plugins/ecommerce/ecommerce','setting.company_address','Company address','2023-03-01 01:08:43','2023-03-01 01:08:43'),(2859,1,'en','plugins/ecommerce/ecommerce','setting.company_zipcode','Company zipcode','2023-03-01 01:08:43','2023-03-01 01:08:43'),(2860,1,'en','plugins/ecommerce/ecommerce','setting.company_email','Company email','2023-03-01 01:08:43','2023-03-01 01:08:43'),(2861,1,'en','plugins/ecommerce/ecommerce','setting.company_phone','Company phone','2023-03-01 01:08:43','2023-03-01 01:08:43'),(2862,1,'en','plugins/ecommerce/ecommerce','setting.company_logo','Company logo','2023-03-01 01:08:43','2023-03-01 01:08:43'),(2863,1,'en','plugins/ecommerce/ecommerce','setting.company_tax_id','Company tax ID','2023-03-01 01:08:43','2023-03-01 01:08:43'),(2864,1,'en','plugins/ecommerce/ecommerce','setting.invoice_code_prefix','Invoice code prefix','2023-03-01 01:08:43','2023-03-01 01:08:43'),(2865,1,'en','plugins/ecommerce/ecommerce','setting.only_allow_customers_purchased_to_review','Only customers who have purchased the product can review the product?','2023-03-01 01:08:43','2023-03-01 01:08:43'),(2866,1,'en','plugins/ecommerce/ecommerce','setting.enable_order_auto_confirmed','Auto confirm order?','2023-03-01 01:08:43','2023-03-01 01:08:43'),(2867,1,'en','plugins/ecommerce/ecommerce','store_address','Store address','2023-03-01 01:08:43','2023-03-01 01:08:43'),(2868,1,'en','plugins/ecommerce/ecommerce','store_phone','Store phone','2023-03-01 01:08:43','2023-03-01 01:08:43'),(2869,1,'en','plugins/ecommerce/ecommerce','order_id','Order ID','2023-03-01 01:08:43','2023-03-01 01:08:43'),(2870,1,'en','plugins/ecommerce/ecommerce','order_token','Order token','2023-03-01 01:08:43','2023-03-01 01:08:43'),(2871,1,'en','plugins/ecommerce/ecommerce','customer_name','Customer name','2023-03-01 01:08:43','2023-03-01 01:08:43'),(2872,1,'en','plugins/ecommerce/ecommerce','customer_email','Customer email','2023-03-01 01:08:43','2023-03-01 01:08:43'),(2873,1,'en','plugins/ecommerce/ecommerce','customer_phone','Customer phone','2023-03-01 01:08:43','2023-03-01 01:08:43'),(2874,1,'en','plugins/ecommerce/ecommerce','customer_address','Customer address','2023-03-01 01:08:43','2023-03-01 01:08:43'),(2875,1,'en','plugins/ecommerce/ecommerce','product_list','List products in order','2023-03-01 01:08:43','2023-03-01 01:08:43'),(2876,1,'en','plugins/ecommerce/ecommerce','order_note','Order note','2023-03-01 01:08:43','2023-03-01 01:08:43'),(2877,1,'en','plugins/ecommerce/ecommerce','payment_detail','Payment detail','2023-03-01 01:08:43','2023-03-01 01:08:43'),(2878,1,'en','plugins/ecommerce/ecommerce','shipping_method','Shipping method','2023-03-01 01:08:43','2023-03-01 01:08:43'),(2879,1,'en','plugins/ecommerce/ecommerce','payment_method','Payment method','2023-03-01 01:08:43','2023-03-01 01:08:43'),(2880,1,'en','plugins/ecommerce/ecommerce','standard_and_format','Standard & Format','2023-03-01 01:08:43','2023-03-01 01:08:43'),(2881,1,'en','plugins/ecommerce/ecommerce','standard_and_format_description','Standards and formats are used to calculate things like product prices, shipping weights, and order times.','2023-03-01 01:08:43','2023-03-01 01:08:43'),(2882,1,'en','plugins/ecommerce/ecommerce','change_order_format','Edit order code format (optional)','2023-03-01 01:08:43','2023-03-01 01:08:43'),(2883,1,'en','plugins/ecommerce/ecommerce','change_order_format_description','The default order code starts at: number. You can change the start or end string to create the order code you want, for example \"DH-: number\" or \": number-A\"','2023-03-01 01:08:43','2023-03-01 01:08:43'),(2884,1,'en','plugins/ecommerce/ecommerce','start_with','Start with','2023-03-01 01:08:43','2023-03-01 01:08:43'),(2885,1,'en','plugins/ecommerce/ecommerce','end_with','End with','2023-03-01 01:08:43','2023-03-01 01:08:43'),(2886,1,'en','plugins/ecommerce/ecommerce','order_will_be_shown','Your order code will be shown','2023-03-01 01:08:43','2023-03-01 01:08:43'),(2887,1,'en','plugins/ecommerce/ecommerce','weight_unit','Unit of weight','2023-03-01 01:08:43','2023-03-01 01:08:43'),(2888,1,'en','plugins/ecommerce/ecommerce','height_unit','Unit length / height','2023-03-01 01:08:43','2023-03-01 01:08:43'),(2889,1,'en','plugins/ecommerce/ecommerce','theme_options.name','Ecommerce','2023-03-01 01:08:43','2023-03-01 01:08:43'),(2890,1,'en','plugins/ecommerce/ecommerce','theme_options.description','Theme options for Ecommerce','2023-03-01 01:08:43','2023-03-01 01:08:43'),(2891,1,'en','plugins/ecommerce/ecommerce','theme_options.number_products_per_page','Number of products per page','2023-03-01 01:08:43','2023-03-01 01:08:43'),(2892,1,'en','plugins/ecommerce/ecommerce','theme_options.number_of_cross_sale_product','Number of cross sale products in product detail page','2023-03-01 01:08:43','2023-03-01 01:08:43'),(2893,1,'en','plugins/ecommerce/ecommerce','theme_options.max_price_filter','Maximum price to filter','2023-03-01 01:08:43','2023-03-01 01:08:43'),(2894,1,'en','plugins/ecommerce/ecommerce','theme_options.logo_in_the_checkout_page','Logo in the checkout page (Default is the main logo)','2023-03-01 01:08:43','2023-03-01 01:08:43'),(2895,1,'en','plugins/ecommerce/ecommerce','basic_settings','Basic settings','2023-03-01 01:08:43','2023-03-01 01:08:43'),(2896,1,'en','plugins/ecommerce/ecommerce','advanced_settings','Advanced settings','2023-03-01 01:08:43','2023-03-01 01:08:43'),(2897,1,'en','plugins/ecommerce/ecommerce','product_review_list','Product review list','2023-03-01 01:08:43','2023-03-01 01:08:43'),(2898,1,'en','plugins/ecommerce/email','customer_new_order_title','Order confirmation','2023-03-01 01:08:43','2023-03-01 01:08:43'),(2899,1,'en','plugins/ecommerce/email','customer_new_order_description','Send email confirmation to customer when an order placed','2023-03-01 01:08:43','2023-03-01 01:08:43'),(2900,1,'en','plugins/ecommerce/email','order_cancellation_title','Order cancellation','2023-03-01 01:08:43','2023-03-01 01:08:43'),(2901,1,'en','plugins/ecommerce/email','order_cancellation_description','Send to custom when they cancelled order','2023-03-01 01:08:43','2023-03-01 01:08:43'),(2902,1,'en','plugins/ecommerce/email','delivery_confirmation_title','Delivering confirmation','2023-03-01 01:08:43','2023-03-01 01:08:43'),(2903,1,'en','plugins/ecommerce/email','delivery_confirmation_description','Send to customer when order is delivering','2023-03-01 01:08:43','2023-03-01 01:08:43'),(2904,1,'en','plugins/ecommerce/email','admin_new_order_title','Notice about new order','2023-03-01 01:08:43','2023-03-01 01:08:43'),(2905,1,'en','plugins/ecommerce/email','admin_new_order_description','Send to administrators when an order placed','2023-03-01 01:08:43','2023-03-01 01:08:43'),(2906,1,'en','plugins/ecommerce/email','order_confirmation_title','Order confirmation','2023-03-01 01:08:43','2023-03-01 01:08:43'),(2907,1,'en','plugins/ecommerce/email','order_confirmation_description','Send to customer when they order was confirmed by admins','2023-03-01 01:08:43','2023-03-01 01:08:43'),(2908,1,'en','plugins/ecommerce/email','payment_confirmation_title','Payment confirmation','2023-03-01 01:08:43','2023-03-01 01:08:43'),(2909,1,'en','plugins/ecommerce/email','payment_confirmation_description','Send to customer when their payment was confirmed','2023-03-01 01:08:43','2023-03-01 01:08:43'),(2910,1,'en','plugins/ecommerce/email','order_recover_title','Incomplete order','2023-03-01 01:08:43','2023-03-01 01:08:43'),(2911,1,'en','plugins/ecommerce/email','order_recover_description','Send to custom to remind them about incomplete orders','2023-03-01 01:08:43','2023-03-01 01:08:43'),(2912,1,'en','plugins/ecommerce/email','view_order','View order','2023-03-01 01:08:43','2023-03-01 01:08:43'),(2913,1,'en','plugins/ecommerce/email','link_go_to_our_shop','or <a href=\":link\">Go to our shop</a>','2023-03-01 01:08:43','2023-03-01 01:08:43'),(2914,1,'en','plugins/ecommerce/email','order_number','Order number: <strong>:order_id</strong>','2023-03-01 01:08:43','2023-03-01 01:08:43'),(2915,1,'en','plugins/ecommerce/email','order_information','Order information:','2023-03-01 01:08:43','2023-03-01 01:08:43'),(2916,1,'en','plugins/ecommerce/email','order_return_request_title','Order return request','2023-03-01 01:08:44','2023-03-01 01:08:44'),(2917,1,'en','plugins/ecommerce/email','order_return_request_description','Send to customer when they return order','2023-03-01 01:08:44','2023-03-01 01:08:44'),(2918,1,'en','plugins/ecommerce/export','products.name','Export products','2023-03-01 01:08:44','2023-03-01 01:08:44'),(2919,1,'en','plugins/ecommerce/export','products.title','Export Products (CSV)','2023-03-01 01:08:44','2023-03-01 01:08:44'),(2920,1,'en','plugins/ecommerce/export','products.total_products','Total products','2023-03-01 01:08:44','2023-03-01 01:08:44'),(2921,1,'en','plugins/ecommerce/export','products.total_variations','Total variations','2023-03-01 01:08:44','2023-03-01 01:08:44'),(2922,1,'en','plugins/ecommerce/export','start_export','Start export','2023-03-01 01:08:44','2023-03-01 01:08:44'),(2923,1,'en','plugins/ecommerce/export','exporting','Exporting...','2023-03-01 01:08:44','2023-03-01 01:08:44'),(2924,1,'en','plugins/ecommerce/export','export','Export','2023-03-01 01:08:44','2023-03-01 01:08:44'),(2925,1,'en','plugins/ecommerce/flash-sale','name','Flash sales','2023-03-01 01:08:44','2023-03-01 01:08:44'),(2926,1,'en','plugins/ecommerce/flash-sale','create','New flash sale','2023-03-01 01:08:44','2023-03-01 01:08:44'),(2927,1,'en','plugins/ecommerce/flash-sale','edit','Edit flash sale','2023-03-01 01:08:44','2023-03-01 01:08:44'),(2928,1,'en','plugins/ecommerce/flash-sale','products','Products','2023-03-01 01:08:44','2023-03-01 01:08:44'),(2929,1,'en','plugins/ecommerce/invoice-template','name','Invoice template','2023-03-01 01:08:44','2023-03-01 01:08:44'),(2930,1,'en','plugins/ecommerce/invoice-template','setting','Invoice Settings','2023-03-01 01:08:44','2023-03-01 01:08:44'),(2931,1,'en','plugins/ecommerce/invoice-template','setting_description','Settings for Invoice template','2023-03-01 01:08:44','2023-03-01 01:08:44'),(2932,1,'en','plugins/ecommerce/invoice-template','setting_content','Content','2023-03-01 01:08:44','2023-03-01 01:08:44'),(2933,1,'en','plugins/ecommerce/invoice-template','preview','Preview','2023-03-01 01:08:44','2023-03-01 01:08:44'),(2934,1,'en','plugins/ecommerce/invoice-template','preview_heading','Preview Invoice template','2023-03-01 01:08:44','2023-03-01 01:08:44'),(2935,1,'en','plugins/ecommerce/invoice','name','Invoices','2023-03-01 01:08:44','2023-03-01 01:08:44'),(2936,1,'en','plugins/ecommerce/invoice','create','New invoice','2023-03-01 01:08:44','2023-03-01 01:08:44'),(2937,1,'en','plugins/ecommerce/invoice','edit','Edit invoice','2023-03-01 01:08:44','2023-03-01 01:08:44'),(2938,1,'en','plugins/ecommerce/invoice','print','Print Invoice','2023-03-01 01:08:44','2023-03-01 01:08:44'),(2939,1,'en','plugins/ecommerce/invoice','download','Download Invoice','2023-03-01 01:08:44','2023-03-01 01:08:44'),(2940,1,'en','plugins/ecommerce/invoice','heading','Invoice','2023-03-01 01:08:44','2023-03-01 01:08:44'),(2941,1,'en','plugins/ecommerce/invoice','invoice_for_job','','2023-03-01 01:08:44','2023-03-01 01:08:44'),(2942,1,'en','plugins/ecommerce/invoice','table.code','Code','2023-03-01 01:08:44','2023-03-01 01:08:44'),(2943,1,'en','plugins/ecommerce/invoice','table.amount','Amount','2023-03-01 01:08:44','2023-03-01 01:08:44'),(2944,1,'en','plugins/ecommerce/invoice','detail.invoice_for','Invoice For','2023-03-01 01:08:44','2023-03-01 01:08:44'),(2945,1,'en','plugins/ecommerce/invoice','detail.invoice_to','Invoice To','2023-03-01 01:08:44','2023-03-01 01:08:44'),(2946,1,'en','plugins/ecommerce/invoice','detail.tax_id','Tax ID','2023-03-01 01:08:44','2023-03-01 01:08:44'),(2947,1,'en','plugins/ecommerce/invoice','detail.code','Invoice Code','2023-03-01 01:08:44','2023-03-01 01:08:44'),(2948,1,'en','plugins/ecommerce/invoice','detail.issue_at','Issue At','2023-03-01 01:08:44','2023-03-01 01:08:44'),(2949,1,'en','plugins/ecommerce/invoice','detail.description','Description','2023-03-01 01:08:44','2023-03-01 01:08:44'),(2950,1,'en','plugins/ecommerce/invoice','detail.qty','Qty','2023-03-01 01:08:44','2023-03-01 01:08:44'),(2951,1,'en','plugins/ecommerce/invoice','detail.amount','Amount','2023-03-01 01:08:44','2023-03-01 01:08:44'),(2952,1,'en','plugins/ecommerce/invoice','detail.discount','Discount','2023-03-01 01:08:44','2023-03-01 01:08:44'),(2953,1,'en','plugins/ecommerce/invoice','detail.grand_total','Grand Total','2023-03-01 01:08:44','2023-03-01 01:08:44'),(2954,1,'en','plugins/ecommerce/invoice','detail.shipping_fee','Shipping Fee','2023-03-01 01:08:44','2023-03-01 01:08:44'),(2955,1,'en','plugins/ecommerce/invoice','detail.sub_total','Sub Total','2023-03-01 01:08:44','2023-03-01 01:08:44'),(2956,1,'en','plugins/ecommerce/invoice','detail.tax','Tax','2023-03-01 01:08:44','2023-03-01 01:08:44'),(2957,1,'en','plugins/ecommerce/invoice','detail.total','Total','2023-03-01 01:08:44','2023-03-01 01:08:44'),(2958,1,'en','plugins/ecommerce/invoice','total_amount','Total Amount','2023-03-01 01:08:44','2023-03-01 01:08:44'),(2959,1,'en','plugins/ecommerce/invoice','payment_info','Payment Info','2023-03-01 01:08:44','2023-03-01 01:08:44'),(2960,1,'en','plugins/ecommerce/invoice','payment_method','Payment Method','2023-03-01 01:08:44','2023-03-01 01:08:44'),(2961,1,'en','plugins/ecommerce/invoice','payment_status','Payment Status','2023-03-01 01:08:44','2023-03-01 01:08:44'),(2962,1,'en','plugins/ecommerce/order','statuses.pending','Pending','2023-03-01 01:08:44','2023-03-01 01:08:44'),(2963,1,'en','plugins/ecommerce/order','statuses.processing','Processing','2023-03-01 01:08:44','2023-03-01 01:08:44'),(2964,1,'en','plugins/ecommerce/order','statuses.completed','Completed','2023-03-01 01:08:44','2023-03-01 01:08:44'),(2965,1,'en','plugins/ecommerce/order','statuses.canceled','Canceled','2023-03-01 01:08:44','2023-03-01 01:08:44'),(2966,1,'en','plugins/ecommerce/order','statuses.partial_returned','Partial returned','2023-03-01 01:08:44','2023-03-01 01:08:44'),(2967,1,'en','plugins/ecommerce/order','statuses.returned','Returned','2023-03-01 01:08:44','2023-03-01 01:08:44'),(2968,1,'en','plugins/ecommerce/order','return_statuses.pending','Pending','2023-03-01 01:08:44','2023-03-01 01:08:44'),(2969,1,'en','plugins/ecommerce/order','return_statuses.processing','Processing','2023-03-01 01:08:44','2023-03-01 01:08:44'),(2970,1,'en','plugins/ecommerce/order','return_statuses.completed','Completed','2023-03-01 01:08:44','2023-03-01 01:08:44'),(2971,1,'en','plugins/ecommerce/order','return_statuses.canceled','Canceled','2023-03-01 01:08:44','2023-03-01 01:08:44'),(2972,1,'en','plugins/ecommerce/order','menu','Orders','2023-03-01 01:08:44','2023-03-01 01:08:44'),(2973,1,'en','plugins/ecommerce/order','create','Create an order','2023-03-01 01:08:44','2023-03-01 01:08:44'),(2974,1,'en','plugins/ecommerce/order','cancel_error','The order is delivering or not completed','2023-03-01 01:08:44','2023-03-01 01:08:44'),(2975,1,'en','plugins/ecommerce/order','cancel_success','You do cancel the order successful','2023-03-01 01:08:44','2023-03-01 01:08:44'),(2976,1,'en','plugins/ecommerce/order','return_error','The order is delivering or not completed','2023-03-01 01:08:44','2023-03-01 01:08:44'),(2977,1,'en','plugins/ecommerce/order','return_success','Requested product(s) return successfully!','2023-03-01 01:08:44','2023-03-01 01:08:44'),(2978,1,'en','plugins/ecommerce/order','incomplete_order','Incomplete orders','2023-03-01 01:08:44','2023-03-01 01:08:44'),(2979,1,'en','plugins/ecommerce/order','order_id','Order ID','2023-03-01 01:08:44','2023-03-01 01:08:44'),(2980,1,'en','plugins/ecommerce/order','product_id','Product ID','2023-03-01 01:08:44','2023-03-01 01:08:44'),(2981,1,'en','plugins/ecommerce/order','customer_label','Customer','2023-03-01 01:08:44','2023-03-01 01:08:44'),(2982,1,'en','plugins/ecommerce/order','tax_amount','Tax Amount','2023-03-01 01:08:44','2023-03-01 01:08:44'),(2983,1,'en','plugins/ecommerce/order','shipping_amount','Shipping amount','2023-03-01 01:08:44','2023-03-01 01:08:44'),(2984,1,'en','plugins/ecommerce/order','payment_method','Payment method','2023-03-01 01:08:44','2023-03-01 01:08:44'),(2985,1,'en','plugins/ecommerce/order','payment_status_label','Payment status','2023-03-01 01:08:44','2023-03-01 01:08:44'),(2986,1,'en','plugins/ecommerce/order','manage_orders','Manage orders','2023-03-01 01:08:44','2023-03-01 01:08:44'),(2987,1,'en','plugins/ecommerce/order','order_intro_description','Once your store has orders, this is where you will process and track those orders.','2023-03-01 01:08:44','2023-03-01 01:08:44'),(2988,1,'en','plugins/ecommerce/order','create_new_order','Create a new order','2023-03-01 01:08:44','2023-03-01 01:08:44'),(2989,1,'en','plugins/ecommerce/order','manage_incomplete_orders','Manage incomplete orders','2023-03-01 01:08:44','2023-03-01 01:08:44'),(2990,1,'en','plugins/ecommerce/order','incomplete_orders_intro_description','Incomplete order is an order created when a customer adds a product to the cart, proceeds to fill out the purchase information but does not complete the checkout process.','2023-03-01 01:08:44','2023-03-01 01:08:44'),(2991,1,'en','plugins/ecommerce/order','invoice_for_order','Invoice for order','2023-03-01 01:08:44','2023-03-01 01:08:44'),(2992,1,'en','plugins/ecommerce/order','created','Created','2023-03-01 01:08:44','2023-03-01 01:08:44'),(2993,1,'en','plugins/ecommerce/order','invoice','Invoice','2023-03-01 01:08:44','2023-03-01 01:08:44'),(2994,1,'en','plugins/ecommerce/order','return','Order Return Request','2023-03-01 01:08:44','2023-03-01 01:08:44'),(2995,1,'en','plugins/ecommerce/order','is_return','Return checkbox','2023-03-01 01:08:44','2023-03-01 01:08:44'),(2996,1,'en','plugins/ecommerce/order','total_refund_amount','Total refund amount','2023-03-01 01:08:44','2023-03-01 01:08:44'),(2997,1,'en','plugins/ecommerce/order','total_amount_can_be_refunded','Total amount can be refunded','2023-03-01 01:08:44','2023-03-01 01:08:44'),(2998,1,'en','plugins/ecommerce/order','refund_reason','Refund reason','2023-03-01 01:08:44','2023-03-01 01:08:44'),(2999,1,'en','plugins/ecommerce/order','products','product(s)','2023-03-01 01:08:44','2023-03-01 01:08:44'),(3000,1,'en','plugins/ecommerce/order','default','Default','2023-03-01 01:08:44','2023-03-01 01:08:44'),(3001,1,'en','plugins/ecommerce/order','system','System','2023-03-01 01:08:44','2023-03-01 01:08:44'),(3002,1,'en','plugins/ecommerce/order','new_order_from','New order :order_id from :customer','2023-03-01 01:08:44','2023-03-01 01:08:44'),(3003,1,'en','plugins/ecommerce/order','confirmation_email_was_sent_to_customer','The email confirmation was sent to customer','2023-03-01 01:08:44','2023-03-01 01:08:44'),(3004,1,'en','plugins/ecommerce/order','address_name_required','The name field is required.','2023-03-01 01:08:44','2023-03-01 01:08:44'),(3005,1,'en','plugins/ecommerce/order','address_phone_required','The phone field is required.','2023-03-01 01:08:44','2023-03-01 01:08:44'),(3006,1,'en','plugins/ecommerce/order','address_email_required','The email field is required.','2023-03-01 01:08:44','2023-03-01 01:08:44'),(3007,1,'en','plugins/ecommerce/order','address_email_unique','The customer with that email is existed, please choose other email or login with this email!','2023-03-01 01:08:44','2023-03-01 01:08:44'),(3008,1,'en','plugins/ecommerce/order','address_state_required','The state field is required.','2023-03-01 01:08:44','2023-03-01 01:08:44'),(3009,1,'en','plugins/ecommerce/order','address_city_required','The city field is required.','2023-03-01 01:08:44','2023-03-01 01:08:44'),(3010,1,'en','plugins/ecommerce/order','address_country_required','The country field is required.','2023-03-01 01:08:44','2023-03-01 01:08:44'),(3011,1,'en','plugins/ecommerce/order','address_address_required','The address field is required.','2023-03-01 01:08:44','2023-03-01 01:08:44'),(3012,1,'en','plugins/ecommerce/order','address_zipcode_required','The zipcode field is required.','2023-03-01 01:08:44','2023-03-01 01:08:44'),(3013,1,'en','plugins/ecommerce/order','create_order_from_payment_page','Order was created from checkout page','2023-03-01 01:08:44','2023-03-01 01:08:44'),(3014,1,'en','plugins/ecommerce/order','order_was_verified_by','Order was verified by %user_name%','2023-03-01 01:08:44','2023-03-01 01:08:44'),(3015,1,'en','plugins/ecommerce/order','new_order','New order :order_id','2023-03-01 01:08:44','2023-03-01 01:08:44'),(3016,1,'en','plugins/ecommerce/order','payment_was_confirmed_by','Payment was confirmed (amount :money) by %user_name%','2023-03-01 01:08:44','2023-03-01 01:08:44'),(3017,1,'en','plugins/ecommerce/order','edit_order','Edit order :code','2023-03-01 01:08:44','2023-03-01 01:08:44'),(3018,1,'en','plugins/ecommerce/order','confirm_order_success','Confirm order successfully!','2023-03-01 01:08:44','2023-03-01 01:08:44'),(3019,1,'en','plugins/ecommerce/order','error_when_sending_email','There is an error when sending email','2023-03-01 01:08:44','2023-03-01 01:08:44'),(3020,1,'en','plugins/ecommerce/order','sent_confirmation_email_success','Sent confirmation email successfully!','2023-03-01 01:08:44','2023-03-01 01:08:44'),(3021,1,'en','plugins/ecommerce/order','order_was_sent_to_shipping_team','Order was sent to shipping team','2023-03-01 01:08:44','2023-03-01 01:08:44'),(3022,1,'en','plugins/ecommerce/order','by_username','by %user_name%','2023-03-01 01:08:44','2023-03-01 01:08:44'),(3023,1,'en','plugins/ecommerce/order','shipping_was_created_from','Shipping was created from order %order_id%','2023-03-01 01:08:44','2023-03-01 01:08:44'),(3024,1,'en','plugins/ecommerce/order','shipping_was_canceled_success','Shipping was cancelled successfully!','2023-03-01 01:08:44','2023-03-01 01:08:44'),(3025,1,'en','plugins/ecommerce/order','shipping_was_canceled_by','Shipping was cancelled by %user_name%','2023-03-01 01:08:44','2023-03-01 01:08:44'),(3026,1,'en','plugins/ecommerce/order','update_shipping_address_success','Update shipping address successfully!','2023-03-01 01:08:44','2023-03-01 01:08:44'),(3027,1,'en','plugins/ecommerce/order','order_was_canceled_by','Order was cancelled by %user_name%','2023-03-01 01:08:44','2023-03-01 01:08:44'),(3028,1,'en','plugins/ecommerce/order','order_was_returned_by','Order was returned by %user_name%','2023-03-01 01:08:44','2023-03-01 01:08:44'),(3029,1,'en','plugins/ecommerce/order','confirm_payment_success','Confirm payment successfully!','2023-03-01 01:08:44','2023-03-01 01:08:44'),(3030,1,'en','plugins/ecommerce/order','refund_amount_invalid','Refund amount must be lower or equal :price','2023-03-01 01:08:44','2023-03-01 01:08:44'),(3031,1,'en','plugins/ecommerce/order','number_of_products_invalid','Number of products refund is not valid!','2023-03-01 01:08:44','2023-03-01 01:08:44'),(3032,1,'en','plugins/ecommerce/order','cannot_found_payment_for_this_order','Cannot found payment for this order!','2023-03-01 01:08:44','2023-03-01 01:08:44'),(3033,1,'en','plugins/ecommerce/order','refund_success_with_price','Refund success :price','2023-03-01 01:08:44','2023-03-01 01:08:44'),(3034,1,'en','plugins/ecommerce/order','refund_success','Refund successfully!','2023-03-01 01:08:44','2023-03-01 01:08:44'),(3035,1,'en','plugins/ecommerce/order','order_is_not_existed','Order is not existed!','2023-03-01 01:08:44','2023-03-01 01:08:44'),(3036,1,'en','plugins/ecommerce/order','reorder','Reorder','2023-03-01 01:08:44','2023-03-01 01:08:44'),(3037,1,'en','plugins/ecommerce/order','sent_email_incomplete_order_success','Sent email to remind about incomplete order successfully!','2023-03-01 01:08:44','2023-03-01 01:08:44'),(3038,1,'en','plugins/ecommerce/order','applied_coupon_success','Applied coupon \":code\" successfully!','2023-03-01 01:08:44','2023-03-01 01:08:44'),(3039,1,'en','plugins/ecommerce/order','new_order_notice','You have <span class=\"bold\">:count</span> New Order(s)','2023-03-01 01:08:44','2023-03-01 01:08:44'),(3040,1,'en','plugins/ecommerce/order','view_all','View all','2023-03-01 01:08:44','2023-03-01 01:08:44'),(3041,1,'en','plugins/ecommerce/order','cancel_order','Cancel order','2023-03-01 01:08:44','2023-03-01 01:08:44'),(3042,1,'en','plugins/ecommerce/order','order_canceled','Order canceled','2023-03-01 01:08:44','2023-03-01 01:08:44'),(3043,1,'en','plugins/ecommerce/order','order_was_canceled_at','Order was canceled at','2023-03-01 01:08:44','2023-03-01 01:08:44'),(3044,1,'en','plugins/ecommerce/order','return_order','Return order','2023-03-01 01:08:44','2023-03-01 01:08:44'),(3045,1,'en','plugins/ecommerce/order','order_returned','Order returned','2023-03-01 01:08:44','2023-03-01 01:08:44'),(3046,1,'en','plugins/ecommerce/order','order_was_returned_at','Order was returned at','2023-03-01 01:08:44','2023-03-01 01:08:44'),(3047,1,'en','plugins/ecommerce/order','completed','Completed','2023-03-01 01:08:44','2023-03-01 01:08:44'),(3048,1,'en','plugins/ecommerce/order','uncompleted','Uncompleted','2023-03-01 01:08:44','2023-03-01 01:08:44'),(3049,1,'en','plugins/ecommerce/order','sku','SKU','2023-03-01 01:08:44','2023-03-01 01:08:44'),(3050,1,'en','plugins/ecommerce/order','warehouse','Warehouse','2023-03-01 01:08:44','2023-03-01 01:08:44'),(3051,1,'en','plugins/ecommerce/order','sub_amount','Sub amount','2023-03-01 01:08:44','2023-03-01 01:08:44'),(3052,1,'en','plugins/ecommerce/order','coupon_code','Coupon code: \":code\"','2023-03-01 01:08:44','2023-03-01 01:08:44'),(3053,1,'en','plugins/ecommerce/order','shipping_fee','Shipping fee','2023-03-01 01:08:44','2023-03-01 01:08:44'),(3054,1,'en','plugins/ecommerce/order','tax','Tax','2023-03-01 01:08:44','2023-03-01 01:08:44'),(3055,1,'en','plugins/ecommerce/order','refunded_amount','Refunded amount','2023-03-01 01:08:44','2023-03-01 01:08:44'),(3056,1,'en','plugins/ecommerce/order','amount_received','The amount actually received','2023-03-01 01:08:44','2023-03-01 01:08:44'),(3057,1,'en','plugins/ecommerce/order','download_invoice','Download invoice','2023-03-01 01:08:44','2023-03-01 01:08:44'),(3058,1,'en','plugins/ecommerce/order','print_invoice','Print invoice','2023-03-01 01:08:44','2023-03-01 01:08:44'),(3059,1,'en','plugins/ecommerce/order','add_note','Add note...','2023-03-01 01:08:44','2023-03-01 01:08:44'),(3060,1,'en','plugins/ecommerce/order','order_was_confirmed','Order was confirmed','2023-03-01 01:08:44','2023-03-01 01:08:44'),(3061,1,'en','plugins/ecommerce/order','confirm_order','Confirm order','2023-03-01 01:08:44','2023-03-01 01:08:44'),(3062,1,'en','plugins/ecommerce/order','confirm','Confirm','2023-03-01 01:08:44','2023-03-01 01:08:44'),(3063,1,'en','plugins/ecommerce/order','order_was_canceled','Order was canceled','2023-03-01 01:08:44','2023-03-01 01:08:44'),(3064,1,'en','plugins/ecommerce/order','order_was_returned','Order was returned','2023-03-01 01:08:44','2023-03-01 01:08:44'),(3065,1,'en','plugins/ecommerce/order','pending_payment','Pending payment','2023-03-01 01:08:44','2023-03-01 01:08:44'),(3066,1,'en','plugins/ecommerce/order','payment_was_accepted','Payment :money was accepted','2023-03-01 01:08:44','2023-03-01 01:08:44'),(3067,1,'en','plugins/ecommerce/order','payment_was_refunded','Payment was refunded','2023-03-01 01:08:44','2023-03-01 01:08:44'),(3068,1,'en','plugins/ecommerce/order','confirm_payment','Confirm payment','2023-03-01 01:08:44','2023-03-01 01:08:44'),(3069,1,'en','plugins/ecommerce/order','refund','Refund','2023-03-01 01:08:44','2023-03-01 01:08:44'),(3070,1,'en','plugins/ecommerce/order','all_products_are_not_delivered','All products are not delivered','2023-03-01 01:08:44','2023-03-01 01:08:44'),(3071,1,'en','plugins/ecommerce/order','delivery','Delivery','2023-03-01 01:08:44','2023-03-01 01:08:44'),(3072,1,'en','plugins/ecommerce/order','history','History','2023-03-01 01:08:44','2023-03-01 01:08:44'),(3073,1,'en','plugins/ecommerce/order','order_number','Order number','2023-03-01 01:08:44','2023-03-01 01:08:44'),(3074,1,'en','plugins/ecommerce/order','from','from','2023-03-01 01:08:44','2023-03-01 01:08:44'),(3075,1,'en','plugins/ecommerce/order','status','Status','2023-03-01 01:08:44','2023-03-01 01:08:44'),(3076,1,'en','plugins/ecommerce/order','successfully','Successfully','2023-03-01 01:08:44','2023-03-01 01:08:44'),(3077,1,'en','plugins/ecommerce/order','transaction_type','Transaction\'s type','2023-03-01 01:08:44','2023-03-01 01:08:44'),(3078,1,'en','plugins/ecommerce/order','staff','Staff','2023-03-01 01:08:44','2023-03-01 01:08:44'),(3079,1,'en','plugins/ecommerce/order','refund_date','Refund date','2023-03-01 01:08:44','2023-03-01 01:08:44'),(3080,1,'en','plugins/ecommerce/order','n_a','N\\A','2023-03-01 01:08:44','2023-03-01 01:08:44'),(3081,1,'en','plugins/ecommerce/order','payment_date','Payment date','2023-03-01 01:08:44','2023-03-01 01:08:44'),(3082,1,'en','plugins/ecommerce/order','payment_gateway','Payment gateway','2023-03-01 01:08:44','2023-03-01 01:08:44'),(3083,1,'en','plugins/ecommerce/order','transaction_amount','Transaction amount','2023-03-01 01:08:44','2023-03-01 01:08:44'),(3084,1,'en','plugins/ecommerce/order','resend','Resend','2023-03-01 01:08:44','2023-03-01 01:08:44'),(3085,1,'en','plugins/ecommerce/order','default_store','Default store','2023-03-01 01:08:44','2023-03-01 01:08:44'),(3086,1,'en','plugins/ecommerce/order','update_address','Update address','2023-03-01 01:08:44','2023-03-01 01:08:44'),(3087,1,'en','plugins/ecommerce/order','have_an_account_already','Have an account already','2023-03-01 01:08:44','2023-03-01 01:08:44'),(3088,1,'en','plugins/ecommerce/order','dont_have_an_account_yet','Don\'t have an account yet','2023-03-01 01:08:44','2023-03-01 01:08:44'),(3089,1,'en','plugins/ecommerce/order','mark_payment_as_confirmed','Mark <span>:method</span> as confirmed','2023-03-01 01:08:44','2023-03-01 01:08:44'),(3090,1,'en','plugins/ecommerce/order','resend_order_confirmation','Resend order confirmation','2023-03-01 01:08:44','2023-03-01 01:08:44'),(3091,1,'en','plugins/ecommerce/order','resend_order_confirmation_description','Confirmation email will be sent to <strong>:email</strong>?','2023-03-01 01:08:44','2023-03-01 01:08:44'),(3092,1,'en','plugins/ecommerce/order','send','Send','2023-03-01 01:08:44','2023-03-01 01:08:44'),(3093,1,'en','plugins/ecommerce/order','update','Update','2023-03-01 01:08:44','2023-03-01 01:08:44'),(3094,1,'en','plugins/ecommerce/order','cancel_shipping_confirmation','Cancel shipping confirmation?','2023-03-01 01:08:45','2023-03-01 01:08:45'),(3095,1,'en','plugins/ecommerce/order','cancel_shipping_confirmation_description','Cancel shipping confirmation?','2023-03-01 01:08:45','2023-03-01 01:08:45'),(3096,1,'en','plugins/ecommerce/order','cancel_order_confirmation','Cancel order confirmation?','2023-03-01 01:08:45','2023-03-01 01:08:45'),(3097,1,'en','plugins/ecommerce/order','cancel_order_confirmation_description','Are you sure you want to cancel this order? This action cannot rollback','2023-03-01 01:08:45','2023-03-01 01:08:45'),(3098,1,'en','plugins/ecommerce/order','return_order_confirmation','Return order confirmation?','2023-03-01 01:08:45','2023-03-01 01:08:45'),(3099,1,'en','plugins/ecommerce/order','return_order_confirmation_description','Are you sure you want to return this order? This action cannot rollback','2023-03-01 01:08:45','2023-03-01 01:08:45'),(3100,1,'en','plugins/ecommerce/order','confirm_payment_confirmation_description','Processed by <strong>:method</strong>. Did you receive payment outside the system? This payment won\'t be saved into system and cannot be refunded','2023-03-01 01:08:45','2023-03-01 01:08:45'),(3101,1,'en','plugins/ecommerce/order','save_note','Save note','2023-03-01 01:08:45','2023-03-01 01:08:45'),(3102,1,'en','plugins/ecommerce/order','order_note','Order note','2023-03-01 01:08:45','2023-03-01 01:08:45'),(3103,1,'en','plugins/ecommerce/order','order_note_placeholder','Note about order, ex: time or shipping instruction.','2023-03-01 01:08:45','2023-03-01 01:08:45'),(3104,1,'en','plugins/ecommerce/order','order_amount','Order amount','2023-03-01 01:08:45','2023-03-01 01:08:45'),(3105,1,'en','plugins/ecommerce/order','additional_information','Additional information','2023-03-01 01:08:45','2023-03-01 01:08:45'),(3106,1,'en','plugins/ecommerce/order','notice_about_incomplete_order','Notice about incomplete order','2023-03-01 01:08:45','2023-03-01 01:08:45'),(3107,1,'en','plugins/ecommerce/order','notice_about_incomplete_order_description','Remind email about uncompleted order will be send to <strong>:email</strong>?','2023-03-01 01:08:45','2023-03-01 01:08:45'),(3108,1,'en','plugins/ecommerce/order','incomplete_order_description_1','An incomplete order is when a potential customer places items in their shopping cart, and goes all the way through to the payment page, but then doesn\'t complete the transaction.','2023-03-01 01:08:45','2023-03-01 01:08:45'),(3109,1,'en','plugins/ecommerce/order','incomplete_order_description_2','If you have contacted customers and they want to continue buying, you can help them complete their order by following the link:','2023-03-01 01:08:45','2023-03-01 01:08:45'),(3110,1,'en','plugins/ecommerce/order','send_an_email_to_recover_this_order','Send an email to customer to recover this order','2023-03-01 01:08:45','2023-03-01 01:08:45'),(3111,1,'en','plugins/ecommerce/order','see_maps','See maps','2023-03-01 01:08:45','2023-03-01 01:08:45'),(3112,1,'en','plugins/ecommerce/order','one_or_more_products_dont_have_enough_quantity','One or more products don\'t have enough quantity!','2023-03-01 01:08:45','2023-03-01 01:08:45'),(3113,1,'en','plugins/ecommerce/order','cannot_send_order_recover_to_mail','The email could not be found so it can\'t send a recovery email to the customer.','2023-03-01 01:08:45','2023-03-01 01:08:45'),(3114,1,'en','plugins/ecommerce/order','payment_info','Payment Info','2023-03-01 01:08:45','2023-03-01 01:08:45'),(3115,1,'en','plugins/ecommerce/order','payment_method_refund_automatic','Your customer will be refunded using :method automatically.','2023-03-01 01:08:45','2023-03-01 01:08:45'),(3116,1,'en','plugins/ecommerce/order','order','Order','2023-03-01 01:08:45','2023-03-01 01:08:45'),(3117,1,'en','plugins/ecommerce/order','order_information','Order information','2023-03-01 01:08:45','2023-03-01 01:08:45'),(3118,1,'en','plugins/ecommerce/order','create_a_new_product','Create a new product','2023-03-01 01:08:45','2023-03-01 01:08:45'),(3119,1,'en','plugins/ecommerce/order','out_of_stock','Out of stock','2023-03-01 01:08:45','2023-03-01 01:08:45'),(3120,1,'en','plugins/ecommerce/order','products_available','product(s) available','2023-03-01 01:08:45','2023-03-01 01:08:45'),(3121,1,'en','plugins/ecommerce/order','no_products_found','No products found!','2023-03-01 01:08:45','2023-03-01 01:08:45'),(3122,1,'en','plugins/ecommerce/order','note','Note','2023-03-01 01:08:45','2023-03-01 01:08:45'),(3123,1,'en','plugins/ecommerce/order','note_for_order','Note for order...','2023-03-01 01:08:45','2023-03-01 01:08:45'),(3124,1,'en','plugins/ecommerce/order','amount','Amount','2023-03-01 01:08:45','2023-03-01 01:08:45'),(3125,1,'en','plugins/ecommerce/order','add_discount','Add discount','2023-03-01 01:08:45','2023-03-01 01:08:45'),(3126,1,'en','plugins/ecommerce/order','discount','Discount','2023-03-01 01:08:45','2023-03-01 01:08:45'),(3127,1,'en','plugins/ecommerce/order','add_shipping_fee','Add shipping fee','2023-03-01 01:08:45','2023-03-01 01:08:45'),(3128,1,'en','plugins/ecommerce/order','shipping','Shipping','2023-03-01 01:08:45','2023-03-01 01:08:45'),(3129,1,'en','plugins/ecommerce/order','total_amount','Total amount','2023-03-01 01:08:45','2023-03-01 01:08:45'),(3130,1,'en','plugins/ecommerce/order','confirm_payment_and_create_order','Confirm payment and create order','2023-03-01 01:08:45','2023-03-01 01:08:45'),(3131,1,'en','plugins/ecommerce/order','paid','Paid','2023-03-01 01:08:45','2023-03-01 01:08:45'),(3132,1,'en','plugins/ecommerce/order','pay_later','Pay later','2023-03-01 01:08:45','2023-03-01 01:08:45'),(3133,1,'en','plugins/ecommerce/order','customer_information','Customer information','2023-03-01 01:08:45','2023-03-01 01:08:45'),(3134,1,'en','plugins/ecommerce/order','create_new_customer','Create new customer','2023-03-01 01:08:45','2023-03-01 01:08:45'),(3135,1,'en','plugins/ecommerce/order','no_customer_found','No customer found!','2023-03-01 01:08:45','2023-03-01 01:08:45'),(3136,1,'en','plugins/ecommerce/order','customer','Customer','2023-03-01 01:08:45','2023-03-01 01:08:45'),(3137,1,'en','plugins/ecommerce/order','orders','order(s)','2023-03-01 01:08:45','2023-03-01 01:08:45'),(3138,1,'en','plugins/ecommerce/order','shipping_address','Shipping Address','2023-03-01 01:08:45','2023-03-01 01:08:45'),(3139,1,'en','plugins/ecommerce/order','billing_address','Billing Address','2023-03-01 01:08:45','2023-03-01 01:08:45'),(3140,1,'en','plugins/ecommerce/order','see_on_maps','See on maps','2023-03-01 01:08:45','2023-03-01 01:08:45'),(3141,1,'en','plugins/ecommerce/order','name','Name','2023-03-01 01:08:45','2023-03-01 01:08:45'),(3142,1,'en','plugins/ecommerce/order','price','Price','2023-03-01 01:08:45','2023-03-01 01:08:45'),(3143,1,'en','plugins/ecommerce/order','sku_optional','SKU (optional)','2023-03-01 01:08:45','2023-03-01 01:08:45'),(3144,1,'en','plugins/ecommerce/order','with_storehouse_management','With storehouse management?','2023-03-01 01:08:45','2023-03-01 01:08:45'),(3145,1,'en','plugins/ecommerce/order','quantity','Quantity','2023-03-01 01:08:45','2023-03-01 01:08:45'),(3146,1,'en','plugins/ecommerce/order','allow_customer_checkout_when_this_product_out_of_stock','Allow customer checkout when this product out of stock?','2023-03-01 01:08:45','2023-03-01 01:08:45'),(3147,1,'en','plugins/ecommerce/order','address','Address','2023-03-01 01:08:45','2023-03-01 01:08:45'),(3148,1,'en','plugins/ecommerce/order','phone','Phone','2023-03-01 01:08:45','2023-03-01 01:08:45'),(3149,1,'en','plugins/ecommerce/order','country','Country','2023-03-01 01:08:45','2023-03-01 01:08:45'),(3150,1,'en','plugins/ecommerce/order','state','State','2023-03-01 01:08:45','2023-03-01 01:08:45'),(3151,1,'en','plugins/ecommerce/order','city','City','2023-03-01 01:08:45','2023-03-01 01:08:45'),(3152,1,'en','plugins/ecommerce/order','zip_code','Zip code','2023-03-01 01:08:45','2023-03-01 01:08:45'),(3153,1,'en','plugins/ecommerce/order','discount_based_on','Discount based on','2023-03-01 01:08:45','2023-03-01 01:08:45'),(3154,1,'en','plugins/ecommerce/order','or_coupon_code','Or coupon code','2023-03-01 01:08:45','2023-03-01 01:08:45'),(3155,1,'en','plugins/ecommerce/order','description','Description','2023-03-01 01:08:45','2023-03-01 01:08:45'),(3156,1,'en','plugins/ecommerce/order','how_to_select_configured_shipping','How to select configured shipping?','2023-03-01 01:08:45','2023-03-01 01:08:45'),(3157,1,'en','plugins/ecommerce/order','please_add_customer_information_with_the_complete_shipping_address_to_see_the_configured_shipping_rates','Please add customer information with the complete shipping address to see the configured shipping rates','2023-03-01 01:08:45','2023-03-01 01:08:45'),(3158,1,'en','plugins/ecommerce/order','free_shipping','Free shipping','2023-03-01 01:08:45','2023-03-01 01:08:45'),(3159,1,'en','plugins/ecommerce/order','custom','Custom','2023-03-01 01:08:45','2023-03-01 01:08:45'),(3160,1,'en','plugins/ecommerce/order','email','Email','2023-03-01 01:08:45','2023-03-01 01:08:45'),(3161,1,'en','plugins/ecommerce/order','create_order','Create order','2023-03-01 01:08:45','2023-03-01 01:08:45'),(3162,1,'en','plugins/ecommerce/order','close','Close','2023-03-01 01:08:45','2023-03-01 01:08:45'),(3163,1,'en','plugins/ecommerce/order','confirm_payment_is_paid_for_this_order','Confirm payment is paid for this order','2023-03-01 01:08:45','2023-03-01 01:08:45'),(3164,1,'en','plugins/ecommerce/order','payment_status_of_the_order_is_paid_once_the_order_has_been_created_you_cannot_change_the_payment_method_or_status','Payment status of the order is Paid. Once the order has been created, you cannot change the payment method or status','2023-03-01 01:08:45','2023-03-01 01:08:45'),(3165,1,'en','plugins/ecommerce/order','select_payment_method','Select payment method','2023-03-01 01:08:45','2023-03-01 01:08:45'),(3166,1,'en','plugins/ecommerce/order','cash_on_delivery_cod','Cash on delivery (COD)','2023-03-01 01:08:45','2023-03-01 01:08:45'),(3167,1,'en','plugins/ecommerce/order','bank_transfer','Bank transfer','2023-03-01 01:08:45','2023-03-01 01:08:45'),(3168,1,'en','plugins/ecommerce/order','paid_amount','Paid amount','2023-03-01 01:08:45','2023-03-01 01:08:45'),(3169,1,'en','plugins/ecommerce/order','confirm_that_payment_for_this_order_will_be_paid_later','Confirm that payment for this order will be paid later','2023-03-01 01:08:45','2023-03-01 01:08:45'),(3170,1,'en','plugins/ecommerce/order','payment_status_of_the_order_is_pending_once_the_order_has_been_created_you_cannot_change_the_payment_method_or_status','Payment status of the order is Pending. Once the order has been created, you cannot change the payment method or status','2023-03-01 01:08:45','2023-03-01 01:08:45'),(3171,1,'en','plugins/ecommerce/order','pending_amount','Pending amount','2023-03-01 01:08:45','2023-03-01 01:08:45'),(3172,1,'en','plugins/ecommerce/order','update_email','Update email','2023-03-01 01:08:45','2023-03-01 01:08:45'),(3173,1,'en','plugins/ecommerce/order','save','Save','2023-03-01 01:08:45','2023-03-01 01:08:45'),(3174,1,'en','plugins/ecommerce/order','cancel','Cancel','2023-03-01 01:08:45','2023-03-01 01:08:45'),(3175,1,'en','plugins/ecommerce/order','create_a_new_order','Create a new order','2023-03-01 01:08:45','2023-03-01 01:08:45'),(3176,1,'en','plugins/ecommerce/order','search_or_create_new_product','Search or create a new product','2023-03-01 01:08:45','2023-03-01 01:08:45'),(3177,1,'en','plugins/ecommerce/order','search_or_create_new_customer','Search or create a new customer','2023-03-01 01:08:45','2023-03-01 01:08:45'),(3178,1,'en','plugins/ecommerce/order','discount_description','Discount description','2023-03-01 01:08:45','2023-03-01 01:08:45'),(3179,1,'en','plugins/ecommerce/order','cant_select_out_of_stock_product','Cannot select out of stock product!','2023-03-01 01:08:45','2023-03-01 01:08:45'),(3180,1,'en','plugins/ecommerce/order','referral','Referral','2023-03-01 01:08:45','2023-03-01 01:08:45'),(3181,1,'en','plugins/ecommerce/order','return_order_unique','Same :attribute already exists in a previous return request.','2023-03-01 01:08:45','2023-03-01 01:08:45'),(3182,1,'en','plugins/ecommerce/order','total_return_amount','Total return amount','2023-03-01 01:08:45','2023-03-01 01:08:45'),(3183,1,'en','plugins/ecommerce/order','change_return_order_status','Change return order status','2023-03-01 01:08:45','2023-03-01 01:08:45'),(3184,1,'en','plugins/ecommerce/order','return_reason','Return reason','2023-03-01 01:08:45','2023-03-01 01:08:45'),(3185,1,'en','plugins/ecommerce/order','referral_data.ip','IP','2023-03-01 01:08:45','2023-03-01 01:08:45'),(3186,1,'en','plugins/ecommerce/order','referral_data.landing_domain','Landing domain','2023-03-01 01:08:45','2023-03-01 01:08:45'),(3187,1,'en','plugins/ecommerce/order','referral_data.landing_page','Landing page','2023-03-01 01:08:45','2023-03-01 01:08:45'),(3188,1,'en','plugins/ecommerce/order','referral_data.landing_params','Landing params','2023-03-01 01:08:45','2023-03-01 01:08:45'),(3189,1,'en','plugins/ecommerce/order','referral_data.gclid','Gclid','2023-03-01 01:08:45','2023-03-01 01:08:45'),(3190,1,'en','plugins/ecommerce/order','referral_data.fclid','Fclid','2023-03-01 01:08:45','2023-03-01 01:08:45'),(3191,1,'en','plugins/ecommerce/order','referral_data.utm_source','UTM source','2023-03-01 01:08:45','2023-03-01 01:08:45'),(3192,1,'en','plugins/ecommerce/order','referral_data.utm_campaign','UTM campaign','2023-03-01 01:08:45','2023-03-01 01:08:45'),(3193,1,'en','plugins/ecommerce/order','referral_data.utm_medium','UTM medium','2023-03-01 01:08:45','2023-03-01 01:08:45'),(3194,1,'en','plugins/ecommerce/order','referral_data.utm_term','UTM term','2023-03-01 01:08:45','2023-03-01 01:08:45'),(3195,1,'en','plugins/ecommerce/order','referral_data.utm_content','UTM content','2023-03-01 01:08:45','2023-03-01 01:08:45'),(3196,1,'en','plugins/ecommerce/order','referral_data.referral','Referral','2023-03-01 01:08:45','2023-03-01 01:08:45'),(3197,1,'en','plugins/ecommerce/order','referral_data.referrer_url','Referral URL','2023-03-01 01:08:45','2023-03-01 01:08:45'),(3198,1,'en','plugins/ecommerce/order','referral_data.referrer_domain','Referral domain','2023-03-01 01:08:45','2023-03-01 01:08:45'),(3199,1,'en','plugins/ecommerce/order','order_address_types.shipping_address','Shipping address','2023-03-01 01:08:45','2023-03-01 01:08:45'),(3200,1,'en','plugins/ecommerce/order','order_address_types.billing_address','Billing address','2023-03-01 01:08:45','2023-03-01 01:08:45'),(3201,1,'en','plugins/ecommerce/order','order_return_reasons.damaged','Damaged product','2023-03-01 01:08:45','2023-03-01 01:08:45'),(3202,1,'en','plugins/ecommerce/order','order_return_reasons.defective','Defective','2023-03-01 01:08:45','2023-03-01 01:08:45'),(3203,1,'en','plugins/ecommerce/order','order_return_reasons.incorrect_item','Incorrect item','2023-03-01 01:08:45','2023-03-01 01:08:45'),(3204,1,'en','plugins/ecommerce/order','order_return_reasons.arrived_late','Arrived late','2023-03-01 01:08:45','2023-03-01 01:08:45'),(3205,1,'en','plugins/ecommerce/order','order_return_reasons.not_as_described','Not as described','2023-03-01 01:08:45','2023-03-01 01:08:45'),(3206,1,'en','plugins/ecommerce/order','order_return_reasons.no_longer_want','No longer want','2023-03-01 01:08:45','2023-03-01 01:08:45'),(3207,1,'en','plugins/ecommerce/order','order_return_reasons.other','Other','2023-03-01 01:08:45','2023-03-01 01:08:45'),(3208,1,'en','plugins/ecommerce/order','order_return_reason','Return reason','2023-03-01 01:08:45','2023-03-01 01:08:45'),(3209,1,'en','plugins/ecommerce/order','notices.update_return_order_status_error','Cannot update return order status! Maybe the return order status is not valid.','2023-03-01 01:08:45','2023-03-01 01:08:45'),(3210,1,'en','plugins/ecommerce/order','notices.update_return_order_status_success','Update return order status successfully!','2023-03-01 01:08:45','2023-03-01 01:08:45'),(3211,1,'en','plugins/ecommerce/order','order_return','Order returns','2023-03-01 01:08:45','2023-03-01 01:08:45'),(3212,1,'en','plugins/ecommerce/order','edit_order_return','Edit order return :code','2023-03-01 01:08:45','2023-03-01 01:08:45'),(3213,1,'en','plugins/ecommerce/order','order_return_items_count','Product item(s)','2023-03-01 01:08:45','2023-03-01 01:08:45'),(3214,1,'en','plugins/ecommerce/order','new_order_notifications.new_order','New order','2023-03-01 01:08:45','2023-03-01 01:08:45'),(3215,1,'en','plugins/ecommerce/order','new_order_notifications.view','View','2023-03-01 01:08:45','2023-03-01 01:08:45'),(3216,1,'en','plugins/ecommerce/order','new_order_notifications.description',':customer ordered :quantity :product','2023-03-01 01:08:45','2023-03-01 01:08:45'),(3217,1,'en','plugins/ecommerce/order','confirm_payment_notifications.confirm_payment','Confirm payment','2023-03-01 01:08:45','2023-03-01 01:08:45'),(3218,1,'en','plugins/ecommerce/order','confirm_payment_notifications.description','Order :order Payment was confirmed (amount :amount) by :by','2023-03-01 01:08:45','2023-03-01 01:08:45'),(3219,1,'en','plugins/ecommerce/order','update_shipping_status_notifications.update_shipping_status','Update shipping status','2023-03-01 01:08:45','2023-03-01 01:08:45'),(3220,1,'en','plugins/ecommerce/order','update_shipping_status_notifications.description','Order :order had changed shipping status :description','2023-03-01 01:08:45','2023-03-01 01:08:45'),(3221,1,'en','plugins/ecommerce/order','cancel_order_notifications.cancel_order','Cancel order','2023-03-01 01:08:45','2023-03-01 01:08:45'),(3222,1,'en','plugins/ecommerce/order','cancel_order_notifications.description','Order :order was cancelled by custom :customer','2023-03-01 01:08:45','2023-03-01 01:08:45'),(3223,1,'en','plugins/ecommerce/order','return_order_notifications.return_order','Return order','2023-03-01 01:08:45','2023-03-01 01:08:45'),(3224,1,'en','plugins/ecommerce/order','return_order_notifications.description',':customer has requested return product(s)','2023-03-01 01:08:45','2023-03-01 01:08:45'),(3225,1,'en','plugins/ecommerce/order','order_completed_notifications.order_completed','Order Completed','2023-03-01 01:08:45','2023-03-01 01:08:45'),(3226,1,'en','plugins/ecommerce/order','order_completed_notifications.description','Order :order has been completed','2023-03-01 01:08:45','2023-03-01 01:08:45'),(3227,1,'en','plugins/ecommerce/payment','name','Payments','2023-03-01 01:08:45','2023-03-01 01:08:45'),(3228,1,'en','plugins/ecommerce/payment','payment_method','Payment methods','2023-03-01 01:08:45','2023-03-01 01:08:45'),(3229,1,'en','plugins/ecommerce/payment','view_payment','View payment #','2023-03-01 01:08:45','2023-03-01 01:08:45'),(3230,1,'en','plugins/ecommerce/payment','charge_id','Charge ID','2023-03-01 01:08:45','2023-03-01 01:08:45'),(3231,1,'en','plugins/ecommerce/payment','amount','Amount','2023-03-01 01:08:45','2023-03-01 01:08:45'),(3232,1,'en','plugins/ecommerce/payment','currency','Currency','2023-03-01 01:08:45','2023-03-01 01:08:45'),(3233,1,'en','plugins/ecommerce/payment','user','User','2023-03-01 01:08:45','2023-03-01 01:08:45'),(3234,1,'en','plugins/ecommerce/payment','paypal_name_required','PayPal\'s name is required!','2023-03-01 01:08:45','2023-03-01 01:08:45'),(3235,1,'en','plugins/ecommerce/payment','paypal_name_max','PayPal\'s name is too long!','2023-03-01 01:08:45','2023-03-01 01:08:45'),(3236,1,'en','plugins/ecommerce/payment','status','Status','2023-03-01 01:08:45','2023-03-01 01:08:45'),(3237,1,'en','plugins/ecommerce/payment','enabled','Enabled','2023-03-01 01:08:45','2023-03-01 01:08:45'),(3238,1,'en','plugins/ecommerce/payment','disabled','Disabled','2023-03-01 01:08:45','2023-03-01 01:08:45'),(3239,1,'en','plugins/ecommerce/payment','client_id','Client ID','2023-03-01 01:08:45','2023-03-01 01:08:45'),(3240,1,'en','plugins/ecommerce/payment','client_secret','Client Secret','2023-03-01 01:08:45','2023-03-01 01:08:45'),(3241,1,'en','plugins/ecommerce/payment','mode','Mode','2023-03-01 01:08:45','2023-03-01 01:08:45'),(3242,1,'en','plugins/ecommerce/payment','sandbox','Sandbox','2023-03-01 01:08:45','2023-03-01 01:08:45'),(3243,1,'en','plugins/ecommerce/payment','live','Live','2023-03-01 01:08:45','2023-03-01 01:08:45'),(3244,1,'en','plugins/ecommerce/payment','enable_payment_log','Enable Payment Log','2023-03-01 01:08:45','2023-03-01 01:08:45'),(3245,1,'en','plugins/ecommerce/payment','yes','Yes','2023-03-01 01:08:45','2023-03-01 01:08:45'),(3246,1,'en','plugins/ecommerce/payment','no','No','2023-03-01 01:08:45','2023-03-01 01:08:45'),(3247,1,'en','plugins/ecommerce/payment','client_key','Client Key','2023-03-01 01:08:45','2023-03-01 01:08:45'),(3248,1,'en','plugins/ecommerce/payment','paypal','PayPal','2023-03-01 01:08:45','2023-03-01 01:08:45'),(3249,1,'en','plugins/ecommerce/payment','action','Action','2023-03-01 01:08:45','2023-03-01 01:08:45'),(3250,1,'en','plugins/ecommerce/payment','go_back','Go back','2023-03-01 01:08:45','2023-03-01 01:08:45'),(3251,1,'en','plugins/ecommerce/payment','view','View','2023-03-01 01:08:45','2023-03-01 01:08:45'),(3252,1,'en','plugins/ecommerce/payment','cash_on_delivery','Cash on delivery (COD)','2023-03-01 01:08:45','2023-03-01 01:08:45'),(3253,1,'en','plugins/ecommerce/payment','via_bank_transfer','Via bank transfer','2023-03-01 01:08:45','2023-03-01 01:08:45'),(3254,1,'en','plugins/ecommerce/payment','payment_via_cart','Payment via card','2023-03-01 01:08:45','2023-03-01 01:08:45'),(3255,1,'en','plugins/ecommerce/payment','card_number','Card number','2023-03-01 01:08:45','2023-03-01 01:08:45'),(3256,1,'en','plugins/ecommerce/payment','full_name','Full name','2023-03-01 01:08:45','2023-03-01 01:08:45'),(3257,1,'en','plugins/ecommerce/payment','payment_via_paypal','Payment via PayPal','2023-03-01 01:08:45','2023-03-01 01:08:45'),(3258,1,'en','plugins/ecommerce/payment','mm_yy','MM/YY','2023-03-01 01:08:45','2023-03-01 01:08:45'),(3259,1,'en','plugins/ecommerce/payment','cvc','CVC','2023-03-01 01:08:45','2023-03-01 01:08:45'),(3260,1,'en','plugins/ecommerce/payment','details','Details','2023-03-01 01:08:45','2023-03-01 01:08:45'),(3261,1,'en','plugins/ecommerce/payment','payer_name','Payer Name','2023-03-01 01:08:45','2023-03-01 01:08:45'),(3262,1,'en','plugins/ecommerce/payment','email','Email','2023-03-01 01:08:45','2023-03-01 01:08:45'),(3263,1,'en','plugins/ecommerce/payment','phone','Phone','2023-03-01 01:08:45','2023-03-01 01:08:45'),(3264,1,'en','plugins/ecommerce/payment','country','Country','2023-03-01 01:08:45','2023-03-01 01:08:45'),(3265,1,'en','plugins/ecommerce/payment','shipping_address','Shipping Address','2023-03-01 01:08:45','2023-03-01 01:08:45'),(3266,1,'en','plugins/ecommerce/payment','payment_details','Payment Details','2023-03-01 01:08:45','2023-03-01 01:08:45'),(3267,1,'en','plugins/ecommerce/payment','card','Card','2023-03-01 01:08:45','2023-03-01 01:08:45'),(3268,1,'en','plugins/ecommerce/payment','address','Address','2023-03-01 01:08:45','2023-03-01 01:08:45'),(3269,1,'en','plugins/ecommerce/payment','new_payment','Payment for order :id','2023-03-01 01:08:45','2023-03-01 01:08:45'),(3270,1,'en','plugins/ecommerce/payment','payment_id','Payment ID','2023-03-01 01:08:45','2023-03-01 01:08:45'),(3271,1,'en','plugins/ecommerce/payment','order','Order','2023-03-01 01:08:45','2023-03-01 01:08:45'),(3272,1,'en','plugins/ecommerce/payment','add_payment','Add payment','2023-03-01 01:08:45','2023-03-01 01:08:45'),(3273,1,'en','plugins/ecommerce/payment','add_new_payment','New payment','2023-03-01 01:08:45','2023-03-01 01:08:45'),(3274,1,'en','plugins/ecommerce/payment','add','Add','2023-03-01 01:08:45','2023-03-01 01:08:45'),(3275,1,'en','plugins/ecommerce/payment','no_data','No data to display','2023-03-01 01:08:45','2023-03-01 01:08:45'),(3276,1,'en','plugins/ecommerce/payment','no_option','No option','2023-03-01 01:08:45','2023-03-01 01:08:45'),(3277,1,'en','plugins/ecommerce/payment','edit_payment','Edit payment','2023-03-01 01:08:45','2023-03-01 01:08:45'),(3278,1,'en','plugins/ecommerce/payment','save','Save','2023-03-01 01:08:45','2023-03-01 01:08:45'),(3279,1,'en','plugins/ecommerce/prices','name','Price','2023-03-01 01:08:45','2023-03-01 01:08:45'),(3280,1,'en','plugins/ecommerce/prices','create','New price','2023-03-01 01:08:45','2023-03-01 01:08:45'),(3281,1,'en','plugins/ecommerce/prices','edit','Edit price','2023-03-01 01:08:46','2023-03-01 01:08:46'),(3282,1,'en','plugins/ecommerce/prices','list','List price','2023-03-01 01:08:46','2023-03-01 01:08:46'),(3283,1,'en','plugins/ecommerce/product-attribute-sets','name','Product attribute sets','2023-03-01 01:08:46','2023-03-01 01:08:46'),(3284,1,'en','plugins/ecommerce/product-attribute-sets','create','New product attribute set','2023-03-01 01:08:46','2023-03-01 01:08:46'),(3285,1,'en','plugins/ecommerce/product-attribute-sets','edit','Edit product attribute set','2023-03-01 01:08:46','2023-03-01 01:08:46'),(3286,1,'en','plugins/ecommerce/product-attribute-sets','visible_in_categories','Visible in categories','2023-03-01 01:08:46','2023-03-01 01:08:46'),(3287,1,'en','plugins/ecommerce/product-attribute-sets','product_with_more_version','Product with more version','2023-03-01 01:08:46','2023-03-01 01:08:46'),(3288,1,'en','plugins/ecommerce/product-attribute-sets','create_a_version','Create a version','2023-03-01 01:08:46','2023-03-01 01:08:46'),(3289,1,'en','plugins/ecommerce/product-attribute-sets','enabled','Enabled','2023-03-01 01:08:46','2023-03-01 01:08:46'),(3290,1,'en','plugins/ecommerce/product-attribute-sets','attributes','Attributes','2023-03-01 01:08:46','2023-03-01 01:08:46'),(3291,1,'en','plugins/ecommerce/product-attribute-sets','price','Price','2023-03-01 01:08:46','2023-03-01 01:08:46'),(3292,1,'en','plugins/ecommerce/product-attribute-sets','edit_btn','Edit','2023-03-01 01:08:46','2023-03-01 01:08:46'),(3293,1,'en','plugins/ecommerce/product-attribute-sets','remove_btn','Remove','2023-03-01 01:08:46','2023-03-01 01:08:46'),(3294,1,'en','plugins/ecommerce/product-attribute-sets','product','Product','2023-03-01 01:08:46','2023-03-01 01:08:46'),(3295,1,'en','plugins/ecommerce/product-attribute-sets','back_to_product','Back to product','2023-03-01 01:08:46','2023-03-01 01:08:46'),(3296,1,'en','plugins/ecommerce/product-attribute-sets','save','Save','2023-03-01 01:08:46','2023-03-01 01:08:46'),(3297,1,'en','plugins/ecommerce/product-attribute-sets','other_existing_versions','Other existing versions','2023-03-01 01:08:46','2023-03-01 01:08:46'),(3298,1,'en','plugins/ecommerce/product-attribute-sets','version_information','Version information','2023-03-01 01:08:46','2023-03-01 01:08:46'),(3299,1,'en','plugins/ecommerce/product-attribute-sets','add_rule','Add rule','2023-03-01 01:08:46','2023-03-01 01:08:46'),(3300,1,'en','plugins/ecommerce/product-attribute-sets','rules','Rules','2023-03-01 01:08:46','2023-03-01 01:08:46'),(3301,1,'en','plugins/ecommerce/product-attribute-sets','pricing','Pricing','2023-03-01 01:08:46','2023-03-01 01:08:46'),(3302,1,'en','plugins/ecommerce/product-attribute-sets','sale_price','Sale price','2023-03-01 01:08:46','2023-03-01 01:08:46'),(3303,1,'en','plugins/ecommerce/product-attribute-sets','sale_type','Sale type','2023-03-01 01:08:46','2023-03-01 01:08:46'),(3304,1,'en','plugins/ecommerce/product-attribute-sets','no_sale_price','No sale price','2023-03-01 01:08:46','2023-03-01 01:08:46'),(3305,1,'en','plugins/ecommerce/product-attribute-sets','always_on_sale','Always on sale','2023-03-01 01:08:46','2023-03-01 01:08:46'),(3306,1,'en','plugins/ecommerce/product-attribute-sets','limited_time','Limited time','2023-03-01 01:08:46','2023-03-01 01:08:46'),(3307,1,'en','plugins/ecommerce/product-attribute-sets','from','From','2023-03-01 01:08:46','2023-03-01 01:08:46'),(3308,1,'en','plugins/ecommerce/product-attribute-sets','to','To','2023-03-01 01:08:46','2023-03-01 01:08:46'),(3309,1,'en','plugins/ecommerce/product-attribute-sets','storehouse','Storehouse','2023-03-01 01:08:46','2023-03-01 01:08:46'),(3310,1,'en','plugins/ecommerce/product-attribute-sets','no_storehouse_management','No storehouse management','2023-03-01 01:08:46','2023-03-01 01:08:46'),(3311,1,'en','plugins/ecommerce/product-attribute-sets','with_storehouse_management','With storehouse management','2023-03-01 01:08:46','2023-03-01 01:08:46'),(3312,1,'en','plugins/ecommerce/product-attribute-sets','quantity','Quantity','2023-03-01 01:08:46','2023-03-01 01:08:46'),(3313,1,'en','plugins/ecommerce/product-attribute-sets','allow_customer_checkout_out_of_stock','Allow customer checkout when this product out of stock','2023-03-01 01:08:46','2023-03-01 01:08:46'),(3314,1,'en','plugins/ecommerce/product-attribute-sets','shipping','Shipping','2023-03-01 01:08:46','2023-03-01 01:08:46'),(3315,1,'en','plugins/ecommerce/product-attribute-sets','length','Length','2023-03-01 01:08:46','2023-03-01 01:08:46'),(3316,1,'en','plugins/ecommerce/product-attribute-sets','wide','Wide','2023-03-01 01:08:46','2023-03-01 01:08:46'),(3317,1,'en','plugins/ecommerce/product-attribute-sets','height','Height','2023-03-01 01:08:46','2023-03-01 01:08:46'),(3318,1,'en','plugins/ecommerce/product-attribute-sets','weight','Weight','2023-03-01 01:08:46','2023-03-01 01:08:46'),(3319,1,'en','plugins/ecommerce/product-attribute-sets','version_images','Version images','2023-03-01 01:08:46','2023-03-01 01:08:46'),(3320,1,'en','plugins/ecommerce/product-attribute-sets','add_new_image','Add new image','2023-03-01 01:08:46','2023-03-01 01:08:46'),(3321,1,'en','plugins/ecommerce/product-attribute-sets','attribute_set','Attribute set','2023-03-01 01:08:46','2023-03-01 01:08:46'),(3322,1,'en','plugins/ecommerce/product-attribute-sets','value','Value','2023-03-01 01:08:46','2023-03-01 01:08:46'),(3323,1,'en','plugins/ecommerce/product-attribute-sets','dropdown_swatch','Dropdown Swatch','2023-03-01 01:08:46','2023-03-01 01:08:46'),(3324,1,'en','plugins/ecommerce/product-attribute-sets','visual_swatch','Visual Swatch','2023-03-01 01:08:46','2023-03-01 01:08:46'),(3325,1,'en','plugins/ecommerce/product-attribute-sets','text_swatch','Text Swatch','2023-03-01 01:08:46','2023-03-01 01:08:46'),(3326,1,'en','plugins/ecommerce/product-attribute-sets','display_layout','Display Layout','2023-03-01 01:08:46','2023-03-01 01:08:46'),(3327,1,'en','plugins/ecommerce/product-attribute-sets','searchable','Searchable','2023-03-01 01:08:46','2023-03-01 01:08:46'),(3328,1,'en','plugins/ecommerce/product-attribute-sets','comparable','Comparable','2023-03-01 01:08:46','2023-03-01 01:08:46'),(3329,1,'en','plugins/ecommerce/product-attribute-sets','use_in_product_listing','Used in product listing','2023-03-01 01:08:46','2023-03-01 01:08:46'),(3330,1,'en','plugins/ecommerce/product-attribute-sets','attributes_list','Attributes list','2023-03-01 01:08:46','2023-03-01 01:08:46'),(3331,1,'en','plugins/ecommerce/product-attribute-sets','is_default','Is default?','2023-03-01 01:08:46','2023-03-01 01:08:46'),(3332,1,'en','plugins/ecommerce/product-attribute-sets','title','Title','2023-03-01 01:08:46','2023-03-01 01:08:46'),(3333,1,'en','plugins/ecommerce/product-attribute-sets','slug','Slug','2023-03-01 01:08:46','2023-03-01 01:08:46'),(3334,1,'en','plugins/ecommerce/product-attribute-sets','color','Color','2023-03-01 01:08:46','2023-03-01 01:08:46'),(3335,1,'en','plugins/ecommerce/product-attribute-sets','image','Image','2023-03-01 01:08:46','2023-03-01 01:08:46'),(3336,1,'en','plugins/ecommerce/product-attribute-sets','remove','Remove','2023-03-01 01:08:46','2023-03-01 01:08:46'),(3337,1,'en','plugins/ecommerce/product-attribute-sets','add_new_attribute','Add new attribute','2023-03-01 01:08:46','2023-03-01 01:08:46'),(3338,1,'en','plugins/ecommerce/product-attribute-sets','use_image_from_product_variation','Use image from product variation (for Visual Swatch only)','2023-03-01 01:08:46','2023-03-01 01:08:46'),(3339,1,'en','plugins/ecommerce/product-attributes','name','Product attributes','2023-03-01 01:08:46','2023-03-01 01:08:46'),(3340,1,'en','plugins/ecommerce/product-attributes','create','New product attribute','2023-03-01 01:08:46','2023-03-01 01:08:46'),(3341,1,'en','plugins/ecommerce/product-attributes','edit','Edit product attribute','2023-03-01 01:08:46','2023-03-01 01:08:46'),(3342,1,'en','plugins/ecommerce/product-attributes','intro.title','Manage product attributes','2023-03-01 01:08:46','2023-03-01 01:08:46'),(3343,1,'en','plugins/ecommerce/product-attributes','intro.description','Product attribute such as color, width, height ...','2023-03-01 01:08:46','2023-03-01 01:08:46'),(3344,1,'en','plugins/ecommerce/product-attributes','intro.button_text','Create product attribute','2023-03-01 01:08:46','2023-03-01 01:08:46'),(3345,1,'en','plugins/ecommerce/product-categories','name','Product categories','2023-03-01 01:08:46','2023-03-01 01:08:46'),(3346,1,'en','plugins/ecommerce/product-categories','create','Create new product category','2023-03-01 01:08:46','2023-03-01 01:08:46'),(3347,1,'en','plugins/ecommerce/product-categories','edit','Edit product category','2023-03-01 01:08:46','2023-03-01 01:08:46'),(3348,1,'en','plugins/ecommerce/product-categories','list','List product categories','2023-03-01 01:08:46','2023-03-01 01:08:46'),(3349,1,'en','plugins/ecommerce/product-categories','none','None','2023-03-01 01:08:46','2023-03-01 01:08:46'),(3350,1,'en','plugins/ecommerce/product-categories','menu','Product categories','2023-03-01 01:08:46','2023-03-01 01:08:46'),(3351,1,'en','plugins/ecommerce/product-categories','intro.title','Manage product categories','2023-03-01 01:08:46','2023-03-01 01:08:46'),(3352,1,'en','plugins/ecommerce/product-categories','intro.description','Such as clothes, shoes, bags, jewelry ...','2023-03-01 01:08:46','2023-03-01 01:08:46'),(3353,1,'en','plugins/ecommerce/product-categories','intro.button_text','Create product category','2023-03-01 01:08:46','2023-03-01 01:08:46'),(3354,1,'en','plugins/ecommerce/product-categories','total_products','Total products: :total','2023-03-01 01:08:46','2023-03-01 01:08:46'),(3355,1,'en','plugins/ecommerce/product-collections','name','Product collections','2023-03-01 01:08:46','2023-03-01 01:08:46'),(3356,1,'en','plugins/ecommerce/product-collections','create','New product collection','2023-03-01 01:08:46','2023-03-01 01:08:46'),(3357,1,'en','plugins/ecommerce/product-collections','edit','Edit product collection','2023-03-01 01:08:46','2023-03-01 01:08:46'),(3358,1,'en','plugins/ecommerce/product-collections','slug_help_block','Label key: <code>:slug</code>. We will use this key for filter.','2023-03-01 01:08:46','2023-03-01 01:08:46'),(3359,1,'en','plugins/ecommerce/product-collections','intro.title','Manage product collections','2023-03-01 01:08:46','2023-03-01 01:08:46'),(3360,1,'en','plugins/ecommerce/product-collections','intro.description','Group your products into collections to make it easier for customers to find them by category.','2023-03-01 01:08:46','2023-03-01 01:08:46'),(3361,1,'en','plugins/ecommerce/product-collections','intro.button_text','Create product collection','2023-03-01 01:08:46','2023-03-01 01:08:46'),(3362,1,'en','plugins/ecommerce/product-label','name','Product labels','2023-03-01 01:08:46','2023-03-01 01:08:46'),(3363,1,'en','plugins/ecommerce/product-label','create','New product label','2023-03-01 01:08:46','2023-03-01 01:08:46'),(3364,1,'en','plugins/ecommerce/product-label','edit','Edit product label','2023-03-01 01:08:46','2023-03-01 01:08:46'),(3365,1,'en','plugins/ecommerce/product-label','color','Color','2023-03-01 01:08:46','2023-03-01 01:08:46'),(3366,1,'en','plugins/ecommerce/product-label','color_placeholder','Example: #f0f0f0','2023-03-01 01:08:46','2023-03-01 01:08:46'),(3367,1,'en','plugins/ecommerce/product-option','name','Product options','2023-03-01 01:08:46','2023-03-01 01:08:46'),(3368,1,'en','plugins/ecommerce/product-option','options','Options','2023-03-01 01:08:46','2023-03-01 01:08:46'),(3369,1,'en','plugins/ecommerce/product-option','create','New option','2023-03-01 01:08:46','2023-03-01 01:08:46'),(3370,1,'en','plugins/ecommerce/product-option','edit','Edit option :name','2023-03-01 01:08:46','2023-03-01 01:08:46'),(3371,1,'en','plugins/ecommerce/product-option','required','Is required?','2023-03-01 01:08:46','2023-03-01 01:08:46'),(3372,1,'en','plugins/ecommerce/product-option','option_value','Option value','2023-03-01 01:08:46','2023-03-01 01:08:46'),(3373,1,'en','plugins/ecommerce/product-option','option_type','Type','2023-03-01 01:08:46','2023-03-01 01:08:46'),(3374,1,'en','plugins/ecommerce/product-option','label','Label','2023-03-01 01:08:46','2023-03-01 01:08:46'),(3375,1,'en','plugins/ecommerce/product-option','price','Price','2023-03-01 01:08:46','2023-03-01 01:08:46'),(3376,1,'en','plugins/ecommerce/product-option','price_type','Price Type','2023-03-01 01:08:46','2023-03-01 01:08:46'),(3377,1,'en','plugins/ecommerce/product-option','percent','Percent','2023-03-01 01:08:46','2023-03-01 01:08:46'),(3378,1,'en','plugins/ecommerce/product-option','fixed','Fixed','2023-03-01 01:08:46','2023-03-01 01:08:46'),(3379,1,'en','plugins/ecommerce/product-option','label_placeholder','Please fill label','2023-03-01 01:08:46','2023-03-01 01:08:46'),(3380,1,'en','plugins/ecommerce/product-option','affect_price_label','Please fill affect price','2023-03-01 01:08:46','2023-03-01 01:08:46'),(3381,1,'en','plugins/ecommerce/product-option','add_new_row','Add new row','2023-03-01 01:08:46','2023-03-01 01:08:46'),(3382,1,'en','plugins/ecommerce/product-option','add_new_option','Add new option','2023-03-01 01:08:46','2023-03-01 01:08:46'),(3383,1,'en','plugins/ecommerce/product-option','select_global_option','Select Global Option','2023-03-01 01:08:46','2023-03-01 01:08:46'),(3384,1,'en','plugins/ecommerce/product-option','add_global_option','Add Global Option','2023-03-01 01:08:46','2023-03-01 01:08:46'),(3385,1,'en','plugins/ecommerce/product-option','please_select_option','Please select option','2023-03-01 01:08:46','2023-03-01 01:08:46'),(3386,1,'en','plugins/ecommerce/product-option','add_to_cart_value_required','Option :value is required','2023-03-01 01:08:46','2023-03-01 01:08:46'),(3387,1,'en','plugins/ecommerce/product-option','option_value_attribute','value :item of :value_key on option #:option_key','2023-03-01 01:08:46','2023-03-01 01:08:46'),(3388,1,'en','plugins/ecommerce/product-option','option_name_attribute','Option :key','2023-03-01 01:08:46','2023-03-01 01:08:46'),(3389,1,'en','plugins/ecommerce/product-option','option_type_attribute','Type of option :key','2023-03-01 01:08:46','2023-03-01 01:08:46'),(3390,1,'en','plugins/ecommerce/product-option','option_value_name_attribute','Values of option :key','2023-03-01 01:08:46','2023-03-01 01:08:46'),(3391,1,'en','plugins/ecommerce/product-option','please_choose_option_type','Please choose option type!','2023-03-01 01:08:46','2023-03-01 01:08:46'),(3392,1,'en','plugins/ecommerce/product-tag','name','Product tags','2023-03-01 01:08:46','2023-03-01 01:08:46'),(3393,1,'en','plugins/ecommerce/product-tag','create','New product tag','2023-03-01 01:08:46','2023-03-01 01:08:46'),(3394,1,'en','plugins/ecommerce/product-tag','edit','Edit product tag','2023-03-01 01:08:46','2023-03-01 01:08:46'),(3395,1,'en','plugins/ecommerce/products','name','Products','2023-03-01 01:08:46','2023-03-01 01:08:46'),(3396,1,'en','plugins/ecommerce/products','create','New product','2023-03-01 01:08:46','2023-03-01 01:08:46'),(3397,1,'en','plugins/ecommerce/products','create_product_type.physical','New physical product','2023-03-01 01:08:46','2023-03-01 01:08:46'),(3398,1,'en','plugins/ecommerce/products','create_product_type.digital','New digital product','2023-03-01 01:08:46','2023-03-01 01:08:46'),(3399,1,'en','plugins/ecommerce/products','edit','Edit product - :name','2023-03-01 01:08:46','2023-03-01 01:08:46'),(3400,1,'en','plugins/ecommerce/products','form.name','Name','2023-03-01 01:08:46','2023-03-01 01:08:46'),(3401,1,'en','plugins/ecommerce/products','form.name_placeholder','Product\'s name (Maximum 120 characters)','2023-03-01 01:08:46','2023-03-01 01:08:46'),(3402,1,'en','plugins/ecommerce/products','form.description','Description','2023-03-01 01:08:46','2023-03-01 01:08:46'),(3403,1,'en','plugins/ecommerce/products','form.description_placeholder','Short description for product (Maximum 400 characters)','2023-03-01 01:08:46','2023-03-01 01:08:46'),(3404,1,'en','plugins/ecommerce/products','form.categories','Categories','2023-03-01 01:08:46','2023-03-01 01:08:46'),(3405,1,'en','plugins/ecommerce/products','form.content','Content','2023-03-01 01:08:46','2023-03-01 01:08:46'),(3406,1,'en','plugins/ecommerce/products','form.price','Price','2023-03-01 01:08:46','2023-03-01 01:08:46'),(3407,1,'en','plugins/ecommerce/products','form.quantity','Quantity','2023-03-01 01:08:46','2023-03-01 01:08:46'),(3408,1,'en','plugins/ecommerce/products','form.brand','Brand','2023-03-01 01:08:46','2023-03-01 01:08:46'),(3409,1,'en','plugins/ecommerce/products','form.width','Width','2023-03-01 01:08:46','2023-03-01 01:08:46'),(3410,1,'en','plugins/ecommerce/products','form.height','Height','2023-03-01 01:08:46','2023-03-01 01:08:46'),(3411,1,'en','plugins/ecommerce/products','form.weight','Weight','2023-03-01 01:08:46','2023-03-01 01:08:46'),(3412,1,'en','plugins/ecommerce/products','form.date.start','From date','2023-03-01 01:08:46','2023-03-01 01:08:46'),(3413,1,'en','plugins/ecommerce/products','form.date.end','To date','2023-03-01 01:08:46','2023-03-01 01:08:46'),(3414,1,'en','plugins/ecommerce/products','form.image','Images','2023-03-01 01:08:46','2023-03-01 01:08:46'),(3415,1,'en','plugins/ecommerce/products','form.collections','Product collections','2023-03-01 01:08:46','2023-03-01 01:08:46'),(3416,1,'en','plugins/ecommerce/products','form.labels','Labels','2023-03-01 01:08:46','2023-03-01 01:08:46'),(3417,1,'en','plugins/ecommerce/products','form.price_sale','Price sale','2023-03-01 01:08:46','2023-03-01 01:08:46'),(3418,1,'en','plugins/ecommerce/products','form.product_type.title','Product type','2023-03-01 01:08:46','2023-03-01 01:08:46'),(3419,1,'en','plugins/ecommerce/products','form.product','Product','2023-03-01 01:08:46','2023-03-01 01:08:46'),(3420,1,'en','plugins/ecommerce/products','form.total','Total','2023-03-01 01:08:46','2023-03-01 01:08:46'),(3421,1,'en','plugins/ecommerce/products','form.sub_total','Subtotal','2023-03-01 01:08:46','2023-03-01 01:08:46'),(3422,1,'en','plugins/ecommerce/products','form.shipping_fee','Shipping fee','2023-03-01 01:08:46','2023-03-01 01:08:46'),(3423,1,'en','plugins/ecommerce/products','form.discount','Discount','2023-03-01 01:08:46','2023-03-01 01:08:46'),(3424,1,'en','plugins/ecommerce/products','form.options','Options','2023-03-01 01:08:46','2023-03-01 01:08:46'),(3425,1,'en','plugins/ecommerce/products','form.shipping.height','Height','2023-03-01 01:08:46','2023-03-01 01:08:46'),(3426,1,'en','plugins/ecommerce/products','form.shipping.length','Length','2023-03-01 01:08:46','2023-03-01 01:08:46'),(3427,1,'en','plugins/ecommerce/products','form.shipping.title','Shipping','2023-03-01 01:08:46','2023-03-01 01:08:46'),(3428,1,'en','plugins/ecommerce/products','form.shipping.weight','Weight','2023-03-01 01:08:46','2023-03-01 01:08:46'),(3429,1,'en','plugins/ecommerce/products','form.shipping.wide','Wide','2023-03-01 01:08:46','2023-03-01 01:08:46'),(3430,1,'en','plugins/ecommerce/products','form.barcode','Barcode (ISBN, UPC, GTIN, etc.) ','2023-03-01 01:08:46','2023-03-01 01:08:46'),(3431,1,'en','plugins/ecommerce/products','form.barcode_placeholder','Enter barcode','2023-03-01 01:08:46','2023-03-01 01:08:46'),(3432,1,'en','plugins/ecommerce/products','form.cost_per_item','Cost per item','2023-03-01 01:08:46','2023-03-01 01:08:46'),(3433,1,'en','plugins/ecommerce/products','form.cost_per_item_placeholder','Enter cost per item','2023-03-01 01:08:46','2023-03-01 01:08:46'),(3434,1,'en','plugins/ecommerce/products','form.cost_per_item_helper','Customers won\'t see this price.','2023-03-01 01:08:46','2023-03-01 01:08:46'),(3435,1,'en','plugins/ecommerce/products','form.stock.allow_order_when_out','Allow customer checkout when this product out of stock','2023-03-01 01:08:46','2023-03-01 01:08:46'),(3436,1,'en','plugins/ecommerce/products','form.stock.in_stock','In stock','2023-03-01 01:08:46','2023-03-01 01:08:46'),(3437,1,'en','plugins/ecommerce/products','form.stock.out_stock','Out stock','2023-03-01 01:08:46','2023-03-01 01:08:46'),(3438,1,'en','plugins/ecommerce/products','form.stock.title','Stock status','2023-03-01 01:08:46','2023-03-01 01:08:46'),(3439,1,'en','plugins/ecommerce/products','form.storehouse.no_storehouse','No storehouse management','2023-03-01 01:08:46','2023-03-01 01:08:46'),(3440,1,'en','plugins/ecommerce/products','form.storehouse.storehouse','With storehouse management','2023-03-01 01:08:46','2023-03-01 01:08:46'),(3441,1,'en','plugins/ecommerce/products','form.storehouse.title','Storehouse','2023-03-01 01:08:46','2023-03-01 01:08:46'),(3442,1,'en','plugins/ecommerce/products','form.storehouse.quantity','Quantity','2023-03-01 01:08:46','2023-03-01 01:08:46'),(3443,1,'en','plugins/ecommerce/products','form.tax','Tax','2023-03-01 01:08:46','2023-03-01 01:08:46'),(3444,1,'en','plugins/ecommerce/products','form.taxes','Taxes','2023-03-01 01:08:46','2023-03-01 01:08:46'),(3445,1,'en','plugins/ecommerce/products','form.is_default','Is default','2023-03-01 01:08:46','2023-03-01 01:08:46'),(3446,1,'en','plugins/ecommerce/products','form.action','Action','2023-03-01 01:08:46','2023-03-01 01:08:46'),(3447,1,'en','plugins/ecommerce/products','form.restock_quantity','Restock quantity','2023-03-01 01:08:46','2023-03-01 01:08:46'),(3448,1,'en','plugins/ecommerce/products','form.remain','Remain','2023-03-01 01:08:46','2023-03-01 01:08:46'),(3449,1,'en','plugins/ecommerce/products','form.choose_discount_period','Choose Discount Period','2023-03-01 01:08:46','2023-03-01 01:08:46'),(3450,1,'en','plugins/ecommerce/products','form.cancel','Cancel','2023-03-01 01:08:46','2023-03-01 01:08:46'),(3451,1,'en','plugins/ecommerce/products','form.no_results','No results!','2023-03-01 01:08:46','2023-03-01 01:08:46'),(3452,1,'en','plugins/ecommerce/products','form.value','Value','2023-03-01 01:08:46','2023-03-01 01:08:46'),(3453,1,'en','plugins/ecommerce/products','form.attribute_name','Attribute name','2023-03-01 01:08:46','2023-03-01 01:08:46'),(3454,1,'en','plugins/ecommerce/products','form.add_more_attribute','Add more attribute','2023-03-01 01:08:46','2023-03-01 01:08:46'),(3455,1,'en','plugins/ecommerce/products','form.continue','Continue','2023-03-01 01:08:46','2023-03-01 01:08:46'),(3456,1,'en','plugins/ecommerce/products','form.add_new_attributes','Add new attributes','2023-03-01 01:08:46','2023-03-01 01:08:46'),(3457,1,'en','plugins/ecommerce/products','form.add_new_attributes_description','Adding new attributes helps the product to have many options, such as size or color.','2023-03-01 01:08:46','2023-03-01 01:08:46'),(3458,1,'en','plugins/ecommerce/products','form.create_product_variations',':link to create product variations!','2023-03-01 01:08:46','2023-03-01 01:08:46'),(3459,1,'en','plugins/ecommerce/products','form.tags','Tags','2023-03-01 01:08:46','2023-03-01 01:08:46'),(3460,1,'en','plugins/ecommerce/products','form.write_some_tags','Write some tags','2023-03-01 01:08:46','2023-03-01 01:08:46'),(3461,1,'en','plugins/ecommerce/products','form.variation_existed','This variation is existed.','2023-03-01 01:08:46','2023-03-01 01:08:46'),(3462,1,'en','plugins/ecommerce/products','form.no_attributes_selected','No attributes selected!','2023-03-01 01:08:46','2023-03-01 01:08:46'),(3463,1,'en','plugins/ecommerce/products','form.added_variation_success','Added variation successfully!','2023-03-01 01:08:46','2023-03-01 01:08:46'),(3464,1,'en','plugins/ecommerce/products','form.updated_variation_success','Updated variation successfully!','2023-03-01 01:08:47','2023-03-01 01:08:47'),(3465,1,'en','plugins/ecommerce/products','form.created_all_variation_success','Created all variations successfully!','2023-03-01 01:08:47','2023-03-01 01:08:47'),(3466,1,'en','plugins/ecommerce/products','form.updated_product_attributes_success','Updated product attributes successfully!','2023-03-01 01:08:47','2023-03-01 01:08:47'),(3467,1,'en','plugins/ecommerce/products','form.stock_status','Stock status','2023-03-01 01:08:47','2023-03-01 01:08:47'),(3468,1,'en','plugins/ecommerce/products','form.auto_generate_sku','Auto generate SKU?','2023-03-01 01:08:47','2023-03-01 01:08:47'),(3469,1,'en','plugins/ecommerce/products','form.featured_image','Featured image (optional)','2023-03-01 01:08:47','2023-03-01 01:08:47'),(3470,1,'en','plugins/ecommerce/products','form.product_id','Product ID','2023-03-01 01:08:47','2023-03-01 01:08:47'),(3471,1,'en','plugins/ecommerce/products','price','Price','2023-03-01 01:08:47','2023-03-01 01:08:47'),(3472,1,'en','plugins/ecommerce/products','quantity','Quantity','2023-03-01 01:08:47','2023-03-01 01:08:47'),(3473,1,'en','plugins/ecommerce/products','type','Type','2023-03-01 01:08:47','2023-03-01 01:08:47'),(3474,1,'en','plugins/ecommerce/products','image','Thumbnail','2023-03-01 01:08:47','2023-03-01 01:08:47'),(3475,1,'en','plugins/ecommerce/products','sku','SKU (Stock Keeping Unit)','2023-03-01 01:08:47','2023-03-01 01:08:47'),(3476,1,'en','plugins/ecommerce/products','variation_sku','Variation SKU','2023-03-01 01:08:47','2023-03-01 01:08:47'),(3477,1,'en','plugins/ecommerce/products','brand','Brand','2023-03-01 01:08:47','2023-03-01 01:08:47'),(3478,1,'en','plugins/ecommerce/products','cannot_delete','Product could not be deleted','2023-03-01 01:08:47','2023-03-01 01:08:47'),(3479,1,'en','plugins/ecommerce/products','product_deleted','Product deleted','2023-03-01 01:08:47','2023-03-01 01:08:47'),(3480,1,'en','plugins/ecommerce/products','product_collections','Product collections','2023-03-01 01:08:47','2023-03-01 01:08:47'),(3481,1,'en','plugins/ecommerce/products','products','Products','2023-03-01 01:08:47','2023-03-01 01:08:47'),(3482,1,'en','plugins/ecommerce/products','menu','Products','2023-03-01 01:08:47','2023-03-01 01:08:47'),(3483,1,'en','plugins/ecommerce/products','control.button_add_image','Add image','2023-03-01 01:08:47','2023-03-01 01:08:47'),(3484,1,'en','plugins/ecommerce/products','price_sale','Sale price','2023-03-01 01:08:47','2023-03-01 01:08:47'),(3485,1,'en','plugins/ecommerce/products','price_group_title','Manager product price','2023-03-01 01:08:47','2023-03-01 01:08:47'),(3486,1,'en','plugins/ecommerce/products','store_house_group_title','Manager store house','2023-03-01 01:08:47','2023-03-01 01:08:47'),(3487,1,'en','plugins/ecommerce/products','shipping_group_title','Manager shipping','2023-03-01 01:08:47','2023-03-01 01:08:47'),(3488,1,'en','plugins/ecommerce/products','overview','Overview','2023-03-01 01:08:47','2023-03-01 01:08:47'),(3489,1,'en','plugins/ecommerce/products','attributes','Attributes','2023-03-01 01:08:47','2023-03-01 01:08:47'),(3490,1,'en','plugins/ecommerce/products','product_has_variations','Product has variations','2023-03-01 01:08:47','2023-03-01 01:08:47'),(3491,1,'en','plugins/ecommerce/products','manage_products','Manage products','2023-03-01 01:08:47','2023-03-01 01:08:47'),(3492,1,'en','plugins/ecommerce/products','add_new_product','Add a new product','2023-03-01 01:08:47','2023-03-01 01:08:47'),(3493,1,'en','plugins/ecommerce/products','start_by_adding_new_product','Start by adding new products.','2023-03-01 01:08:47','2023-03-01 01:08:47'),(3494,1,'en','plugins/ecommerce/products','edit_this_product','Edit this product','2023-03-01 01:08:47','2023-03-01 01:08:47'),(3495,1,'en','plugins/ecommerce/products','delete','Delete','2023-03-01 01:08:47','2023-03-01 01:08:47'),(3496,1,'en','plugins/ecommerce/products','related_products','Related products','2023-03-01 01:08:47','2023-03-01 01:08:47'),(3497,1,'en','plugins/ecommerce/products','cross_selling_products','Cross-selling products','2023-03-01 01:08:47','2023-03-01 01:08:47'),(3498,1,'en','plugins/ecommerce/products','up_selling_products','Up-selling products','2023-03-01 01:08:47','2023-03-01 01:08:47'),(3499,1,'en','plugins/ecommerce/products','grouped_products','Grouped products','2023-03-01 01:08:47','2023-03-01 01:08:47'),(3500,1,'en','plugins/ecommerce/products','search_products','Search products','2023-03-01 01:08:47','2023-03-01 01:08:47'),(3501,1,'en','plugins/ecommerce/products','selected_products','Selected products','2023-03-01 01:08:47','2023-03-01 01:08:47'),(3502,1,'en','plugins/ecommerce/products','edit_variation_item','Edit','2023-03-01 01:08:47','2023-03-01 01:08:47'),(3503,1,'en','plugins/ecommerce/products','variations_box_description','Click on \"Edit attribute\" to add/remove attributes of variation or click on \"Add new variation\" to add variation.','2023-03-01 01:08:47','2023-03-01 01:08:47'),(3504,1,'en','plugins/ecommerce/products','save_changes','Save changes','2023-03-01 01:08:47','2023-03-01 01:08:47'),(3505,1,'en','plugins/ecommerce/products','continue','Continue','2023-03-01 01:08:47','2023-03-01 01:08:47'),(3506,1,'en','plugins/ecommerce/products','edit_attribute','Edit attribute','2023-03-01 01:08:47','2023-03-01 01:08:47'),(3507,1,'en','plugins/ecommerce/products','select_attribute','Select attribute','2023-03-01 01:08:47','2023-03-01 01:08:47'),(3508,1,'en','plugins/ecommerce/products','add_new_variation','Add new variation','2023-03-01 01:08:47','2023-03-01 01:08:47'),(3509,1,'en','plugins/ecommerce/products','edit_variation','Edit variation','2023-03-01 01:08:47','2023-03-01 01:08:47'),(3510,1,'en','plugins/ecommerce/products','generate_all_variations','Generate all variations','2023-03-01 01:08:47','2023-03-01 01:08:47'),(3511,1,'en','plugins/ecommerce/products','generate_all_variations_confirmation','Are you sure you want to generate all variations for this product?','2023-03-01 01:08:47','2023-03-01 01:08:47'),(3512,1,'en','plugins/ecommerce/products','delete_variation','Delete variation?','2023-03-01 01:08:47','2023-03-01 01:08:47'),(3513,1,'en','plugins/ecommerce/products','delete_variation_confirmation','Are you sure you want to delete this variation? This action cannot be undo.','2023-03-01 01:08:47','2023-03-01 01:08:47'),(3514,1,'en','plugins/ecommerce/products','delete_variations_confirmation','Are you sure you want to delete those variations? This action cannot be undo.','2023-03-01 01:08:47','2023-03-01 01:08:47'),(3515,1,'en','plugins/ecommerce/products','product_create_validate_name_required','Please enter product\'s name','2023-03-01 01:08:47','2023-03-01 01:08:47'),(3516,1,'en','plugins/ecommerce/products','product_create_validate_sale_price_max','The discount must be less than the original price','2023-03-01 01:08:47','2023-03-01 01:08:47'),(3517,1,'en','plugins/ecommerce/products','product_create_validate_cost_per_item_max','The cost per item must be less than the original price','2023-03-01 01:08:47','2023-03-01 01:08:47'),(3518,1,'en','plugins/ecommerce/products','product_create_validate_sale_price_required_if','Must enter a discount when you want to schedule a promotion','2023-03-01 01:08:47','2023-03-01 01:08:47'),(3519,1,'en','plugins/ecommerce/products','product_create_validate_end_date_after','End date must be after start date','2023-03-01 01:08:47','2023-03-01 01:08:47'),(3520,1,'en','plugins/ecommerce/products','product_create_validate_start_date_required_if','Discount start date cannot be left blank when scheduling is selected','2023-03-01 01:08:47','2023-03-01 01:08:47'),(3521,1,'en','plugins/ecommerce/products','product_create_validate_sale_price','Discounts cannot be left blank when scheduling is selected','2023-03-01 01:08:47','2023-03-01 01:08:47'),(3522,1,'en','plugins/ecommerce/products','stock_statuses.in_stock','In stock','2023-03-01 01:08:47','2023-03-01 01:08:47'),(3523,1,'en','plugins/ecommerce/products','stock_statuses.out_of_stock','Out of stock','2023-03-01 01:08:47','2023-03-01 01:08:47'),(3524,1,'en','plugins/ecommerce/products','stock_statuses.on_backorder','On backorder','2023-03-01 01:08:47','2023-03-01 01:08:47'),(3525,1,'en','plugins/ecommerce/products','stock_status','Stock status','2023-03-01 01:08:47','2023-03-01 01:08:47'),(3526,1,'en','plugins/ecommerce/products','processing','Processing...','2023-03-01 01:08:47','2023-03-01 01:08:47'),(3527,1,'en','plugins/ecommerce/products','delete_selected_variations','Delete selected variations','2023-03-01 01:08:47','2023-03-01 01:08:47'),(3528,1,'en','plugins/ecommerce/products','delete_variations','Delete variations','2023-03-01 01:08:47','2023-03-01 01:08:47'),(3529,1,'en','plugins/ecommerce/products','category','Category','2023-03-01 01:08:47','2023-03-01 01:08:47'),(3530,1,'en','plugins/ecommerce/products','product_price_flash_sale_warning','This product is in flash sale <strong>:name</strong> so its price is <strong>:price</strong>.','2023-03-01 01:08:47','2023-03-01 01:08:47'),(3531,1,'en','plugins/ecommerce/products','product_price_discount_warning','This product is in discount <strong>:name</strong> so its price is <strong>:price</strong>.','2023-03-01 01:08:47','2023-03-01 01:08:47'),(3532,1,'en','plugins/ecommerce/products','product_image','Product image','2023-03-01 01:08:47','2023-03-01 01:08:47'),(3533,1,'en','plugins/ecommerce/products','product_name','Product name','2023-03-01 01:08:47','2023-03-01 01:08:47'),(3534,1,'en','plugins/ecommerce/products','types.physical','Physical','2023-03-01 01:08:47','2023-03-01 01:08:47'),(3535,1,'en','plugins/ecommerce/products','types.digital','Digital','2023-03-01 01:08:47','2023-03-01 01:08:47'),(3536,1,'en','plugins/ecommerce/products','digital_attachments.title','Digital attachments','2023-03-01 01:08:47','2023-03-01 01:08:47'),(3537,1,'en','plugins/ecommerce/products','digital_attachments.add','Add Attachment','2023-03-01 01:08:47','2023-03-01 01:08:47'),(3538,1,'en','plugins/ecommerce/products','digital_attachments.file_name','File name','2023-03-01 01:08:47','2023-03-01 01:08:47'),(3539,1,'en','plugins/ecommerce/products','digital_attachments.file_size','File size','2023-03-01 01:08:47','2023-03-01 01:08:47'),(3540,1,'en','plugins/ecommerce/products','digital_attachments.unsaved','Unsaved','2023-03-01 01:08:47','2023-03-01 01:08:47'),(3541,1,'en','plugins/ecommerce/reports','name','Report','2023-03-01 01:08:47','2023-03-01 01:08:47'),(3542,1,'en','plugins/ecommerce/reports','widget.order.title','Orders','2023-03-01 01:08:47','2023-03-01 01:08:47'),(3543,1,'en','plugins/ecommerce/reports','count.revenue','Today revenue','2023-03-01 01:08:47','2023-03-01 01:08:47'),(3544,1,'en','plugins/ecommerce/reports','count.orders','Today orders','2023-03-01 01:08:47','2023-03-01 01:08:47'),(3545,1,'en','plugins/ecommerce/reports','count.products','Total products','2023-03-01 01:08:47','2023-03-01 01:08:47'),(3546,1,'en','plugins/ecommerce/reports','count.customers','Total customers','2023-03-01 01:08:47','2023-03-01 01:08:47'),(3547,1,'en','plugins/ecommerce/reports','product_name','Product name','2023-03-01 01:08:47','2023-03-01 01:08:47'),(3548,1,'en','plugins/ecommerce/reports','quantity','Quantity','2023-03-01 01:08:47','2023-03-01 01:08:47'),(3549,1,'en','plugins/ecommerce/reports','revenue_statistics','Revenue statistics','2023-03-01 01:08:47','2023-03-01 01:08:47'),(3550,1,'en','plugins/ecommerce/reports','top_selling_products','Top Selling Products','2023-03-01 01:08:47','2023-03-01 01:08:47'),(3551,1,'en','plugins/ecommerce/reports','ranges.today','Today','2023-03-01 01:08:47','2023-03-01 01:08:47'),(3552,1,'en','plugins/ecommerce/reports','ranges.this_week','This week','2023-03-01 01:08:47','2023-03-01 01:08:47'),(3553,1,'en','plugins/ecommerce/reports','ranges.last_7_days','Last 7 days','2023-03-01 01:08:47','2023-03-01 01:08:47'),(3554,1,'en','plugins/ecommerce/reports','ranges.last_30_days','Last 30 days','2023-03-01 01:08:47','2023-03-01 01:08:47'),(3555,1,'en','plugins/ecommerce/reports','ranges.this_month','This month','2023-03-01 01:08:47','2023-03-01 01:08:47'),(3556,1,'en','plugins/ecommerce/reports','ranges.this_year','This year','2023-03-01 01:08:47','2023-03-01 01:08:47'),(3557,1,'en','plugins/ecommerce/reports','revenue_this_month','Revenue this month','2023-03-01 01:08:47','2023-03-01 01:08:47'),(3558,1,'en','plugins/ecommerce/reports','order_processing_this_month','order(s) processing in this month','2023-03-01 01:08:47','2023-03-01 01:08:47'),(3559,1,'en','plugins/ecommerce/reports','order_completed_this_month','order(s) completed in this month','2023-03-01 01:08:47','2023-03-01 01:08:47'),(3560,1,'en','plugins/ecommerce/reports','product_will_be_out_of_stock','product(s) will be out of stock soon','2023-03-01 01:08:47','2023-03-01 01:08:47'),(3561,1,'en','plugins/ecommerce/reports','product_out_of_stock','product(s) out of stock','2023-03-01 01:08:47','2023-03-01 01:08:47'),(3562,1,'en','plugins/ecommerce/reports','sales_reports','Sales Reports','2023-03-01 01:08:47','2023-03-01 01:08:47'),(3563,1,'en','plugins/ecommerce/reports','total_earnings','Total Earnings','2023-03-01 01:08:47','2023-03-01 01:08:47'),(3564,1,'en','plugins/ecommerce/reports','recent_orders','Recent Orders','2023-03-01 01:08:47','2023-03-01 01:08:47'),(3565,1,'en','plugins/ecommerce/reports','trending_products','Trending Products','2023-03-01 01:08:47','2023-03-01 01:08:47'),(3566,1,'en','plugins/ecommerce/reports','statistics','Statistics','2023-03-01 01:08:47','2023-03-01 01:08:47'),(3567,1,'en','plugins/ecommerce/reports','items_earning_sales','Items Earning Sales: :value','2023-03-01 01:08:47','2023-03-01 01:08:47'),(3568,1,'en','plugins/ecommerce/reports','revenue','Revenue','2023-03-01 01:08:47','2023-03-01 01:08:47'),(3569,1,'en','plugins/ecommerce/reports','orders','Orders','2023-03-01 01:08:47','2023-03-01 01:08:47'),(3570,1,'en','plugins/ecommerce/reports','products','Products','2023-03-01 01:08:47','2023-03-01 01:08:47'),(3571,1,'en','plugins/ecommerce/reports','customers','Customers','2023-03-01 01:08:47','2023-03-01 01:08:47'),(3572,1,'en','plugins/ecommerce/reports','earnings','Earnings','2023-03-01 01:08:47','2023-03-01 01:08:47'),(3573,1,'en','plugins/ecommerce/reports','views','Views','2023-03-01 01:08:47','2023-03-01 01:08:47'),(3574,1,'en','plugins/ecommerce/reports','date_range_format_value','From :from to :to','2023-03-01 01:08:47','2023-03-01 01:08:47'),(3575,1,'en','plugins/ecommerce/reports','select_range','Select Range','2023-03-01 01:08:47','2023-03-01 01:08:47'),(3576,1,'en','plugins/ecommerce/reports','customers_chart','Customers','2023-03-01 01:08:47','2023-03-01 01:08:47'),(3577,1,'en','plugins/ecommerce/reports','orders_chart','Orders','2023-03-01 01:08:47','2023-03-01 01:08:47'),(3578,1,'en','plugins/ecommerce/reports','number_of_orders','Number of orders','2023-03-01 01:08:47','2023-03-01 01:08:47'),(3579,1,'en','plugins/ecommerce/reports','number_of_customers','Number of customers','2023-03-01 01:08:47','2023-03-01 01:08:47'),(3580,1,'en','plugins/ecommerce/review','name','Reviews','2023-03-01 01:08:47','2023-03-01 01:08:47'),(3581,1,'en','plugins/ecommerce/review','add_review','Add review','2023-03-01 01:08:47','2023-03-01 01:08:47'),(3582,1,'en','plugins/ecommerce/review','delete_review','Delete review','2023-03-01 01:08:47','2023-03-01 01:08:47'),(3583,1,'en','plugins/ecommerce/review','create_review','Create Review','2023-03-01 01:08:47','2023-03-01 01:08:47'),(3584,1,'en','plugins/ecommerce/review','please_select_rating','Please select rating','2023-03-01 01:08:47','2023-03-01 01:08:47'),(3585,1,'en','plugins/ecommerce/review','comment','Comment','2023-03-01 01:08:47','2023-03-01 01:08:47'),(3586,1,'en','plugins/ecommerce/review','approve','Approve','2023-03-01 01:08:47','2023-03-01 01:08:47'),(3587,1,'en','plugins/ecommerce/review','approved','Approved','2023-03-01 01:08:47','2023-03-01 01:08:47'),(3588,1,'en','plugins/ecommerce/review','disapprove','Disapprove','2023-03-01 01:08:47','2023-03-01 01:08:47'),(3589,1,'en','plugins/ecommerce/review','disapproved','Disapproved','2023-03-01 01:08:47','2023-03-01 01:08:47'),(3590,1,'en','plugins/ecommerce/review','product','Product','2023-03-01 01:08:47','2023-03-01 01:08:47'),(3591,1,'en','plugins/ecommerce/review','user','User','2023-03-01 01:08:47','2023-03-01 01:08:47'),(3592,1,'en','plugins/ecommerce/review','star','Star','2023-03-01 01:08:47','2023-03-01 01:08:47'),(3593,1,'en','plugins/ecommerce/review','status','Status','2023-03-01 01:08:47','2023-03-01 01:08:47'),(3594,1,'en','plugins/ecommerce/review','list_review','Customer reviews','2023-03-01 01:08:47','2023-03-01 01:08:47'),(3595,1,'en','plugins/ecommerce/review','intro.title','Manage customer reviews','2023-03-01 01:08:47','2023-03-01 01:08:47'),(3596,1,'en','plugins/ecommerce/review','intro.description','Customer reviews will be shown here and you can manage it to show/hide in product detail page.','2023-03-01 01:08:47','2023-03-01 01:08:47'),(3597,1,'en','plugins/ecommerce/review','images','Images','2023-03-01 01:08:47','2023-03-01 01:08:47'),(3598,1,'en','plugins/ecommerce/shipping','name','Shipping Rules','2023-03-01 01:08:47','2023-03-01 01:08:47'),(3599,1,'en','plugins/ecommerce/shipping','shipping','Shipping','2023-03-01 01:08:47','2023-03-01 01:08:47'),(3600,1,'en','plugins/ecommerce/shipping','title','Title','2023-03-01 01:08:47','2023-03-01 01:08:47'),(3601,1,'en','plugins/ecommerce/shipping','amount','Amount','2023-03-01 01:08:47','2023-03-01 01:08:47'),(3602,1,'en','plugins/ecommerce/shipping','enable','Enable','2023-03-01 01:08:47','2023-03-01 01:08:47'),(3603,1,'en','plugins/ecommerce/shipping','enabled','Enabled','2023-03-01 01:08:47','2023-03-01 01:08:47'),(3604,1,'en','plugins/ecommerce/shipping','disable','Disable','2023-03-01 01:08:47','2023-03-01 01:08:47'),(3605,1,'en','plugins/ecommerce/shipping','disabled','Disabled','2023-03-01 01:08:47','2023-03-01 01:08:47'),(3606,1,'en','plugins/ecommerce/shipping','create_shipping','Create a shipping','2023-03-01 01:08:47','2023-03-01 01:08:47'),(3607,1,'en','plugins/ecommerce/shipping','edit_shipping','Edit shipping :code','2023-03-01 01:08:47','2023-03-01 01:08:47'),(3608,1,'en','plugins/ecommerce/shipping','status','Status','2023-03-01 01:08:47','2023-03-01 01:08:47'),(3609,1,'en','plugins/ecommerce/shipping','shipping_methods','Shipping methods','2023-03-01 01:08:47','2023-03-01 01:08:47'),(3610,1,'en','plugins/ecommerce/shipping','create_shipping_method','Create shipping method','2023-03-01 01:08:47','2023-03-01 01:08:47'),(3611,1,'en','plugins/ecommerce/shipping','edit_shipping_method','Edit shipping method','2023-03-01 01:08:47','2023-03-01 01:08:47'),(3612,1,'en','plugins/ecommerce/shipping','add_shipping_region','Add shipping region','2023-03-01 01:08:47','2023-03-01 01:08:47'),(3613,1,'en','plugins/ecommerce/shipping','country','Country','2023-03-01 01:08:47','2023-03-01 01:08:47'),(3614,1,'en','plugins/ecommerce/shipping','state','State','2023-03-01 01:08:47','2023-03-01 01:08:47'),(3615,1,'en','plugins/ecommerce/shipping','city','City','2023-03-01 01:08:47','2023-03-01 01:08:47'),(3616,1,'en','plugins/ecommerce/shipping','address','Address','2023-03-01 01:08:47','2023-03-01 01:08:47'),(3617,1,'en','plugins/ecommerce/shipping','phone','Phone','2023-03-01 01:08:47','2023-03-01 01:08:47'),(3618,1,'en','plugins/ecommerce/shipping','email','Email','2023-03-01 01:08:47','2023-03-01 01:08:47'),(3619,1,'en','plugins/ecommerce/shipping','zip_code','Zip code','2023-03-01 01:08:47','2023-03-01 01:08:47'),(3620,1,'en','plugins/ecommerce/shipping','methods.default','Default','2023-03-01 01:08:47','2023-03-01 01:08:47'),(3621,1,'en','plugins/ecommerce/shipping','statuses.not_approved','Not approved','2023-03-01 01:08:47','2023-03-01 01:08:47'),(3622,1,'en','plugins/ecommerce/shipping','statuses.approved','Approved','2023-03-01 01:08:47','2023-03-01 01:08:47'),(3623,1,'en','plugins/ecommerce/shipping','statuses.pending','Pending','2023-03-01 01:08:47','2023-03-01 01:08:47'),(3624,1,'en','plugins/ecommerce/shipping','statuses.arrange_shipment','Arrange shipment','2023-03-01 01:08:47','2023-03-01 01:08:47'),(3625,1,'en','plugins/ecommerce/shipping','statuses.ready_to_be_shipped_out','Ready to be shipped out','2023-03-01 01:08:47','2023-03-01 01:08:47'),(3626,1,'en','plugins/ecommerce/shipping','statuses.picking','Picking','2023-03-01 01:08:47','2023-03-01 01:08:47'),(3627,1,'en','plugins/ecommerce/shipping','statuses.delay_picking','Delay picking','2023-03-01 01:08:47','2023-03-01 01:08:47'),(3628,1,'en','plugins/ecommerce/shipping','statuses.picked','Picked','2023-03-01 01:08:47','2023-03-01 01:08:47'),(3629,1,'en','plugins/ecommerce/shipping','statuses.not_picked','Not picked','2023-03-01 01:08:47','2023-03-01 01:08:47'),(3630,1,'en','plugins/ecommerce/shipping','statuses.delivering','Delivering','2023-03-01 01:08:47','2023-03-01 01:08:47'),(3631,1,'en','plugins/ecommerce/shipping','statuses.delivered','Delivered','2023-03-01 01:08:47','2023-03-01 01:08:47'),(3632,1,'en','plugins/ecommerce/shipping','statuses.not_delivered','Not delivered','2023-03-01 01:08:47','2023-03-01 01:08:47'),(3633,1,'en','plugins/ecommerce/shipping','statuses.audited','Audited','2023-03-01 01:08:47','2023-03-01 01:08:47'),(3634,1,'en','plugins/ecommerce/shipping','statuses.canceled','Canceled','2023-03-01 01:08:47','2023-03-01 01:08:47'),(3635,1,'en','plugins/ecommerce/shipping','cod_statuses.pending','Pending','2023-03-01 01:08:47','2023-03-01 01:08:47'),(3636,1,'en','plugins/ecommerce/shipping','cod_statuses.completed','Completed','2023-03-01 01:08:47','2023-03-01 01:08:47'),(3637,1,'en','plugins/ecommerce/shipping','delete','Delete','2023-03-01 01:08:47','2023-03-01 01:08:47'),(3638,1,'en','plugins/ecommerce/shipping','shipping_rules','Shipping Rules','2023-03-01 01:08:47','2023-03-01 01:08:47'),(3639,1,'en','plugins/ecommerce/shipping','shipping_rules_description','Rules to calculate shipping fee.','2023-03-01 01:08:47','2023-03-01 01:08:47'),(3640,1,'en','plugins/ecommerce/shipping','select_country','Select country','2023-03-01 01:08:47','2023-03-01 01:08:47'),(3641,1,'en','plugins/ecommerce/shipping','add_shipping_rule','Add shipping rule','2023-03-01 01:08:47','2023-03-01 01:08:47'),(3642,1,'en','plugins/ecommerce/shipping','delete_shipping_rate','Delete shipping rate for area','2023-03-01 01:08:47','2023-03-01 01:08:47'),(3643,1,'en','plugins/ecommerce/shipping','delete_shipping_rate_confirmation','Are you sure you want to delete <strong class=\"region-price-item-label\"></strong> from this shipping area?','2023-03-01 01:08:47','2023-03-01 01:08:47'),(3644,1,'en','plugins/ecommerce/shipping','delete_shipping_area','Delete shipping area','2023-03-01 01:08:47','2023-03-01 01:08:47'),(3645,1,'en','plugins/ecommerce/shipping','delete_shipping_area_confirmation','Are you sure you want to delete shipping area <strong class=\"region-item-label\"></strong>?','2023-03-01 01:08:47','2023-03-01 01:08:47'),(3646,1,'en','plugins/ecommerce/shipping','add_shipping_fee_for_area','Add shipping fee for area','2023-03-01 01:08:47','2023-03-01 01:08:47'),(3647,1,'en','plugins/ecommerce/shipping','confirm','Confirm','2023-03-01 01:08:47','2023-03-01 01:08:47'),(3648,1,'en','plugins/ecommerce/shipping','save','Save','2023-03-01 01:08:47','2023-03-01 01:08:47'),(3649,1,'en','plugins/ecommerce/shipping','greater_than','Greater than','2023-03-01 01:08:47','2023-03-01 01:08:47'),(3650,1,'en','plugins/ecommerce/shipping','type','Type','2023-03-01 01:08:47','2023-03-01 01:08:47'),(3651,1,'en','plugins/ecommerce/shipping','shipping_rule_name','Name of shipping rule','2023-03-01 01:08:47','2023-03-01 01:08:47'),(3652,1,'en','plugins/ecommerce/shipping','shipping_fee','Shipping fee','2023-03-01 01:08:47','2023-03-01 01:08:47'),(3653,1,'en','plugins/ecommerce/shipping','cancel','Cancel','2023-03-01 01:08:47','2023-03-01 01:08:47'),(3654,1,'en','plugins/ecommerce/shipping','based_on_weight','Based on product\'s weight (:unit)','2023-03-01 01:08:48','2023-03-01 01:08:48'),(3655,1,'en','plugins/ecommerce/shipping','based_on_price','Based on product\'s price','2023-03-01 01:08:48','2023-03-01 01:08:48'),(3656,1,'en','plugins/ecommerce/shipping','shipment_canceled','Shipment was canceled','2023-03-01 01:08:48','2023-03-01 01:08:48'),(3657,1,'en','plugins/ecommerce/shipping','at','At','2023-03-01 01:08:48','2023-03-01 01:08:48'),(3658,1,'en','plugins/ecommerce/shipping','cash_on_delivery','Cash on delivery (COD)','2023-03-01 01:08:48','2023-03-01 01:08:48'),(3659,1,'en','plugins/ecommerce/shipping','update_shipping_status','Update shipping status','2023-03-01 01:08:48','2023-03-01 01:08:48'),(3660,1,'en','plugins/ecommerce/shipping','update_cod_status','Update COD status','2023-03-01 01:08:48','2023-03-01 01:08:48'),(3661,1,'en','plugins/ecommerce/shipping','history','History','2023-03-01 01:08:48','2023-03-01 01:08:48'),(3662,1,'en','plugins/ecommerce/shipping','shipment_information','Shipment information','2023-03-01 01:08:48','2023-03-01 01:08:48'),(3663,1,'en','plugins/ecommerce/shipping','order_number','Order number','2023-03-01 01:08:48','2023-03-01 01:08:48'),(3664,1,'en','plugins/ecommerce/shipping','shipping_method','Shipping method','2023-03-01 01:08:48','2023-03-01 01:08:48'),(3665,1,'en','plugins/ecommerce/shipping','select_shipping_method','Select shipping method','2023-03-01 01:08:48','2023-03-01 01:08:48'),(3666,1,'en','plugins/ecommerce/shipping','cod_status','COD status','2023-03-01 01:08:48','2023-03-01 01:08:48'),(3667,1,'en','plugins/ecommerce/shipping','shipping_status','Shipping status','2023-03-01 01:08:48','2023-03-01 01:08:48'),(3668,1,'en','plugins/ecommerce/shipping','customer_information','Customer information','2023-03-01 01:08:48','2023-03-01 01:08:48'),(3669,1,'en','plugins/ecommerce/shipping','sku','SKU','2023-03-01 01:08:48','2023-03-01 01:08:48'),(3670,1,'en','plugins/ecommerce/shipping','change_status_confirm_title','Confirm <span class=\"shipment-status-label\"></span> ?','2023-03-01 01:08:48','2023-03-01 01:08:48'),(3671,1,'en','plugins/ecommerce/shipping','change_status_confirm_description','Are you sure you want to confirm <span class=\"shipment-status-label\"></span> for this shipment?','2023-03-01 01:08:48','2023-03-01 01:08:48'),(3672,1,'en','plugins/ecommerce/shipping','accept','Accept','2023-03-01 01:08:48','2023-03-01 01:08:48'),(3673,1,'en','plugins/ecommerce/shipping','weight_unit','Weight (:unit)','2023-03-01 01:08:48','2023-03-01 01:08:48'),(3674,1,'en','plugins/ecommerce/shipping','updated_at','Last Update','2023-03-01 01:08:48','2023-03-01 01:08:48'),(3675,1,'en','plugins/ecommerce/shipping','cod_amount','Cash on delivery amount (COD)','2023-03-01 01:08:48','2023-03-01 01:08:48'),(3676,1,'en','plugins/ecommerce/shipping','cancel_shipping','Cancel shipping','2023-03-01 01:08:48','2023-03-01 01:08:48'),(3677,1,'en','plugins/ecommerce/shipping','shipping_address','Shipping address','2023-03-01 01:08:48','2023-03-01 01:08:48'),(3678,1,'en','plugins/ecommerce/shipping','packages','Packages','2023-03-01 01:08:48','2023-03-01 01:08:48'),(3679,1,'en','plugins/ecommerce/shipping','edit','Edit','2023-03-01 01:08:48','2023-03-01 01:08:48'),(3680,1,'en','plugins/ecommerce/shipping','fee','Fee','2023-03-01 01:08:48','2023-03-01 01:08:48'),(3681,1,'en','plugins/ecommerce/shipping','note','Note','2023-03-01 01:08:48','2023-03-01 01:08:48'),(3682,1,'en','plugins/ecommerce/shipping','finish','Finish','2023-03-01 01:08:48','2023-03-01 01:08:48'),(3683,1,'en','plugins/ecommerce/shipping','shipping_fee_cod','Shipping fee/COD','2023-03-01 01:08:48','2023-03-01 01:08:48'),(3684,1,'en','plugins/ecommerce/shipping','send_confirmation_email_to_customer','Send confirmation email to customer','2023-03-01 01:08:48','2023-03-01 01:08:48'),(3685,1,'en','plugins/ecommerce/shipping','form_name','Name','2023-03-01 01:08:48','2023-03-01 01:08:48'),(3686,1,'en','plugins/ecommerce/shipping','changed_shipping_status','Changed status of shipping to: :status. Updated by: %user_name%','2023-03-01 01:08:48','2023-03-01 01:08:48'),(3687,1,'en','plugins/ecommerce/shipping','order_confirmed_by','Order confirmed by %user_name%','2023-03-01 01:08:48','2023-03-01 01:08:48'),(3688,1,'en','plugins/ecommerce/shipping','shipping_canceled_by','Shipping is cancelled by %user_name%','2023-03-01 01:08:48','2023-03-01 01:08:48'),(3689,1,'en','plugins/ecommerce/shipping','update_shipping_status_success','Update shipping status successfully!','2023-03-01 01:08:48','2023-03-01 01:08:48'),(3690,1,'en','plugins/ecommerce/shipping','update_cod_status_success','Updated COD status of shipping successfully!','2023-03-01 01:08:48','2023-03-01 01:08:48'),(3691,1,'en','plugins/ecommerce/shipping','updated_cod_status_by','Updated COD status to :status . Updated by: %user_name%','2023-03-01 01:08:48','2023-03-01 01:08:48'),(3692,1,'en','plugins/ecommerce/shipping','all','All','2023-03-01 01:08:48','2023-03-01 01:08:48'),(3693,1,'en','plugins/ecommerce/shipping','error_when_adding_new_region','There is an error when adding new region!','2023-03-01 01:08:48','2023-03-01 01:08:48'),(3694,1,'en','plugins/ecommerce/shipping','delivery','Delivery','2023-03-01 01:08:48','2023-03-01 01:08:48'),(3695,1,'en','plugins/ecommerce/shipping','adjustment_price_of','Adjustment price of :key','2023-03-01 01:08:48','2023-03-01 01:08:48'),(3696,1,'en','plugins/ecommerce/shipping','warehouse','Warehouse','2023-03-01 01:08:48','2023-03-01 01:08:48'),(3697,1,'en','plugins/ecommerce/shipping','delivery_note','Delivery note','2023-03-01 01:08:48','2023-03-01 01:08:48'),(3698,1,'en','plugins/ecommerce/shipping','shipments','Shipments','2023-03-01 01:08:48','2023-03-01 01:08:48'),(3699,1,'en','plugins/ecommerce/shipping','order_id','Order ID','2023-03-01 01:08:48','2023-03-01 01:08:48'),(3700,1,'en','plugins/ecommerce/shipping','not_available','Not available','2023-03-01 01:08:48','2023-03-01 01:08:48'),(3701,1,'en','plugins/ecommerce/shipping','shipping_amount','Shipping Amount','2023-03-01 01:08:48','2023-03-01 01:08:48'),(3702,1,'en','plugins/ecommerce/shipping','additional_shipment_information','Additional shipment information','2023-03-01 01:08:48','2023-03-01 01:08:48'),(3703,1,'en','plugins/ecommerce/shipping','shipping_company_name','Shipping Company Name','2023-03-01 01:08:48','2023-03-01 01:08:48'),(3704,1,'en','plugins/ecommerce/shipping','tracking_id','Tracking ID','2023-03-01 01:08:48','2023-03-01 01:08:48'),(3705,1,'en','plugins/ecommerce/shipping','tracking_link','Tracking Link','2023-03-01 01:08:48','2023-03-01 01:08:48'),(3706,1,'en','plugins/ecommerce/shipping','estimate_date_shipped','Estimate Date Shipped','2023-03-01 01:08:48','2023-03-01 01:08:48'),(3707,1,'en','plugins/ecommerce/shipping','date_shipped','Date Shipped','2023-03-01 01:08:48','2023-03-01 01:08:48'),(3708,1,'en','plugins/ecommerce/shipping','add_note','Add note...','2023-03-01 01:08:48','2023-03-01 01:08:48'),(3709,1,'en','plugins/ecommerce/shipping','view_order','View Order :order_id','2023-03-01 01:08:48','2023-03-01 01:08:48'),(3710,1,'en','plugins/ecommerce/shipping','rule.types.based_on_weight','Based on product\'s weight (:unit)','2023-03-01 01:08:48','2023-03-01 01:08:48'),(3711,1,'en','plugins/ecommerce/shipping','rule.types.based_on_price','Based on product\'s price','2023-03-01 01:08:48','2023-03-01 01:08:48'),(3712,1,'en','plugins/ecommerce/shipping','rule.types.based_on_zipcode','Based on zipcode','2023-03-01 01:08:48','2023-03-01 01:08:48'),(3713,1,'en','plugins/ecommerce/shipping','rule.types.based_on_location','Based on location','2023-03-01 01:08:48','2023-03-01 01:08:48'),(3714,1,'en','plugins/ecommerce/shipping','rule.types.unavailable','Unavailable','2023-03-01 01:08:48','2023-03-01 01:08:48'),(3715,1,'en','plugins/ecommerce/shipping','rule.item.name','Shipping Rule Items','2023-03-01 01:08:48','2023-03-01 01:08:48'),(3716,1,'en','plugins/ecommerce/shipping','rule.item.edit','Edit item','2023-03-01 01:08:48','2023-03-01 01:08:48'),(3717,1,'en','plugins/ecommerce/shipping','rule.item.create','Create new item','2023-03-01 01:08:48','2023-03-01 01:08:48'),(3718,1,'en','plugins/ecommerce/shipping','rule.item.delete','Delete shipping rule item','2023-03-01 01:08:48','2023-03-01 01:08:48'),(3719,1,'en','plugins/ecommerce/shipping','rule.item.confirmation','Are you sure you want to delete shipping rule item <strong class=\"item-label\"></strong>?','2023-03-01 01:08:48','2023-03-01 01:08:48'),(3720,1,'en','plugins/ecommerce/shipping','rule.item.load_data_table','Load data table (:total)','2023-03-01 01:08:48','2023-03-01 01:08:48'),(3721,1,'en','plugins/ecommerce/shipping','rule.item.tables.shipping_rule','Shipping rule','2023-03-01 01:08:48','2023-03-01 01:08:48'),(3722,1,'en','plugins/ecommerce/shipping','rule.item.tables.country','Country','2023-03-01 01:08:48','2023-03-01 01:08:48'),(3723,1,'en','plugins/ecommerce/shipping','rule.item.tables.state','State','2023-03-01 01:08:48','2023-03-01 01:08:48'),(3724,1,'en','plugins/ecommerce/shipping','rule.item.tables.city','City','2023-03-01 01:08:48','2023-03-01 01:08:48'),(3725,1,'en','plugins/ecommerce/shipping','rule.item.tables.zip_code','Zip code','2023-03-01 01:08:48','2023-03-01 01:08:48'),(3726,1,'en','plugins/ecommerce/shipping','rule.item.tables.adjustment_price','Adjustment price','2023-03-01 01:08:48','2023-03-01 01:08:48'),(3727,1,'en','plugins/ecommerce/shipping','rule.item.tables.is_enabled','Is enabled?','2023-03-01 01:08:48','2023-03-01 01:08:48'),(3728,1,'en','plugins/ecommerce/shipping','rule.item.forms.country','Country','2023-03-01 01:08:48','2023-03-01 01:08:48'),(3729,1,'en','plugins/ecommerce/shipping','rule.item.forms.country_placeholder','Country','2023-03-01 01:08:48','2023-03-01 01:08:48'),(3730,1,'en','plugins/ecommerce/shipping','rule.item.forms.state','State','2023-03-01 01:08:48','2023-03-01 01:08:48'),(3731,1,'en','plugins/ecommerce/shipping','rule.item.forms.state_placeholder','State','2023-03-01 01:08:48','2023-03-01 01:08:48'),(3732,1,'en','plugins/ecommerce/shipping','rule.item.forms.city','City','2023-03-01 01:08:48','2023-03-01 01:08:48'),(3733,1,'en','plugins/ecommerce/shipping','rule.item.forms.city_placeholder','City','2023-03-01 01:08:48','2023-03-01 01:08:48'),(3734,1,'en','plugins/ecommerce/shipping','rule.item.forms.zip_code','Zip code','2023-03-01 01:08:48','2023-03-01 01:08:48'),(3735,1,'en','plugins/ecommerce/shipping','rule.item.forms.zip_code_placeholder','Zip code','2023-03-01 01:08:48','2023-03-01 01:08:48'),(3736,1,'en','plugins/ecommerce/shipping','rule.item.forms.adjustment_price','Adjustment price','2023-03-01 01:08:48','2023-03-01 01:08:48'),(3737,1,'en','plugins/ecommerce/shipping','rule.item.forms.adjustment_price_placeholder','Adjustment price','2023-03-01 01:08:48','2023-03-01 01:08:48'),(3738,1,'en','plugins/ecommerce/shipping','rule.item.forms.is_enabled','Is enabled?','2023-03-01 01:08:48','2023-03-01 01:08:48'),(3739,1,'en','plugins/ecommerce/shipping','rule.item.forms.shipping_rule','Shipping rule','2023-03-01 01:08:48','2023-03-01 01:08:48'),(3740,1,'en','plugins/ecommerce/shipping','rule.item.forms.no_shipping_rule','No shipping rule','2023-03-01 01:08:48','2023-03-01 01:08:48'),(3741,1,'en','plugins/ecommerce/shipping','rule.item.bulk-import.menu','Bulk import Shipping Rule Items','2023-03-01 01:08:48','2023-03-01 01:08:48'),(3742,1,'en','plugins/ecommerce/shipping','rule.item.bulk-import.greater_than_or_equal','Only numbers or decimals are accepted and greater than or equal to :min.','2023-03-01 01:08:48','2023-03-01 01:08:48'),(3743,1,'en','plugins/ecommerce/shipping','rule.item.bulk-import.less_than_or_equal','Only numbers or decimals are accepted and less than or equal to :max.','2023-03-01 01:08:48','2023-03-01 01:08:48'),(3744,1,'en','plugins/ecommerce/shipping','rule.item.bulk-import.between','Only numbers or decimals are accepted and between :min and :max.','2023-03-01 01:08:48','2023-03-01 01:08:48'),(3745,1,'en','plugins/ecommerce/shipping','rule.item.bulk-import.overwrite','Overwrite','2023-03-01 01:08:48','2023-03-01 01:08:48'),(3746,1,'en','plugins/ecommerce/shipping','rule.item.bulk-import.add_new','Add new','2023-03-01 01:08:48','2023-03-01 01:08:48'),(3747,1,'en','plugins/ecommerce/shipping','rule.item.bulk-import.skip','Skip','2023-03-01 01:08:48','2023-03-01 01:08:48'),(3748,1,'en','plugins/ecommerce/shipping','rule.select_type','Select type','2023-03-01 01:08:48','2023-03-01 01:08:48'),(3749,1,'en','plugins/ecommerce/shipping','rule.cannot_create_rule_type_for_this_location','Cannot create rule type \":type\" on this location!','2023-03-01 01:08:48','2023-03-01 01:08:48'),(3750,1,'en','plugins/ecommerce/store-locator','name','Store locators','2023-03-01 01:08:48','2023-03-01 01:08:48'),(3751,1,'en','plugins/ecommerce/store-locator','description','This address will appear on your invoice and will be used to calculate your shipping price.','2023-03-01 01:08:48','2023-03-01 01:08:48'),(3752,1,'en','plugins/ecommerce/store-locator','shop_name','Shop name','2023-03-01 01:08:48','2023-03-01 01:08:48'),(3753,1,'en','plugins/ecommerce/store-locator','phone','Phone','2023-03-01 01:08:48','2023-03-01 01:08:48'),(3754,1,'en','plugins/ecommerce/store-locator','email','Email','2023-03-01 01:08:48','2023-03-01 01:08:48'),(3755,1,'en','plugins/ecommerce/store-locator','state','State','2023-03-01 01:08:48','2023-03-01 01:08:48'),(3756,1,'en','plugins/ecommerce/store-locator','city','City','2023-03-01 01:08:48','2023-03-01 01:08:48'),(3757,1,'en','plugins/ecommerce/store-locator','country','Country','2023-03-01 01:08:48','2023-03-01 01:08:48'),(3758,1,'en','plugins/ecommerce/store-locator','address','Address','2023-03-01 01:08:48','2023-03-01 01:08:48'),(3759,1,'en','plugins/ecommerce/store-locator','primary_store_is','Primary store is','2023-03-01 01:08:48','2023-03-01 01:08:48'),(3760,1,'en','plugins/ecommerce/store-locator','store_name','Store name','2023-03-01 01:08:48','2023-03-01 01:08:48'),(3761,1,'en','plugins/ecommerce/store-locator','select_country','Select country...','2023-03-01 01:08:48','2023-03-01 01:08:48'),(3762,1,'en','plugins/ecommerce/store-locator','default_shipping_location','Default shipping location','2023-03-01 01:08:48','2023-03-01 01:08:48'),(3763,1,'en','plugins/ecommerce/store-locator','default_store','Default store','2023-03-01 01:08:48','2023-03-01 01:08:48'),(3764,1,'en','plugins/ecommerce/store-locator','company','Company','2023-03-01 01:08:48','2023-03-01 01:08:48'),(3765,1,'en','plugins/ecommerce/store-locator','zip_code','Zip Code','2023-03-01 01:08:48','2023-03-01 01:08:48'),(3766,1,'en','plugins/ecommerce/tax','name','Taxes','2023-03-01 01:08:48','2023-03-01 01:08:48'),(3767,1,'en','plugins/ecommerce/tax','create','Create a tax','2023-03-01 01:08:48','2023-03-01 01:08:48'),(3768,1,'en','plugins/ecommerce/tax','edit','Edit tax :title','2023-03-01 01:08:48','2023-03-01 01:08:48'),(3769,1,'en','plugins/ecommerce/tax','title','Title','2023-03-01 01:08:48','2023-03-01 01:08:48'),(3770,1,'en','plugins/ecommerce/tax','percentage','Percentage %','2023-03-01 01:08:48','2023-03-01 01:08:48'),(3771,1,'en','plugins/ecommerce/tax','priority','Priority','2023-03-01 01:08:48','2023-03-01 01:08:48'),(3772,1,'en','plugins/ecommerce/tax','select_tax','-- select --','2023-03-01 01:08:48','2023-03-01 01:08:48'),(3773,1,'en','plugins/ecommerce/tax','default','Default','2023-03-01 01:08:48','2023-03-01 01:08:48'),(3774,1,'vi','plugins/ecommerce/brands','name','Thương hiệu','2023-03-01 01:08:48','2023-03-01 01:08:48'),(3775,1,'vi','plugins/ecommerce/brands','create','Thêm thương hiệu mới','2023-03-01 01:08:48','2023-03-01 01:08:48'),(3776,1,'vi','plugins/ecommerce/brands','edit','Sửa thương hiệu','2023-03-01 01:08:48','2023-03-01 01:08:48'),(3777,1,'vi','plugins/ecommerce/brands','form.name','Tên','2023-03-01 01:08:48','2023-03-01 01:08:48'),(3778,1,'vi','plugins/ecommerce/brands','form.name_placeholder','Tên thương hiệu (tối đa 255 kí tự)','2023-03-01 01:08:48','2023-03-01 01:08:48'),(3779,1,'vi','plugins/ecommerce/brands','form.description','Mô tả','2023-03-01 01:08:48','2023-03-01 01:08:48'),(3780,1,'vi','plugins/ecommerce/brands','form.description_placeholder','Mô tả ngắn cho thương hiệu này (tối đa 400 kí tự)','2023-03-01 01:08:48','2023-03-01 01:08:48'),(3781,1,'vi','plugins/ecommerce/brands','form.website','Website','2023-03-01 01:08:48','2023-03-01 01:08:48'),(3782,1,'vi','plugins/ecommerce/brands','form.logo','Logo','2023-03-01 01:08:48','2023-03-01 01:08:48'),(3783,1,'vi','plugins/ecommerce/brands','form.is_featured','Nổi bật?','2023-03-01 01:08:48','2023-03-01 01:08:48'),(3784,1,'vi','plugins/ecommerce/brands','logo','Logo','2023-03-01 01:08:48','2023-03-01 01:08:48'),(3785,1,'vi','plugins/ecommerce/brands','website','Website','2023-03-01 01:08:48','2023-03-01 01:08:48'),(3786,1,'vi','plugins/ecommerce/brands','notices.no_select','Không có bản ghi nào được chọn!','2023-03-01 01:08:48','2023-03-01 01:08:48'),(3787,1,'vi','plugins/ecommerce/brands','notices.update_success_message','Cập nhật thành công','2023-03-01 01:08:48','2023-03-01 01:08:48'),(3788,1,'vi','plugins/ecommerce/brands','cannot_delete','Xoá không thành công','2023-03-01 01:08:48','2023-03-01 01:08:48'),(3789,1,'vi','plugins/ecommerce/brands','brand_deleted','Xoá thương hiệu thành công','2023-03-01 01:08:48','2023-03-01 01:08:48'),(3790,1,'vi','plugins/ecommerce/brands','menu','Thương hiệu','2023-03-01 01:08:48','2023-03-01 01:08:48'),(3791,1,'vi','plugins/ecommerce/brands','intro.title','Quản lý danh sách thương hiệu','2023-03-01 01:08:48','2023-03-01 01:08:48'),(3792,1,'vi','plugins/ecommerce/brands','intro.description','Các thương hiệu của sản phẩm như Nike, Adidas, Bitis ...','2023-03-01 01:08:48','2023-03-01 01:08:48'),(3793,1,'vi','plugins/ecommerce/brands','intro.button_text','Tạo thương hiệu','2023-03-01 01:08:48','2023-03-01 01:08:48'),(3794,1,'vi','plugins/ecommerce/brands','no_brand','Không có thương hiệu','2023-03-01 01:08:48','2023-03-01 01:08:48'),(3795,1,'vi','plugins/ecommerce/currencies','name','Tiền tệ','2023-03-01 01:08:48','2023-03-01 01:08:48'),(3796,1,'vi','plugins/ecommerce/currencies','create','Thêm loại tiền tệ mới','2023-03-01 01:08:48','2023-03-01 01:08:48'),(3797,1,'vi','plugins/ecommerce/currencies','edit','Sửa tiền tệ','2023-03-01 01:08:48','2023-03-01 01:08:48'),(3798,1,'vi','plugins/ecommerce/currencies','list','Danh sách tiền tệ','2023-03-01 01:08:48','2023-03-01 01:08:48'),(3799,1,'vi','plugins/ecommerce/currencies','tables.title','Tên','2023-03-01 01:08:48','2023-03-01 01:08:48'),(3800,1,'vi','plugins/ecommerce/currencies','tables.code','Mã','2023-03-01 01:08:48','2023-03-01 01:08:48'),(3801,1,'vi','plugins/ecommerce/currencies','tables.symbol','Kí hiệu','2023-03-01 01:08:48','2023-03-01 01:08:48'),(3802,1,'vi','plugins/ecommerce/currencies','tables.is_prefix_symbol','Sử dụng ký hiệu trước số tiền','2023-03-01 01:08:48','2023-03-01 01:08:48'),(3803,1,'vi','plugins/ecommerce/currencies','tables.status','Trạng thái','2023-03-01 01:08:48','2023-03-01 01:08:48'),(3804,1,'vi','plugins/ecommerce/currencies','tables.order','Sắp xếp','2023-03-01 01:08:48','2023-03-01 01:08:48'),(3805,1,'vi','plugins/ecommerce/currencies','forms.title','Tiêu đề','2023-03-01 01:08:48','2023-03-01 01:08:48'),(3806,1,'vi','plugins/ecommerce/currencies','forms.code','Mã','2023-03-01 01:08:48','2023-03-01 01:08:48'),(3807,1,'vi','plugins/ecommerce/currencies','forms.symbol','Kí hiệu','2023-03-01 01:08:48','2023-03-01 01:08:48'),(3808,1,'vi','plugins/ecommerce/currencies','forms.is_prefix_symbol','Sử dụng ký hiệu trước số tiền','2023-03-01 01:08:48','2023-03-01 01:08:48'),(3809,1,'vi','plugins/ecommerce/currencies','forms.status','Trạng thái','2023-03-01 01:08:48','2023-03-01 01:08:48'),(3810,1,'vi','plugins/ecommerce/currencies','forms.order','Sắp xếp','2023-03-01 01:08:48','2023-03-01 01:08:48'),(3811,1,'vi','plugins/ecommerce/currencies','forms.decimals','Số kí tự sau dấu phân cách','2023-03-01 01:08:48','2023-03-01 01:08:48'),(3812,1,'vi','plugins/ecommerce/currencies','forms.activated','Đã kích hoạt','2023-03-01 01:08:48','2023-03-01 01:08:48'),(3813,1,'vi','plugins/ecommerce/currencies','forms.deactivated','Đã bị huỷ kích hoạt','2023-03-01 01:08:48','2023-03-01 01:08:48'),(3814,1,'vi','plugins/ecommerce/currencies','forms.yes','Có','2023-03-01 01:08:48','2023-03-01 01:08:48'),(3815,1,'vi','plugins/ecommerce/currencies','forms.no','Không','2023-03-01 01:08:48','2023-03-01 01:08:48'),(3816,1,'vi','plugins/ecommerce/currency','currencies','Tiền tệ','2023-03-01 01:08:48','2023-03-01 01:08:48'),(3817,1,'vi','plugins/ecommerce/currency','setting_description','Các loại tiền tệ được sử dụng trên website.','2023-03-01 01:08:48','2023-03-01 01:08:48'),(3818,1,'vi','plugins/ecommerce/currency','name','Tên','2023-03-01 01:08:48','2023-03-01 01:08:48'),(3819,1,'vi','plugins/ecommerce/currency','symbol','Ký hiệu','2023-03-01 01:08:48','2023-03-01 01:08:48'),(3820,1,'vi','plugins/ecommerce/currency','number_of_decimals','Số thập phân','2023-03-01 01:08:48','2023-03-01 01:08:48'),(3821,1,'vi','plugins/ecommerce/currency','exchange_rate','Tỷ giá','2023-03-01 01:08:48','2023-03-01 01:08:48'),(3822,1,'vi','plugins/ecommerce/currency','is_prefix_symbol','Vị trí ký hiệu','2023-03-01 01:08:48','2023-03-01 01:08:48'),(3823,1,'vi','plugins/ecommerce/currency','is_default','Mặc định?','2023-03-01 01:08:48','2023-03-01 01:08:48'),(3824,1,'vi','plugins/ecommerce/currency','remove','Xoá','2023-03-01 01:08:48','2023-03-01 01:08:48'),(3825,1,'vi','plugins/ecommerce/currency','new_currency','Thêm tiền tệ mới','2023-03-01 01:08:48','2023-03-01 01:08:48'),(3826,1,'vi','plugins/ecommerce/currency','save_settings','Lưu cài đặt','2023-03-01 01:08:48','2023-03-01 01:08:48'),(3827,1,'vi','plugins/ecommerce/currency','before_number','Trước số','2023-03-01 01:08:48','2023-03-01 01:08:48'),(3828,1,'vi','plugins/ecommerce/currency','after_number','Sau số','2023-03-01 01:08:48','2023-03-01 01:08:48'),(3829,1,'vi','plugins/ecommerce/customer','name','Khách hàng','2023-03-01 01:08:48','2023-03-01 01:08:48'),(3830,1,'vi','plugins/ecommerce/customer','create','Create a customer','2023-03-01 01:08:48','2023-03-01 01:08:48'),(3831,1,'vi','plugins/ecommerce/customer','edit','Edit customer \":name\"','2023-03-01 01:08:49','2023-03-01 01:08:49'),(3832,1,'vi','plugins/ecommerce/customer','email','Email','2023-03-01 01:08:49','2023-03-01 01:08:49'),(3833,1,'vi','plugins/ecommerce/customer','email_placeholder','Ex: example@gmail.com','2023-03-01 01:08:49','2023-03-01 01:08:49'),(3834,1,'vi','plugins/ecommerce/customer','password','Password','2023-03-01 01:08:49','2023-03-01 01:08:49'),(3835,1,'vi','plugins/ecommerce/customer','change_password','Change password?','2023-03-01 01:08:49','2023-03-01 01:08:49'),(3836,1,'vi','plugins/ecommerce/customer','password_confirmation','Password confirmation','2023-03-01 01:08:49','2023-03-01 01:08:49'),(3837,1,'vi','plugins/ecommerce/customer','intro.title','Quản lý danh sách khách hàng','2023-03-01 01:08:49','2023-03-01 01:08:49'),(3838,1,'vi','plugins/ecommerce/customer','intro.description','Khi khách hàng đặt hàng, bạn sẽ biết được thông tin và lịch sử mua hàng của khách hàng.','2023-03-01 01:08:49','2023-03-01 01:08:49'),(3839,1,'vi','plugins/ecommerce/customer','intro.button_text','Tạo khách hàng','2023-03-01 01:08:49','2023-03-01 01:08:49'),(3840,1,'vi','plugins/ecommerce/discount','name','Khuyến mãi','2023-03-01 01:08:49','2023-03-01 01:08:49'),(3841,1,'vi','plugins/ecommerce/discount','invalid_coupon','Mã khuyến mãi không hợp lệ hoặc đã hết hạn!','2023-03-01 01:08:49','2023-03-01 01:08:49'),(3842,1,'vi','plugins/ecommerce/discount','cannot_use_same_time_with_other_discount_program','Mã khuyến mãi này không thể sử dụng chung với chương trình khuyến mãi!','2023-03-01 01:08:49','2023-03-01 01:08:49'),(3843,1,'vi','plugins/ecommerce/discount','not_used','Chưa sử dụng mã giảm giá này','2023-03-01 01:08:49','2023-03-01 01:08:49'),(3844,1,'vi','plugins/ecommerce/discount','detail','Detail','2023-03-01 01:08:49','2023-03-01 01:08:49'),(3845,1,'vi','plugins/ecommerce/discount','used','Used','2023-03-01 01:08:49','2023-03-01 01:08:49'),(3846,1,'vi','plugins/ecommerce/discount','start_date','Start date','2023-03-01 01:08:49','2023-03-01 01:08:49'),(3847,1,'vi','plugins/ecommerce/discount','end_date','End date','2023-03-01 01:08:49','2023-03-01 01:08:49'),(3848,1,'vi','plugins/ecommerce/discount','intro.title','Chương trình khuyến mãi','2023-03-01 01:08:49','2023-03-01 01:08:49'),(3849,1,'vi','plugins/ecommerce/discount','intro.description','Tạo ra các mã coupon, cài đặt một sản phẩm, hoặc một nhóm sản phẩm khuyến mãi dành cho các khách hàng thân thiết của bạn.','2023-03-01 01:08:49','2023-03-01 01:08:49'),(3850,1,'vi','plugins/ecommerce/discount','intro.button_text','Tạo khuyến mãi','2023-03-01 01:08:49','2023-03-01 01:08:49'),(3851,1,'vi','plugins/ecommerce/discount','create','Create discount','2023-03-01 01:08:49','2023-03-01 01:08:49'),(3852,1,'vi','plugins/ecommerce/discount','expired','Expired','2023-03-01 01:08:49','2023-03-01 01:08:49'),(3853,1,'vi','plugins/ecommerce/discount','discount_promotion','Discount promotion','2023-03-01 01:08:49','2023-03-01 01:08:49'),(3854,1,'vi','plugins/ecommerce/discount','can','can','2023-03-01 01:08:49','2023-03-01 01:08:49'),(3855,1,'vi','plugins/ecommerce/discount','cannot','cannot','2023-03-01 01:08:49','2023-03-01 01:08:49'),(3856,1,'vi','plugins/ecommerce/discount','use_with_promotion','be used with promotion','2023-03-01 01:08:49','2023-03-01 01:08:49'),(3857,1,'vi','plugins/ecommerce/discount','create_discount_validate_title_required_if','Please enter the name of the promotion','2023-03-01 01:08:49','2023-03-01 01:08:49'),(3858,1,'vi','plugins/ecommerce/discount','create_discount_validate_code_required_if','Please enter the promotion code','2023-03-01 01:08:49','2023-03-01 01:08:49'),(3859,1,'vi','plugins/ecommerce/discount','create_discount_validate_value_required','Amount must be greater than 0','2023-03-01 01:08:49','2023-03-01 01:08:49'),(3860,1,'vi','plugins/ecommerce/discount','create_discount_validate_target_required','No object selected for promotion','2023-03-01 01:08:49','2023-03-01 01:08:49'),(3861,1,'vi','plugins/ecommerce/discount','enums.type-options.amount','Amount - Fixed','2023-03-01 01:08:49','2023-03-01 01:08:49'),(3862,1,'vi','plugins/ecommerce/discount','enums.type-options.percentage','Discount %','2023-03-01 01:08:49','2023-03-01 01:08:49'),(3863,1,'vi','plugins/ecommerce/discount','enums.type-options.shipping','Free shipping','2023-03-01 01:08:49','2023-03-01 01:08:49'),(3864,1,'vi','plugins/ecommerce/discount','enums.type-options.same-price','Same price','2023-03-01 01:08:49','2023-03-01 01:08:49'),(3865,1,'vi','plugins/ecommerce/discount','discount','Discount','2023-03-01 01:08:49','2023-03-01 01:08:49'),(3866,1,'vi','plugins/ecommerce/discount','create_coupon_code','Tạo mã khuyến mãi','2023-03-01 01:08:49','2023-03-01 01:08:49'),(3867,1,'vi','plugins/ecommerce/discount','create_discount_promotion','Create discount promotion','2023-03-01 01:08:49','2023-03-01 01:08:49'),(3868,1,'vi','plugins/ecommerce/discount','generate_coupon_code','Generate coupon code','2023-03-01 01:08:49','2023-03-01 01:08:49'),(3869,1,'vi','plugins/ecommerce/discount','customers_will_enter_this_coupon_code_when_they_checkout','Customers will enter this coupon code when they checkout','2023-03-01 01:08:49','2023-03-01 01:08:49'),(3870,1,'vi','plugins/ecommerce/discount','select_type_of_discount','Select type of discount','2023-03-01 01:08:49','2023-03-01 01:08:49'),(3871,1,'vi','plugins/ecommerce/discount','coupon_code','Coupon code','2023-03-01 01:08:49','2023-03-01 01:08:49'),(3872,1,'vi','plugins/ecommerce/discount','promotion','Promotion','2023-03-01 01:08:49','2023-03-01 01:08:49'),(3873,1,'vi','plugins/ecommerce/discount','can_be_used_with_promotion','Can be used with promotion','2023-03-01 01:08:49','2023-03-01 01:08:49'),(3874,1,'vi','plugins/ecommerce/discount','unlimited_coupon','Unlimited coupon','2023-03-01 01:08:49','2023-03-01 01:08:49'),(3875,1,'vi','plugins/ecommerce/discount','enter_number','Enter number','2023-03-01 01:08:49','2023-03-01 01:08:49'),(3876,1,'vi','plugins/ecommerce/discount','coupon_type','Coupon type','2023-03-01 01:08:49','2023-03-01 01:08:49'),(3877,1,'vi','plugins/ecommerce/discount','percentage_discount','Percentage discount (%)','2023-03-01 01:08:49','2023-03-01 01:08:49'),(3878,1,'vi','plugins/ecommerce/discount','free_shipping','Free shipping','2023-03-01 01:08:49','2023-03-01 01:08:49'),(3879,1,'vi','plugins/ecommerce/discount','same_price','Same price','2023-03-01 01:08:49','2023-03-01 01:08:49'),(3880,1,'vi','plugins/ecommerce/discount','apply_for','apply for','2023-03-01 01:08:49','2023-03-01 01:08:49'),(3881,1,'vi','plugins/ecommerce/discount','all_orders','All orders','2023-03-01 01:08:49','2023-03-01 01:08:49'),(3882,1,'vi','plugins/ecommerce/discount','order_amount_from','Order amount from','2023-03-01 01:08:49','2023-03-01 01:08:49'),(3883,1,'vi','plugins/ecommerce/discount','product_collection','Product collection','2023-03-01 01:08:49','2023-03-01 01:08:49'),(3884,1,'vi','plugins/ecommerce/discount','product','Product','2023-03-01 01:08:49','2023-03-01 01:08:49'),(3885,1,'vi','plugins/ecommerce/discount','customer','Customer','2023-03-01 01:08:49','2023-03-01 01:08:49'),(3886,1,'vi','plugins/ecommerce/discount','variant','Variant','2023-03-01 01:08:49','2023-03-01 01:08:49'),(3887,1,'vi','plugins/ecommerce/discount','search_product','Search product','2023-03-01 01:08:49','2023-03-01 01:08:49'),(3888,1,'vi','plugins/ecommerce/discount','no_products_found','No products found!','2023-03-01 01:08:49','2023-03-01 01:08:49'),(3889,1,'vi','plugins/ecommerce/discount','search_customer','Search customer','2023-03-01 01:08:49','2023-03-01 01:08:49'),(3890,1,'vi','plugins/ecommerce/discount','no_customer_found','No customer found!','2023-03-01 01:08:49','2023-03-01 01:08:49'),(3891,1,'vi','plugins/ecommerce/discount','one_time_per_order','One time per order','2023-03-01 01:08:49','2023-03-01 01:08:49'),(3892,1,'vi','plugins/ecommerce/discount','one_time_per_product_in_cart','One time per product in cart','2023-03-01 01:08:49','2023-03-01 01:08:49'),(3893,1,'vi','plugins/ecommerce/discount','number_of_products','Number of products required to apply','2023-03-01 01:08:49','2023-03-01 01:08:49'),(3894,1,'vi','plugins/ecommerce/discount','selected_products','Selected products','2023-03-01 01:08:49','2023-03-01 01:08:49'),(3895,1,'vi','plugins/ecommerce/discount','selected_customers','Selected customers','2023-03-01 01:08:49','2023-03-01 01:08:49'),(3896,1,'vi','plugins/ecommerce/discount','time','Time','2023-03-01 01:08:49','2023-03-01 01:08:49'),(3897,1,'vi','plugins/ecommerce/discount','never_expired','Never expired','2023-03-01 01:08:49','2023-03-01 01:08:49'),(3898,1,'vi','plugins/ecommerce/discount','save','Save','2023-03-01 01:08:49','2023-03-01 01:08:49'),(3899,1,'vi','plugins/ecommerce/discount','enter_promotion_name','Enter promotion name','2023-03-01 01:08:49','2023-03-01 01:08:49'),(3900,1,'vi','plugins/ecommerce/discount','enter_coupon_name','Enter coupon name','2023-03-01 01:08:49','2023-03-01 01:08:49'),(3901,1,'vi','plugins/ecommerce/discount','cancel','Cancel','2023-03-01 01:08:49','2023-03-01 01:08:49'),(3902,1,'vi','plugins/ecommerce/discount','is','Is','2023-03-01 01:08:49','2023-03-01 01:08:49'),(3903,1,'vi','plugins/ecommerce/discount','when_shipping_fee_less_than','when shipping fee less than','2023-03-01 01:08:49','2023-03-01 01:08:49'),(3904,1,'vi','plugins/ecommerce/ecommerce','settings','Cài đặt','2023-03-01 01:08:49','2023-03-01 01:08:49'),(3905,1,'vi','plugins/ecommerce/ecommerce','name','Thương mại điện tử','2023-03-01 01:08:49','2023-03-01 01:08:49'),(3906,1,'vi','plugins/ecommerce/ecommerce','setting.email.title','E-commerce','2023-03-01 01:08:49','2023-03-01 01:08:49'),(3907,1,'vi','plugins/ecommerce/ecommerce','setting.email.description','Ecommerce email config','2023-03-01 01:08:49','2023-03-01 01:08:49'),(3908,1,'vi','plugins/ecommerce/ecommerce','setting.email.order_confirm_subject','Subject of order confirmation email','2023-03-01 01:08:49','2023-03-01 01:08:49'),(3909,1,'vi','plugins/ecommerce/ecommerce','setting.email.order_confirm_subject_placeholder','The subject of email confirmation send to the customer','2023-03-01 01:08:49','2023-03-01 01:08:49'),(3910,1,'vi','plugins/ecommerce/ecommerce','setting.email.order_confirm_content','Content of order confirmation email','2023-03-01 01:08:49','2023-03-01 01:08:49'),(3911,1,'vi','plugins/ecommerce/ecommerce','setting.email.order_status_change_subject','Subject of email when changing order\'s status','2023-03-01 01:08:49','2023-03-01 01:08:49'),(3912,1,'vi','plugins/ecommerce/ecommerce','setting.email.order_status_change_subject_placeholder','Subject of email when changing order\'s status send to customer','2023-03-01 01:08:49','2023-03-01 01:08:49'),(3913,1,'vi','plugins/ecommerce/ecommerce','setting.email.order_status_change_content','Content of email when changing order\'s status','2023-03-01 01:08:49','2023-03-01 01:08:49'),(3914,1,'vi','plugins/ecommerce/ecommerce','setting.email.from_email','Email from','2023-03-01 01:08:49','2023-03-01 01:08:49'),(3915,1,'vi','plugins/ecommerce/ecommerce','setting.email.from_email_placeholder','Email from address to display in mail. Ex: example@gmail.com','2023-03-01 01:08:49','2023-03-01 01:08:49'),(3916,1,'vi','plugins/ecommerce/ecommerce','store_address','Địa chỉ cửa hàng','2023-03-01 01:08:49','2023-03-01 01:08:49'),(3917,1,'vi','plugins/ecommerce/ecommerce','store_phone','Số điện thoại cửa hàng','2023-03-01 01:08:49','2023-03-01 01:08:49'),(3918,1,'vi','plugins/ecommerce/ecommerce','order_id','Mã đơn hàng','2023-03-01 01:08:49','2023-03-01 01:08:49'),(3919,1,'vi','plugins/ecommerce/ecommerce','order_token','Chuỗi mã hoá đơn hàng','2023-03-01 01:08:49','2023-03-01 01:08:49'),(3920,1,'vi','plugins/ecommerce/ecommerce','customer_name','Tên khách hàng','2023-03-01 01:08:49','2023-03-01 01:08:49'),(3921,1,'vi','plugins/ecommerce/ecommerce','customer_email','Email khách hàng','2023-03-01 01:08:49','2023-03-01 01:08:49'),(3922,1,'vi','plugins/ecommerce/ecommerce','customer_phone','Số điện thoại khách hàng','2023-03-01 01:08:49','2023-03-01 01:08:49'),(3923,1,'vi','plugins/ecommerce/ecommerce','customer_address','Địa chỉ khách hàng','2023-03-01 01:08:49','2023-03-01 01:08:49'),(3924,1,'vi','plugins/ecommerce/ecommerce','product_list','Danh sách sản phẩm trong đơn hàng','2023-03-01 01:08:49','2023-03-01 01:08:49'),(3925,1,'vi','plugins/ecommerce/ecommerce','payment_detail','Chi tiết thanh toán','2023-03-01 01:08:49','2023-03-01 01:08:49'),(3926,1,'vi','plugins/ecommerce/ecommerce','shipping_method','Phương thức vận chuyển','2023-03-01 01:08:49','2023-03-01 01:08:49'),(3927,1,'vi','plugins/ecommerce/ecommerce','payment_method','Phương thức thanh toán','2023-03-01 01:08:49','2023-03-01 01:08:49'),(3928,1,'vi','plugins/ecommerce/ecommerce','standard_and_format','Tiêu chuẩn & Định dạng','2023-03-01 01:08:49','2023-03-01 01:08:49'),(3929,1,'vi','plugins/ecommerce/ecommerce','standard_and_format_description','Các tiêu chuẩn và các định dạng được sử dụng để tính toán những thứ như giá cả sản phẩm, trọng lượng vận chuyển và thời gian đơn hàng được đặt.','2023-03-01 01:08:49','2023-03-01 01:08:49'),(3930,1,'vi','plugins/ecommerce/ecommerce','change_order_format','Chỉnh sửa định dạng mã đơn hàng (tùy chọn)','2023-03-01 01:08:49','2023-03-01 01:08:49'),(3931,1,'vi','plugins/ecommerce/ecommerce','change_order_format_description','Mã đơn hàng mặc định bắt đầu từ :number. Bạn có thể thay đổi chuỗi bắt đầu hoặc kết thúc để tạo mã đơn hàng theo ý bạn, ví dụ \"DH-:number\" hoặc \":number-A\"','2023-03-01 01:08:49','2023-03-01 01:08:49'),(3932,1,'vi','plugins/ecommerce/ecommerce','start_with','Bắt đầu bằng','2023-03-01 01:08:49','2023-03-01 01:08:49'),(3933,1,'vi','plugins/ecommerce/ecommerce','end_with','Kết thúc bằng','2023-03-01 01:08:49','2023-03-01 01:08:49'),(3934,1,'vi','plugins/ecommerce/ecommerce','order_will_be_shown','Mã đơn hàng của bạn sẽ hiển thị theo mẫu','2023-03-01 01:08:49','2023-03-01 01:08:49'),(3935,1,'vi','plugins/ecommerce/ecommerce','weight_unit','Đơn vị cân nặng','2023-03-01 01:08:49','2023-03-01 01:08:49'),(3936,1,'vi','plugins/ecommerce/ecommerce','height_unit','Đơn vị chiều dài/chiều cao','2023-03-01 01:08:49','2023-03-01 01:08:49'),(3937,1,'vi','plugins/ecommerce/email','customer_new_order_title','Xác nhận đơn hàng','2023-03-01 01:08:49','2023-03-01 01:08:49'),(3938,1,'vi','plugins/ecommerce/email','customer_new_order_description','Được gửi khi khách hàng tạo đơn hàng','2023-03-01 01:08:49','2023-03-01 01:08:49'),(3939,1,'vi','plugins/ecommerce/email','order_cancellation_title','Hủy đơn hàng','2023-03-01 01:08:49','2023-03-01 01:08:49'),(3940,1,'vi','plugins/ecommerce/email','order_cancellation_description','Được gửi khi khách hàng hủy đơn hàng','2023-03-01 01:08:49','2023-03-01 01:08:49'),(3941,1,'vi','plugins/ecommerce/email','delivery_confirmation_title','Xác nhận giao hàng','2023-03-01 01:08:49','2023-03-01 01:08:49'),(3942,1,'vi','plugins/ecommerce/email','delivery_confirmation_description','Được gửi đến khách hàng khi bắt đầu giao hàng','2023-03-01 01:08:49','2023-03-01 01:08:49'),(3943,1,'vi','plugins/ecommerce/email','admin_new_order_title','Thông báo có đơn hàng mới','2023-03-01 01:08:49','2023-03-01 01:08:49'),(3944,1,'vi','plugins/ecommerce/email','admin_new_order_description','Được gửi cho quản trị viên khi có khách mua hàng','2023-03-01 01:08:49','2023-03-01 01:08:49'),(3945,1,'vi','plugins/ecommerce/email','order_confirmation_title','Xác nhận đơn hàng','2023-03-01 01:08:49','2023-03-01 01:08:49'),(3946,1,'vi','plugins/ecommerce/email','order_confirmation_description','Email được gửi đến khách hàng khi đơn hàng xác nhận','2023-03-01 01:08:49','2023-03-01 01:08:49'),(3947,1,'vi','plugins/ecommerce/email','payment_confirmation_title','Xác nhận thanh toán','2023-03-01 01:08:49','2023-03-01 01:08:49'),(3948,1,'vi','plugins/ecommerce/email','payment_confirmation_description','Email được gửi đến khách hàng khi đơn hàng xác nhận thanh toán','2023-03-01 01:08:49','2023-03-01 01:08:49'),(3949,1,'vi','plugins/ecommerce/email','order_recover_title','Đơn hàng đang chờ hoàn tất','2023-03-01 01:08:49','2023-03-01 01:08:49'),(3950,1,'vi','plugins/ecommerce/email','order_recover_description','Email nhắc nhở khách hàng hoàn tất đơn hàng','2023-03-01 01:08:49','2023-03-01 01:08:49'),(3951,1,'vi','plugins/ecommerce/email','link_go_to_our_shop','hoặc <a href=\":link\">Truy cập website</a>','2023-03-01 01:08:49','2023-03-01 01:08:49'),(3952,1,'vi','plugins/ecommerce/email','order_information','Thông tin đơn hàng','2023-03-01 01:08:49','2023-03-01 01:08:49'),(3953,1,'vi','plugins/ecommerce/email','order_number','Mã đơn hàng: <strong>:order_id</strong>','2023-03-01 01:08:49','2023-03-01 01:08:49'),(3954,1,'vi','plugins/ecommerce/email','view_order','Xem đơn hàng','2023-03-01 01:08:49','2023-03-01 01:08:49'),(3955,1,'vi','plugins/ecommerce/order','statuses.pending','Chưa xử lý','2023-03-01 01:08:49','2023-03-01 01:08:49'),(3956,1,'vi','plugins/ecommerce/order','statuses.processing','Đang xử lý','2023-03-01 01:08:49','2023-03-01 01:08:49'),(3957,1,'vi','plugins/ecommerce/order','statuses.completed','Hoàn thành','2023-03-01 01:08:49','2023-03-01 01:08:49'),(3958,1,'vi','plugins/ecommerce/order','statuses.canceled','Bị huỷ','2023-03-01 01:08:49','2023-03-01 01:08:49'),(3959,1,'vi','plugins/ecommerce/order','name','Đơn hàng','2023-03-01 01:08:49','2023-03-01 01:08:49'),(3960,1,'vi','plugins/ecommerce/order','incomplete_order','Đơn hàng chưa hoàn tất','2023-03-01 01:08:49','2023-03-01 01:08:49'),(3961,1,'vi','plugins/ecommerce/order','order_id','Mã đơn hàng','2023-03-01 01:08:49','2023-03-01 01:08:49'),(3962,1,'vi','plugins/ecommerce/order','customer_label','Khách hàng','2023-03-01 01:08:49','2023-03-01 01:08:49'),(3963,1,'vi','plugins/ecommerce/order','amount','Tổng cộng','2023-03-01 01:08:49','2023-03-01 01:08:49'),(3964,1,'vi','plugins/ecommerce/order','shipping_amount','Phí vận chuyển','2023-03-01 01:08:49','2023-03-01 01:08:49'),(3965,1,'vi','plugins/ecommerce/order','payment_method','Phương thức thanh toán','2023-03-01 01:08:49','2023-03-01 01:08:49'),(3966,1,'vi','plugins/ecommerce/order','payment_status_label','Trạng thái thanh toán','2023-03-01 01:08:49','2023-03-01 01:08:49'),(3967,1,'vi','plugins/ecommerce/order','manage_orders','Quản lý đơn hàng','2023-03-01 01:08:49','2023-03-01 01:08:49'),(3968,1,'vi','plugins/ecommerce/order','order_intro_description','Một khi cửa hàng của bạn có đơn đặt hàng, đây sẽ là nơi bạn xử lý và theo dõi những đơn đặt hàng đó.','2023-03-01 01:08:49','2023-03-01 01:08:49'),(3969,1,'vi','plugins/ecommerce/order','create_new_order','Tạo đơn hàng','2023-03-01 01:08:49','2023-03-01 01:08:49'),(3970,1,'vi','plugins/ecommerce/order','manage_incomplete_orders','Quản lý đơn hàng chưa hoàn tất','2023-03-01 01:08:49','2023-03-01 01:08:49'),(3971,1,'vi','plugins/ecommerce/order','incomplete_orders_intro_description','Đơn hàng chưa hoàn tất là đơn hàng được tạo khi khách hàng thêm sản phẩm vào giỏ hàng, tiến hành điền thông tin mua hàng nhưng không hoàn tất quá trình thanh toán.','2023-03-01 01:08:49','2023-03-01 01:08:49'),(3972,1,'vi','plugins/ecommerce/order','cannot_send_order_recover_to_mail','Không tìm thấy email nên không thể gửi email khôi phục cho khách hàng.','2023-03-01 01:08:49','2023-03-01 01:08:49'),(3973,1,'vi','plugins/ecommerce/order','menu','Đơn hàng','2023-03-01 01:08:49','2023-03-01 01:08:49'),(3974,1,'vi','plugins/ecommerce/order','order_information','Thông tin đơn hàng','2023-03-01 01:08:49','2023-03-01 01:08:49'),(3975,1,'vi','plugins/ecommerce/order','create','Create an order','2023-03-01 01:08:49','2023-03-01 01:08:49'),(3976,1,'vi','plugins/ecommerce/order','cancel_error','The order is delivering or completed','2023-03-01 01:08:49','2023-03-01 01:08:49'),(3977,1,'vi','plugins/ecommerce/order','cancel_success','You do cancel the order successful','2023-03-01 01:08:49','2023-03-01 01:08:49'),(3978,1,'vi','plugins/ecommerce/order','product_id','Product ID','2023-03-01 01:08:49','2023-03-01 01:08:49'),(3979,1,'vi','plugins/ecommerce/order','tax_amount','Tax Amount','2023-03-01 01:08:49','2023-03-01 01:08:49'),(3980,1,'vi','plugins/ecommerce/order','invoice_for_order','Invoice for order','2023-03-01 01:08:49','2023-03-01 01:08:49'),(3981,1,'vi','plugins/ecommerce/order','created','Created','2023-03-01 01:08:49','2023-03-01 01:08:49'),(3982,1,'vi','plugins/ecommerce/order','invoice','Invoice','2023-03-01 01:08:49','2023-03-01 01:08:49'),(3983,1,'vi','plugins/ecommerce/order','return','Return','2023-03-01 01:08:49','2023-03-01 01:08:49'),(3984,1,'vi','plugins/ecommerce/order','total_refund_amount','Total refund amount','2023-03-01 01:08:49','2023-03-01 01:08:49'),(3985,1,'vi','plugins/ecommerce/order','total_amount_can_be_refunded','Total amount can be refunded','2023-03-01 01:08:49','2023-03-01 01:08:49'),(3986,1,'vi','plugins/ecommerce/order','refund_reason','Refund reason (optional)','2023-03-01 01:08:49','2023-03-01 01:08:49'),(3987,1,'vi','plugins/ecommerce/order','products','product(s)','2023-03-01 01:08:49','2023-03-01 01:08:49'),(3988,1,'vi','plugins/ecommerce/order','default','Default','2023-03-01 01:08:49','2023-03-01 01:08:49'),(3989,1,'vi','plugins/ecommerce/order','system','System','2023-03-01 01:08:49','2023-03-01 01:08:49'),(3990,1,'vi','plugins/ecommerce/order','new_order_from','New order :order_id from :customer','2023-03-01 01:08:49','2023-03-01 01:08:49'),(3991,1,'vi','plugins/ecommerce/order','confirmation_email_was_sent_to_customer','The email confirmation was sent to customer','2023-03-01 01:08:49','2023-03-01 01:08:49'),(3992,1,'vi','plugins/ecommerce/order','address_name_required','The name field is required.','2023-03-01 01:08:49','2023-03-01 01:08:49'),(3993,1,'vi','plugins/ecommerce/order','address_phone_required','The phone field is required.','2023-03-01 01:08:49','2023-03-01 01:08:49'),(3994,1,'vi','plugins/ecommerce/order','address_email_required','The email field is required.','2023-03-01 01:08:49','2023-03-01 01:08:49'),(3995,1,'vi','plugins/ecommerce/order','address_email_unique','The customer with that email is existed, please choose other email or login with this email!','2023-03-01 01:08:49','2023-03-01 01:08:49'),(3996,1,'vi','plugins/ecommerce/order','address_state_required','The state field is required.','2023-03-01 01:08:49','2023-03-01 01:08:49'),(3997,1,'vi','plugins/ecommerce/order','address_city_required','The city field is required.','2023-03-01 01:08:49','2023-03-01 01:08:49'),(3998,1,'vi','plugins/ecommerce/order','address_country_required','The country field is required.','2023-03-01 01:08:49','2023-03-01 01:08:49'),(3999,1,'vi','plugins/ecommerce/order','address_address_required','The address field is required.','2023-03-01 01:08:49','2023-03-01 01:08:49'),(4000,1,'vi','plugins/ecommerce/order','create_order_from_payment_page','Order was created from checkout page','2023-03-01 01:08:49','2023-03-01 01:08:49'),(4001,1,'vi','plugins/ecommerce/order','order_was_verified_by','Order was verified by %user_name%','2023-03-01 01:08:49','2023-03-01 01:08:49'),(4002,1,'vi','plugins/ecommerce/order','new_order','New order :order_id','2023-03-01 01:08:49','2023-03-01 01:08:49'),(4003,1,'vi','plugins/ecommerce/order','payment_was_confirmed_by','Payment was confirmed (amount :money) by %user_name%','2023-03-01 01:08:49','2023-03-01 01:08:49'),(4004,1,'vi','plugins/ecommerce/order','edit_order','Edit order :code','2023-03-01 01:08:49','2023-03-01 01:08:49'),(4005,1,'vi','plugins/ecommerce/order','confirm_order_success','Confirm order successfully!','2023-03-01 01:08:49','2023-03-01 01:08:49'),(4006,1,'vi','plugins/ecommerce/order','error_when_sending_email','There is an error when sending email','2023-03-01 01:08:49','2023-03-01 01:08:49'),(4007,1,'vi','plugins/ecommerce/order','sent_confirmation_email_success','Sent confirmation email successfully!','2023-03-01 01:08:49','2023-03-01 01:08:49'),(4008,1,'vi','plugins/ecommerce/order','order_was_sent_to_shipping_team','Order was sent to shipping team','2023-03-01 01:08:49','2023-03-01 01:08:49'),(4009,1,'vi','plugins/ecommerce/order','by_username','by %user_name%','2023-03-01 01:08:50','2023-03-01 01:08:50'),(4010,1,'vi','plugins/ecommerce/order','shipping_was_created_from','Shipping was created from order %order_id%','2023-03-01 01:08:50','2023-03-01 01:08:50'),(4011,1,'vi','plugins/ecommerce/order','shipping_was_canceled_success','Shipping was cancelled successfully!','2023-03-01 01:08:50','2023-03-01 01:08:50'),(4012,1,'vi','plugins/ecommerce/order','shipping_was_canceled_by','Shipping was cancelled by %user_name%','2023-03-01 01:08:50','2023-03-01 01:08:50'),(4013,1,'vi','plugins/ecommerce/order','update_shipping_address_success','Update shipping address successfully!','2023-03-01 01:08:50','2023-03-01 01:08:50'),(4014,1,'vi','plugins/ecommerce/order','order_was_canceled_by','Order was cancelled by %user_name%','2023-03-01 01:08:50','2023-03-01 01:08:50'),(4015,1,'vi','plugins/ecommerce/order','confirm_payment_success','Confirm payment successfully!','2023-03-01 01:08:50','2023-03-01 01:08:50'),(4016,1,'vi','plugins/ecommerce/order','refund_amount_invalid','Refund amount must be lower or equal :price','2023-03-01 01:08:50','2023-03-01 01:08:50'),(4017,1,'vi','plugins/ecommerce/order','number_of_products_invalid','Number of products refund is not valid!','2023-03-01 01:08:50','2023-03-01 01:08:50'),(4018,1,'vi','plugins/ecommerce/order','cannot_found_payment_for_this_order','Cannot found payment for this order!','2023-03-01 01:08:50','2023-03-01 01:08:50'),(4019,1,'vi','plugins/ecommerce/order','refund_success_with_price','Refund success :price','2023-03-01 01:08:50','2023-03-01 01:08:50'),(4020,1,'vi','plugins/ecommerce/order','refund_success','Refund successfully!','2023-03-01 01:08:50','2023-03-01 01:08:50'),(4021,1,'vi','plugins/ecommerce/order','order_is_not_existed','Order is not existed!','2023-03-01 01:08:50','2023-03-01 01:08:50'),(4022,1,'vi','plugins/ecommerce/order','reorder','Reorder','2023-03-01 01:08:50','2023-03-01 01:08:50'),(4023,1,'vi','plugins/ecommerce/order','sent_email_incomplete_order_success','Sent email to remind about incomplete order successfully!','2023-03-01 01:08:50','2023-03-01 01:08:50'),(4024,1,'vi','plugins/ecommerce/order','applied_coupon_success','Applied coupon \":code\" successfully!','2023-03-01 01:08:50','2023-03-01 01:08:50'),(4025,1,'vi','plugins/ecommerce/order','new_order_notice','You have <span class=\"bold\">:count</span> New Order(s)','2023-03-01 01:08:50','2023-03-01 01:08:50'),(4026,1,'vi','plugins/ecommerce/order','view_all','View all','2023-03-01 01:08:50','2023-03-01 01:08:50'),(4027,1,'vi','plugins/ecommerce/order','cancel_order','Cancel order','2023-03-01 01:08:50','2023-03-01 01:08:50'),(4028,1,'vi','plugins/ecommerce/order','order_canceled','Order canceled','2023-03-01 01:08:50','2023-03-01 01:08:50'),(4029,1,'vi','plugins/ecommerce/order','order_was_canceled_at','Order was canceled at','2023-03-01 01:08:50','2023-03-01 01:08:50'),(4030,1,'vi','plugins/ecommerce/order','completed','Completed','2023-03-01 01:08:50','2023-03-01 01:08:50'),(4031,1,'vi','plugins/ecommerce/order','uncompleted','Uncompleted','2023-03-01 01:08:50','2023-03-01 01:08:50'),(4032,1,'vi','plugins/ecommerce/order','sku','SKU','2023-03-01 01:08:50','2023-03-01 01:08:50'),(4033,1,'vi','plugins/ecommerce/order','warehouse','Warehouse','2023-03-01 01:08:50','2023-03-01 01:08:50'),(4034,1,'vi','plugins/ecommerce/order','sub_amount','Sub amount','2023-03-01 01:08:50','2023-03-01 01:08:50'),(4035,1,'vi','plugins/ecommerce/order','coupon_code','Coupon code: \":code\"','2023-03-01 01:08:50','2023-03-01 01:08:50'),(4036,1,'vi','plugins/ecommerce/order','shipping_fee','Shipping fee','2023-03-01 01:08:50','2023-03-01 01:08:50'),(4037,1,'vi','plugins/ecommerce/order','tax','Tax','2023-03-01 01:08:50','2023-03-01 01:08:50'),(4038,1,'vi','plugins/ecommerce/order','refunded_amount','Refunded amount','2023-03-01 01:08:50','2023-03-01 01:08:50'),(4039,1,'vi','plugins/ecommerce/order','amount_received','The amount actually received','2023-03-01 01:08:50','2023-03-01 01:08:50'),(4040,1,'vi','plugins/ecommerce/order','download_invoice','Download invoice','2023-03-01 01:08:50','2023-03-01 01:08:50'),(4041,1,'vi','plugins/ecommerce/order','add_note','Add note...','2023-03-01 01:08:50','2023-03-01 01:08:50'),(4042,1,'vi','plugins/ecommerce/order','order_was_confirmed','Order was confirmed','2023-03-01 01:08:50','2023-03-01 01:08:50'),(4043,1,'vi','plugins/ecommerce/order','confirm_order','Confirm order','2023-03-01 01:08:50','2023-03-01 01:08:50'),(4044,1,'vi','plugins/ecommerce/order','confirm','Confirm','2023-03-01 01:08:50','2023-03-01 01:08:50'),(4045,1,'vi','plugins/ecommerce/order','order_was_canceled','Order was canceled','2023-03-01 01:08:50','2023-03-01 01:08:50'),(4046,1,'vi','plugins/ecommerce/order','pending_payment','Pending payment','2023-03-01 01:08:50','2023-03-01 01:08:50'),(4047,1,'vi','plugins/ecommerce/order','payment_was_accepted','Payment :money was accepted','2023-03-01 01:08:50','2023-03-01 01:08:50'),(4048,1,'vi','plugins/ecommerce/order','payment_was_refunded','Payment was refunded','2023-03-01 01:08:50','2023-03-01 01:08:50'),(4049,1,'vi','plugins/ecommerce/order','confirm_payment','Confirm payment','2023-03-01 01:08:50','2023-03-01 01:08:50'),(4050,1,'vi','plugins/ecommerce/order','refund','Refund','2023-03-01 01:08:50','2023-03-01 01:08:50'),(4051,1,'vi','plugins/ecommerce/order','all_products_are_not_delivered','All products are not delivered','2023-03-01 01:08:50','2023-03-01 01:08:50'),(4052,1,'vi','plugins/ecommerce/order','delivery','Delivery','2023-03-01 01:08:50','2023-03-01 01:08:50'),(4053,1,'vi','plugins/ecommerce/order','history','History','2023-03-01 01:08:50','2023-03-01 01:08:50'),(4054,1,'vi','plugins/ecommerce/order','order_number','Order number','2023-03-01 01:08:50','2023-03-01 01:08:50'),(4055,1,'vi','plugins/ecommerce/order','from','from','2023-03-01 01:08:50','2023-03-01 01:08:50'),(4056,1,'vi','plugins/ecommerce/order','status','Status','2023-03-01 01:08:50','2023-03-01 01:08:50'),(4057,1,'vi','plugins/ecommerce/order','successfully','Successfully','2023-03-01 01:08:50','2023-03-01 01:08:50'),(4058,1,'vi','plugins/ecommerce/order','transaction_type','Transaction\'s type','2023-03-01 01:08:50','2023-03-01 01:08:50'),(4059,1,'vi','plugins/ecommerce/order','staff','Staff','2023-03-01 01:08:50','2023-03-01 01:08:50'),(4060,1,'vi','plugins/ecommerce/order','refund_date','Refund date','2023-03-01 01:08:50','2023-03-01 01:08:50'),(4061,1,'vi','plugins/ecommerce/order','n_a','N\\A','2023-03-01 01:08:50','2023-03-01 01:08:50'),(4062,1,'vi','plugins/ecommerce/order','payment_date','Payment date','2023-03-01 01:08:50','2023-03-01 01:08:50'),(4063,1,'vi','plugins/ecommerce/order','payment_gateway','Payment gateway','2023-03-01 01:08:50','2023-03-01 01:08:50'),(4064,1,'vi','plugins/ecommerce/order','transaction_amount','Transaction amount','2023-03-01 01:08:50','2023-03-01 01:08:50'),(4065,1,'vi','plugins/ecommerce/order','resend','Resend','2023-03-01 01:08:50','2023-03-01 01:08:50'),(4066,1,'vi','plugins/ecommerce/order','default_store','Default store','2023-03-01 01:08:50','2023-03-01 01:08:50'),(4067,1,'vi','plugins/ecommerce/order','update_address','Update address','2023-03-01 01:08:50','2023-03-01 01:08:50'),(4068,1,'vi','plugins/ecommerce/order','have_an_account_already','Have an account already','2023-03-01 01:08:50','2023-03-01 01:08:50'),(4069,1,'vi','plugins/ecommerce/order','dont_have_an_account_yet','Don\'t have an account yet','2023-03-01 01:08:50','2023-03-01 01:08:50'),(4070,1,'vi','plugins/ecommerce/order','mark_payment_as_confirmed','Mark <span>:method</span> as confirmed','2023-03-01 01:08:50','2023-03-01 01:08:50'),(4071,1,'vi','plugins/ecommerce/order','resend_order_confirmation','Resend order confirmation','2023-03-01 01:08:50','2023-03-01 01:08:50'),(4072,1,'vi','plugins/ecommerce/order','resend_order_confirmation_description','Confirmation email will be sent to <strong>:email</strong>?','2023-03-01 01:08:50','2023-03-01 01:08:50'),(4073,1,'vi','plugins/ecommerce/order','send','Send','2023-03-01 01:08:50','2023-03-01 01:08:50'),(4074,1,'vi','plugins/ecommerce/order','update','Update','2023-03-01 01:08:50','2023-03-01 01:08:50'),(4075,1,'vi','plugins/ecommerce/order','cancel_shipping_confirmation','Cancel shipping confirmation?','2023-03-01 01:08:50','2023-03-01 01:08:50'),(4076,1,'vi','plugins/ecommerce/order','cancel_shipping_confirmation_description','Cancel shipping confirmation?','2023-03-01 01:08:50','2023-03-01 01:08:50'),(4077,1,'vi','plugins/ecommerce/order','cancel_order_confirmation','Cancel order confirmation?','2023-03-01 01:08:50','2023-03-01 01:08:50'),(4078,1,'vi','plugins/ecommerce/order','cancel_order_confirmation_description','Are you sure you want to cancel this order? This action cannot rollback','2023-03-01 01:08:50','2023-03-01 01:08:50'),(4079,1,'vi','plugins/ecommerce/order','confirm_payment_confirmation_description','Processed by <strong>:method</strong>. Did you receive payment outside the system? This payment won\'t be saved into system and cannot be refunded','2023-03-01 01:08:50','2023-03-01 01:08:50'),(4080,1,'vi','plugins/ecommerce/order','save_note','Save note','2023-03-01 01:08:50','2023-03-01 01:08:50'),(4081,1,'vi','plugins/ecommerce/order','order_note','Order note','2023-03-01 01:08:50','2023-03-01 01:08:50'),(4082,1,'vi','plugins/ecommerce/order','order_note_placeholder','Note about order, ex: time or shipping instruction.','2023-03-01 01:08:50','2023-03-01 01:08:50'),(4083,1,'vi','plugins/ecommerce/order','order_amount','Order amount','2023-03-01 01:08:50','2023-03-01 01:08:50'),(4084,1,'vi','plugins/ecommerce/order','additional_information','Additional information','2023-03-01 01:08:50','2023-03-01 01:08:50'),(4085,1,'vi','plugins/ecommerce/order','notice_about_incomplete_order','Notice about incomplete order','2023-03-01 01:08:50','2023-03-01 01:08:50'),(4086,1,'vi','plugins/ecommerce/order','notice_about_incomplete_order_description','Remind email about uncompleted order will be send to <strong>:email</strong>?','2023-03-01 01:08:50','2023-03-01 01:08:50'),(4087,1,'vi','plugins/ecommerce/order','incomplete_order_description_1','An incomplete order is when a potential customer places items in their shopping cart, and goes all the way through to the payment page, but then doesn\'t complete the transaction.','2023-03-01 01:08:50','2023-03-01 01:08:50'),(4088,1,'vi','plugins/ecommerce/order','incomplete_order_description_2','If you have contacted customers and they want to continue buying, you can help them complete their order by following the link:','2023-03-01 01:08:50','2023-03-01 01:08:50'),(4089,1,'vi','plugins/ecommerce/order','send_an_email_to_recover_this_order','Send an email to customer to recover this order','2023-03-01 01:08:50','2023-03-01 01:08:50'),(4090,1,'vi','plugins/ecommerce/order','see_maps','See maps','2023-03-01 01:08:50','2023-03-01 01:08:50'),(4091,1,'vi','plugins/ecommerce/order','one_or_more_products_dont_have_enough_quantity','One or more products don\'t have enough quantity!','2023-03-01 01:08:50','2023-03-01 01:08:50'),(4092,1,'vi','plugins/ecommerce/order','payment_info','Payment Info','2023-03-01 01:08:50','2023-03-01 01:08:50'),(4093,1,'vi','plugins/ecommerce/order','payment_method_refund_automatic','Your customer will be refunded using :method automatically.','2023-03-01 01:08:50','2023-03-01 01:08:50'),(4094,1,'vi','plugins/ecommerce/order','order','Order','2023-03-01 01:08:50','2023-03-01 01:08:50'),(4095,1,'vi','plugins/ecommerce/order','create_a_new_product','Create a new product','2023-03-01 01:08:50','2023-03-01 01:08:50'),(4096,1,'vi','plugins/ecommerce/order','out_of_stock','Out of stock','2023-03-01 01:08:50','2023-03-01 01:08:50'),(4097,1,'vi','plugins/ecommerce/order','products_available','product(s) available','2023-03-01 01:08:50','2023-03-01 01:08:50'),(4098,1,'vi','plugins/ecommerce/order','no_products_found','No products found!','2023-03-01 01:08:50','2023-03-01 01:08:50'),(4099,1,'vi','plugins/ecommerce/order','note','Note','2023-03-01 01:08:50','2023-03-01 01:08:50'),(4100,1,'vi','plugins/ecommerce/order','note_for_order','Note for order...','2023-03-01 01:08:50','2023-03-01 01:08:50'),(4101,1,'vi','plugins/ecommerce/order','add_discount','Add discount','2023-03-01 01:08:50','2023-03-01 01:08:50'),(4102,1,'vi','plugins/ecommerce/order','discount','Discount','2023-03-01 01:08:50','2023-03-01 01:08:50'),(4103,1,'vi','plugins/ecommerce/order','add_shipping_fee','Add shipping fee','2023-03-01 01:08:50','2023-03-01 01:08:50'),(4104,1,'vi','plugins/ecommerce/order','shipping','Shipping','2023-03-01 01:08:50','2023-03-01 01:08:50'),(4105,1,'vi','plugins/ecommerce/order','total_amount','Total amount','2023-03-01 01:08:50','2023-03-01 01:08:50'),(4106,1,'vi','plugins/ecommerce/order','confirm_payment_and_create_order','Confirm payment and create order','2023-03-01 01:08:50','2023-03-01 01:08:50'),(4107,1,'vi','plugins/ecommerce/order','paid','Paid','2023-03-01 01:08:50','2023-03-01 01:08:50'),(4108,1,'vi','plugins/ecommerce/order','pay_later','Pay later','2023-03-01 01:08:50','2023-03-01 01:08:50'),(4109,1,'vi','plugins/ecommerce/order','customer_information','Customer information','2023-03-01 01:08:50','2023-03-01 01:08:50'),(4110,1,'vi','plugins/ecommerce/order','create_new_customer','Create new customer','2023-03-01 01:08:50','2023-03-01 01:08:50'),(4111,1,'vi','plugins/ecommerce/order','no_customer_found','No customer found!','2023-03-01 01:08:50','2023-03-01 01:08:50'),(4112,1,'vi','plugins/ecommerce/order','customer','Customer','2023-03-01 01:08:50','2023-03-01 01:08:50'),(4113,1,'vi','plugins/ecommerce/order','orders','order(s)','2023-03-01 01:08:50','2023-03-01 01:08:50'),(4114,1,'vi','plugins/ecommerce/order','shipping_address','Shipping Address','2023-03-01 01:08:50','2023-03-01 01:08:50'),(4115,1,'vi','plugins/ecommerce/order','see_on_maps','See on maps','2023-03-01 01:08:50','2023-03-01 01:08:50'),(4116,1,'vi','plugins/ecommerce/order','price','Price','2023-03-01 01:08:50','2023-03-01 01:08:50'),(4117,1,'vi','plugins/ecommerce/order','sku_optional','SKU (optional)','2023-03-01 01:08:50','2023-03-01 01:08:50'),(4118,1,'vi','plugins/ecommerce/order','with_storehouse_management','With storehouse management?','2023-03-01 01:08:50','2023-03-01 01:08:50'),(4119,1,'vi','plugins/ecommerce/order','quantity','Quantity','2023-03-01 01:08:50','2023-03-01 01:08:50'),(4120,1,'vi','plugins/ecommerce/order','allow_customer_checkout_when_this_product_out_of_stock','Allow customer checkout when this product out of stock?','2023-03-01 01:08:50','2023-03-01 01:08:50'),(4121,1,'vi','plugins/ecommerce/order','address','Address','2023-03-01 01:08:50','2023-03-01 01:08:50'),(4122,1,'vi','plugins/ecommerce/order','phone','Phone','2023-03-01 01:08:50','2023-03-01 01:08:50'),(4123,1,'vi','plugins/ecommerce/order','country','Country','2023-03-01 01:08:50','2023-03-01 01:08:50'),(4124,1,'vi','plugins/ecommerce/order','state','State','2023-03-01 01:08:50','2023-03-01 01:08:50'),(4125,1,'vi','plugins/ecommerce/order','city','City','2023-03-01 01:08:50','2023-03-01 01:08:50'),(4126,1,'vi','plugins/ecommerce/order','zip_code','Zip code','2023-03-01 01:08:50','2023-03-01 01:08:50'),(4127,1,'vi','plugins/ecommerce/order','discount_based_on','Discount based on','2023-03-01 01:08:50','2023-03-01 01:08:50'),(4128,1,'vi','plugins/ecommerce/order','or_coupon_code','Or coupon code','2023-03-01 01:08:50','2023-03-01 01:08:50'),(4129,1,'vi','plugins/ecommerce/order','description','Description','2023-03-01 01:08:50','2023-03-01 01:08:50'),(4130,1,'vi','plugins/ecommerce/order','how_to_select_configured_shipping','How to select configured shipping?','2023-03-01 01:08:50','2023-03-01 01:08:50'),(4131,1,'vi','plugins/ecommerce/order','please_add_customer_information_with_the_complete_shipping_address_to_see_the_configured_shipping_rates','Please add customer information with the complete shipping address to see the configured shipping rates','2023-03-01 01:08:50','2023-03-01 01:08:50'),(4132,1,'vi','plugins/ecommerce/order','free_shipping','Free shipping','2023-03-01 01:08:50','2023-03-01 01:08:50'),(4133,1,'vi','plugins/ecommerce/order','custom','Custom','2023-03-01 01:08:50','2023-03-01 01:08:50'),(4134,1,'vi','plugins/ecommerce/order','email','Email','2023-03-01 01:08:50','2023-03-01 01:08:50'),(4135,1,'vi','plugins/ecommerce/order','create_order','Create order','2023-03-01 01:08:50','2023-03-01 01:08:50'),(4136,1,'vi','plugins/ecommerce/order','close','Close','2023-03-01 01:08:50','2023-03-01 01:08:50'),(4137,1,'vi','plugins/ecommerce/order','confirm_payment_is_paid_for_this_order','Confirm payment is paid for this order','2023-03-01 01:08:50','2023-03-01 01:08:50'),(4138,1,'vi','plugins/ecommerce/order','payment_status_of_the_order_is_paid_once_the_order_has_been_created_you_cannot_change_the_payment_method_or_status','Payment status of the order is Paid. Once the order has been created, you cannot change the payment method or status','2023-03-01 01:08:50','2023-03-01 01:08:50'),(4139,1,'vi','plugins/ecommerce/order','select_payment_method','Select payment method','2023-03-01 01:08:50','2023-03-01 01:08:50'),(4140,1,'vi','plugins/ecommerce/order','cash_on_delivery_cod','Cash on delivery (COD)','2023-03-01 01:08:50','2023-03-01 01:08:50'),(4141,1,'vi','plugins/ecommerce/order','bank_transfer','Bank transfer','2023-03-01 01:08:50','2023-03-01 01:08:50'),(4142,1,'vi','plugins/ecommerce/order','paid_amount','Paid amount','2023-03-01 01:08:50','2023-03-01 01:08:50'),(4143,1,'vi','plugins/ecommerce/order','confirm_that_payment_for_this_order_will_be_paid_later','Confirm that payment for this order will be paid later','2023-03-01 01:08:50','2023-03-01 01:08:50'),(4144,1,'vi','plugins/ecommerce/order','payment_status_of_the_order_is_pending_once_the_order_has_been_created_you_cannot_change_the_payment_method_or_status','Payment status of the order is Pending. Once the order has been created, you cannot change the payment method or status','2023-03-01 01:08:50','2023-03-01 01:08:50'),(4145,1,'vi','plugins/ecommerce/order','pending_amount','Pending amount','2023-03-01 01:08:50','2023-03-01 01:08:50'),(4146,1,'vi','plugins/ecommerce/order','update_email','Update email','2023-03-01 01:08:50','2023-03-01 01:08:50'),(4147,1,'vi','plugins/ecommerce/order','save','Save','2023-03-01 01:08:50','2023-03-01 01:08:50'),(4148,1,'vi','plugins/ecommerce/order','cancel','Cancel','2023-03-01 01:08:50','2023-03-01 01:08:50'),(4149,1,'vi','plugins/ecommerce/order','create_a_new_order','Create a new order','2023-03-01 01:08:50','2023-03-01 01:08:50'),(4150,1,'vi','plugins/ecommerce/order','search_or_create_new_product','Search or create a new product','2023-03-01 01:08:50','2023-03-01 01:08:50'),(4151,1,'vi','plugins/ecommerce/order','search_or_create_new_customer','Search or create a new customer','2023-03-01 01:08:50','2023-03-01 01:08:50'),(4152,1,'vi','plugins/ecommerce/order','discount_description','Discount description','2023-03-01 01:08:50','2023-03-01 01:08:50'),(4153,1,'vi','plugins/ecommerce/order','cant_select_out_of_stock_product','Cannot select out of stock product!','2023-03-01 01:08:50','2023-03-01 01:08:50'),(4154,1,'vi','plugins/ecommerce/payment','name','Thanh toán','2023-03-01 01:08:50','2023-03-01 01:08:50'),(4155,1,'vi','plugins/ecommerce/payment','payment_method','Phương thức thanh toán','2023-03-01 01:08:50','2023-03-01 01:08:50'),(4156,1,'vi','plugins/ecommerce/payment','view_payment','Xem thanh toán #','2023-03-01 01:08:50','2023-03-01 01:08:50'),(4157,1,'vi','plugins/ecommerce/payment','charge_id','Mã giao dịch','2023-03-01 01:08:50','2023-03-01 01:08:50'),(4158,1,'vi','plugins/ecommerce/payment','amount','Số tiền','2023-03-01 01:08:50','2023-03-01 01:08:50'),(4159,1,'vi','plugins/ecommerce/payment','currency','Đơn vị tiền tệ','2023-03-01 01:08:50','2023-03-01 01:08:50'),(4160,1,'vi','plugins/ecommerce/payment','user','Người dùng','2023-03-01 01:08:50','2023-03-01 01:08:50'),(4161,1,'vi','plugins/ecommerce/payment','paypal_name_required','Tên của phương thức PayPal là bắt buộc!','2023-03-01 01:08:50','2023-03-01 01:08:50'),(4162,1,'vi','plugins/ecommerce/payment','paypal_name_max','Tên của phương thức PayPal quá dài!','2023-03-01 01:08:50','2023-03-01 01:08:50'),(4163,1,'vi','plugins/ecommerce/payment','status','Trạng thái','2023-03-01 01:08:50','2023-03-01 01:08:50'),(4164,1,'vi','plugins/ecommerce/payment','enabled','Bật','2023-03-01 01:08:50','2023-03-01 01:08:50'),(4165,1,'vi','plugins/ecommerce/payment','disabled','Tắt','2023-03-01 01:08:50','2023-03-01 01:08:50'),(4166,1,'vi','plugins/ecommerce/payment','client_id','Client ID','2023-03-01 01:08:50','2023-03-01 01:08:50'),(4167,1,'vi','plugins/ecommerce/payment','client_secret','Client Secret','2023-03-01 01:08:50','2023-03-01 01:08:50'),(4168,1,'vi','plugins/ecommerce/payment','mode','Chế độ','2023-03-01 01:08:50','2023-03-01 01:08:50'),(4169,1,'vi','plugins/ecommerce/payment','sandbox','Sandbox','2023-03-01 01:08:50','2023-03-01 01:08:50'),(4170,1,'vi','plugins/ecommerce/payment','live','Live','2023-03-01 01:08:50','2023-03-01 01:08:50'),(4171,1,'vi','plugins/ecommerce/payment','enable_payment_log','Bật lưu nhật ký thanh toán','2023-03-01 01:08:50','2023-03-01 01:08:50'),(4172,1,'vi','plugins/ecommerce/payment','yes','Có','2023-03-01 01:08:50','2023-03-01 01:08:50'),(4173,1,'vi','plugins/ecommerce/payment','no','Không','2023-03-01 01:08:50','2023-03-01 01:08:50'),(4174,1,'vi','plugins/ecommerce/payment','client_key','Client Key','2023-03-01 01:08:50','2023-03-01 01:08:50'),(4175,1,'vi','plugins/ecommerce/payment','paypal','PayPal','2023-03-01 01:08:50','2023-03-01 01:08:50'),(4176,1,'vi','plugins/ecommerce/payment','action','Hành động','2023-03-01 01:08:50','2023-03-01 01:08:50'),(4177,1,'vi','plugins/ecommerce/payment','go_back','Quay lại','2023-03-01 01:08:50','2023-03-01 01:08:50'),(4178,1,'vi','plugins/ecommerce/payment','view','Xem','2023-03-01 01:08:50','2023-03-01 01:08:50'),(4179,1,'vi','plugins/ecommerce/payment','cash_on_delivery','Thanh toán khi nhận hàng (COD)','2023-03-01 01:08:50','2023-03-01 01:08:50'),(4180,1,'vi','plugins/ecommerce/payment','via_bank_transfer','Thông qua chuyển khoản ngân hàng','2023-03-01 01:08:50','2023-03-01 01:08:50'),(4181,1,'vi','plugins/ecommerce/payment','payment_via_cart','Thanh toán bằng thẻ','2023-03-01 01:08:50','2023-03-01 01:08:50'),(4182,1,'vi','plugins/ecommerce/payment','card_number','Số thẻ','2023-03-01 01:08:50','2023-03-01 01:08:50'),(4183,1,'vi','plugins/ecommerce/payment','full_name','Tên trên thẻ','2023-03-01 01:08:50','2023-03-01 01:08:50'),(4184,1,'vi','plugins/ecommerce/payment','payment_via_paypal','Thanh toán thông qua PayPal','2023-03-01 01:08:50','2023-03-01 01:08:50'),(4185,1,'vi','plugins/ecommerce/payment','mm_yy','MM/YY','2023-03-01 01:08:50','2023-03-01 01:08:50'),(4186,1,'vi','plugins/ecommerce/payment','cvc','CVC','2023-03-01 01:08:50','2023-03-01 01:08:50'),(4187,1,'vi','plugins/ecommerce/payment','details','Chi tiết','2023-03-01 01:08:50','2023-03-01 01:08:50'),(4188,1,'vi','plugins/ecommerce/payment','payer_name','Người thanh toán','2023-03-01 01:08:51','2023-03-01 01:08:51'),(4189,1,'vi','plugins/ecommerce/payment','email','Địa chỉ email','2023-03-01 01:08:51','2023-03-01 01:08:51'),(4190,1,'vi','plugins/ecommerce/payment','phone','Điện thoại','2023-03-01 01:08:51','2023-03-01 01:08:51'),(4191,1,'vi','plugins/ecommerce/payment','country','Quốc gia','2023-03-01 01:08:51','2023-03-01 01:08:51'),(4192,1,'vi','plugins/ecommerce/payment','shipping_address','Địa chỉ giao hàng','2023-03-01 01:08:51','2023-03-01 01:08:51'),(4193,1,'vi','plugins/ecommerce/payment','payment_details','Chi tiết giao dịch','2023-03-01 01:08:51','2023-03-01 01:08:51'),(4194,1,'vi','plugins/ecommerce/payment','card','Thẻ','2023-03-01 01:08:51','2023-03-01 01:08:51'),(4195,1,'vi','plugins/ecommerce/payment','address','Địa chỉ','2023-03-01 01:08:51','2023-03-01 01:08:51'),(4196,1,'vi','plugins/ecommerce/payment','new_payment','Thanh toán cho đơn hàng :id','2023-03-01 01:08:51','2023-03-01 01:08:51'),(4197,1,'vi','plugins/ecommerce/payment','payment_id','Mã thanh toán','2023-03-01 01:08:51','2023-03-01 01:08:51'),(4198,1,'vi','plugins/ecommerce/prices','name','Price','2023-03-01 01:08:51','2023-03-01 01:08:51'),(4199,1,'vi','plugins/ecommerce/prices','create','New price','2023-03-01 01:08:51','2023-03-01 01:08:51'),(4200,1,'vi','plugins/ecommerce/prices','edit','Edit price','2023-03-01 01:08:51','2023-03-01 01:08:51'),(4201,1,'vi','plugins/ecommerce/prices','list','List price','2023-03-01 01:08:51','2023-03-01 01:08:51'),(4202,1,'vi','plugins/ecommerce/product-attribute-sets','name','Product attribute sets','2023-03-01 01:08:51','2023-03-01 01:08:51'),(4203,1,'vi','plugins/ecommerce/product-attribute-sets','create','New product attribute set','2023-03-01 01:08:51','2023-03-01 01:08:51'),(4204,1,'vi','plugins/ecommerce/product-attribute-sets','edit','Edit product attribute set','2023-03-01 01:08:51','2023-03-01 01:08:51'),(4205,1,'vi','plugins/ecommerce/product-attribute-sets','visible_in_categories','Visible in categories','2023-03-01 01:08:51','2023-03-01 01:08:51'),(4206,1,'vi','plugins/ecommerce/product-attribute-sets','product_with_more_version','Product with more version','2023-03-01 01:08:51','2023-03-01 01:08:51'),(4207,1,'vi','plugins/ecommerce/product-attribute-sets','create_a_version','Create a version','2023-03-01 01:08:51','2023-03-01 01:08:51'),(4208,1,'vi','plugins/ecommerce/product-attribute-sets','enabled','Enabled','2023-03-01 01:08:51','2023-03-01 01:08:51'),(4209,1,'vi','plugins/ecommerce/product-attribute-sets','attributes','Attributes','2023-03-01 01:08:51','2023-03-01 01:08:51'),(4210,1,'vi','plugins/ecommerce/product-attribute-sets','price','Price','2023-03-01 01:08:51','2023-03-01 01:08:51'),(4211,1,'vi','plugins/ecommerce/product-attribute-sets','edit_btn','Edit','2023-03-01 01:08:51','2023-03-01 01:08:51'),(4212,1,'vi','plugins/ecommerce/product-attribute-sets','remove_btn','Remove','2023-03-01 01:08:51','2023-03-01 01:08:51'),(4213,1,'vi','plugins/ecommerce/product-attribute-sets','product','Product','2023-03-01 01:08:51','2023-03-01 01:08:51'),(4214,1,'vi','plugins/ecommerce/product-attribute-sets','back_to_product','Back to product','2023-03-01 01:08:51','2023-03-01 01:08:51'),(4215,1,'vi','plugins/ecommerce/product-attribute-sets','save','Save','2023-03-01 01:08:51','2023-03-01 01:08:51'),(4216,1,'vi','plugins/ecommerce/product-attribute-sets','other_existing_versions','Other existing versions','2023-03-01 01:08:51','2023-03-01 01:08:51'),(4217,1,'vi','plugins/ecommerce/product-attribute-sets','version_information','Version information','2023-03-01 01:08:51','2023-03-01 01:08:51'),(4218,1,'vi','plugins/ecommerce/product-attribute-sets','add_rule','Add rule','2023-03-01 01:08:51','2023-03-01 01:08:51'),(4219,1,'vi','plugins/ecommerce/product-attribute-sets','rules','Rules','2023-03-01 01:08:51','2023-03-01 01:08:51'),(4220,1,'vi','plugins/ecommerce/product-attribute-sets','pricing','Pricing','2023-03-01 01:08:51','2023-03-01 01:08:51'),(4221,1,'vi','plugins/ecommerce/product-attribute-sets','sale_price','Sale price','2023-03-01 01:08:51','2023-03-01 01:08:51'),(4222,1,'vi','plugins/ecommerce/product-attribute-sets','sale_type','Sale type','2023-03-01 01:08:51','2023-03-01 01:08:51'),(4223,1,'vi','plugins/ecommerce/product-attribute-sets','no_sale_price','No sale price','2023-03-01 01:08:51','2023-03-01 01:08:51'),(4224,1,'vi','plugins/ecommerce/product-attribute-sets','always_on_sale','Always on sale','2023-03-01 01:08:51','2023-03-01 01:08:51'),(4225,1,'vi','plugins/ecommerce/product-attribute-sets','limited_time','Limited time','2023-03-01 01:08:51','2023-03-01 01:08:51'),(4226,1,'vi','plugins/ecommerce/product-attribute-sets','from','From','2023-03-01 01:08:51','2023-03-01 01:08:51'),(4227,1,'vi','plugins/ecommerce/product-attribute-sets','to','To','2023-03-01 01:08:51','2023-03-01 01:08:51'),(4228,1,'vi','plugins/ecommerce/product-attribute-sets','storehouse','Storehouse','2023-03-01 01:08:51','2023-03-01 01:08:51'),(4229,1,'vi','plugins/ecommerce/product-attribute-sets','no_storehouse_management','No storehouse management','2023-03-01 01:08:51','2023-03-01 01:08:51'),(4230,1,'vi','plugins/ecommerce/product-attribute-sets','with_storehouse_management','With storehouse management','2023-03-01 01:08:51','2023-03-01 01:08:51'),(4231,1,'vi','plugins/ecommerce/product-attribute-sets','quantity','Quantity','2023-03-01 01:08:51','2023-03-01 01:08:51'),(4232,1,'vi','plugins/ecommerce/product-attribute-sets','allow_customer_checkout_out_of_stock','Allow customer checkout when this product out of stock','2023-03-01 01:08:51','2023-03-01 01:08:51'),(4233,1,'vi','plugins/ecommerce/product-attribute-sets','shipping','Shipping','2023-03-01 01:08:51','2023-03-01 01:08:51'),(4234,1,'vi','plugins/ecommerce/product-attribute-sets','length','Length','2023-03-01 01:08:51','2023-03-01 01:08:51'),(4235,1,'vi','plugins/ecommerce/product-attribute-sets','wide','Wide','2023-03-01 01:08:51','2023-03-01 01:08:51'),(4236,1,'vi','plugins/ecommerce/product-attribute-sets','height','Height','2023-03-01 01:08:51','2023-03-01 01:08:51'),(4237,1,'vi','plugins/ecommerce/product-attribute-sets','weight','Weight','2023-03-01 01:08:51','2023-03-01 01:08:51'),(4238,1,'vi','plugins/ecommerce/product-attribute-sets','version_images','Version images','2023-03-01 01:08:51','2023-03-01 01:08:51'),(4239,1,'vi','plugins/ecommerce/product-attribute-sets','add_new_image','Add new image','2023-03-01 01:08:51','2023-03-01 01:08:51'),(4240,1,'vi','plugins/ecommerce/product-attribute-sets','attribute_set','Attribute set','2023-03-01 01:08:51','2023-03-01 01:08:51'),(4241,1,'vi','plugins/ecommerce/product-attribute-sets','value','Value','2023-03-01 01:08:51','2023-03-01 01:08:51'),(4242,1,'vi','plugins/ecommerce/product-attribute-sets','dropdown_swatch','Dropdown Swatch','2023-03-01 01:08:51','2023-03-01 01:08:51'),(4243,1,'vi','plugins/ecommerce/product-attribute-sets','visual_swatch','Visual Swatch','2023-03-01 01:08:51','2023-03-01 01:08:51'),(4244,1,'vi','plugins/ecommerce/product-attribute-sets','text_swatch','Text Swatch','2023-03-01 01:08:51','2023-03-01 01:08:51'),(4245,1,'vi','plugins/ecommerce/product-attributes','name','Thuộc tính sản phẩm','2023-03-01 01:08:51','2023-03-01 01:08:51'),(4246,1,'vi','plugins/ecommerce/product-attributes','create','Tạo','2023-03-01 01:08:51','2023-03-01 01:08:51'),(4247,1,'vi','plugins/ecommerce/product-attributes','edit','Sửa','2023-03-01 01:08:51','2023-03-01 01:08:51'),(4248,1,'vi','plugins/ecommerce/product-attributes','intro.title','Quản lý danh sách thuộc tính sản phẩm','2023-03-01 01:08:51','2023-03-01 01:08:51'),(4249,1,'vi','plugins/ecommerce/product-attributes','intro.description','Các thuộc tính của sản phẩm như màu sắc, kích thước ...','2023-03-01 01:08:51','2023-03-01 01:08:51'),(4250,1,'vi','plugins/ecommerce/product-attributes','intro.button_text','Tạo thuộc tính sản phẩm','2023-03-01 01:08:51','2023-03-01 01:08:51'),(4251,1,'vi','plugins/ecommerce/product-categories','create','Create new product category','2023-03-01 01:08:51','2023-03-01 01:08:51'),(4252,1,'vi','plugins/ecommerce/product-categories','edit','Edit product category','2023-03-01 01:08:51','2023-03-01 01:08:51'),(4253,1,'vi','plugins/ecommerce/product-categories','name','Danh mục sản phẩm','2023-03-01 01:08:51','2023-03-01 01:08:51'),(4254,1,'vi','plugins/ecommerce/product-categories','none','Không có','2023-03-01 01:08:51','2023-03-01 01:08:51'),(4255,1,'vi','plugins/ecommerce/product-categories','menu','Danh mục sản phẩm','2023-03-01 01:08:51','2023-03-01 01:08:51'),(4256,1,'vi','plugins/ecommerce/product-categories','intro.title','Quản lý danh sách danh mục sản phẩm','2023-03-01 01:08:51','2023-03-01 01:08:51'),(4257,1,'vi','plugins/ecommerce/product-categories','intro.description','Danh mục sản phẩm như quần áo, giày dép, linh kiện điện tử ...','2023-03-01 01:08:51','2023-03-01 01:08:51'),(4258,1,'vi','plugins/ecommerce/product-categories','intro.button_text','Tạo danh mục sản phẩm','2023-03-01 01:08:51','2023-03-01 01:08:51'),(4259,1,'vi','plugins/ecommerce/product-categories','total_products','Tổng sản phẩm: :total','2023-03-01 01:08:51','2023-03-01 01:08:51'),(4260,1,'vi','plugins/ecommerce/product-collections','name','Nhóm sản phẩm','2023-03-01 01:08:51','2023-03-01 01:08:51'),(4261,1,'vi','plugins/ecommerce/product-collections','create','Thêm nhóm sản phẩm','2023-03-01 01:08:51','2023-03-01 01:08:51'),(4262,1,'vi','plugins/ecommerce/product-collections','edit','Sửa nhóm sản phẩm','2023-03-01 01:08:51','2023-03-01 01:08:51'),(4263,1,'vi','plugins/ecommerce/product-collections','slug_help_block','Label key: <code>:slug</code>. We will use this key for filter.','2023-03-01 01:08:51','2023-03-01 01:08:51'),(4264,1,'vi','plugins/ecommerce/product-collections','intro.title','Quản lý nhóm sản phẩm','2023-03-01 01:08:51','2023-03-01 01:08:51'),(4265,1,'vi','plugins/ecommerce/product-collections','intro.description','Nhóm sản phẩm giúp quản lý sản phẩm và khách hàng tìm kiếm sản phẩm một cách dễ dàng.','2023-03-01 01:08:51','2023-03-01 01:08:51'),(4266,1,'vi','plugins/ecommerce/product-collections','intro.button_text','Tạo nhóm sản phẩm','2023-03-01 01:08:51','2023-03-01 01:08:51'),(4267,1,'vi','plugins/ecommerce/products','name','Sản phẩm','2023-03-01 01:08:51','2023-03-01 01:08:51'),(4268,1,'vi','plugins/ecommerce/products','create','Thêm sản phẩm mới','2023-03-01 01:08:51','2023-03-01 01:08:51'),(4269,1,'vi','plugins/ecommerce/products','edit','Sửa sản phẩm - :name','2023-03-01 01:08:51','2023-03-01 01:08:51'),(4270,1,'vi','plugins/ecommerce/products','form.name','Tên sản phẩm','2023-03-01 01:08:51','2023-03-01 01:08:51'),(4271,1,'vi','plugins/ecommerce/products','form.name_placeholder','Tên sản phẩm (Tối đa 120 chữ cái)','2023-03-01 01:08:51','2023-03-01 01:08:51'),(4272,1,'vi','plugins/ecommerce/products','form.description','Mô tả ngắn','2023-03-01 01:08:51','2023-03-01 01:08:51'),(4273,1,'vi','plugins/ecommerce/products','form.description_placeholder','Mô tả ngắn gọn cho sản phẩm (Tối đa 400 chữ cái)','2023-03-01 01:08:51','2023-03-01 01:08:51'),(4274,1,'vi','plugins/ecommerce/products','form.categories','Danh mục','2023-03-01 01:08:51','2023-03-01 01:08:51'),(4275,1,'vi','plugins/ecommerce/products','form.content','Chi tiết sản phẩm','2023-03-01 01:08:51','2023-03-01 01:08:51'),(4276,1,'vi','plugins/ecommerce/products','form.price','Giá cơ bản','2023-03-01 01:08:51','2023-03-01 01:08:51'),(4277,1,'vi','plugins/ecommerce/products','form.price_sale','Giá giảm','2023-03-01 01:08:51','2023-03-01 01:08:51'),(4278,1,'vi','plugins/ecommerce/products','form.quantity','Số lượng','2023-03-01 01:08:51','2023-03-01 01:08:51'),(4279,1,'vi','plugins/ecommerce/products','form.brand','Thương hiệu','2023-03-01 01:08:51','2023-03-01 01:08:51'),(4280,1,'vi','plugins/ecommerce/products','form.width','Rộng','2023-03-01 01:08:51','2023-03-01 01:08:51'),(4281,1,'vi','plugins/ecommerce/products','form.height','Cao','2023-03-01 01:08:51','2023-03-01 01:08:51'),(4282,1,'vi','plugins/ecommerce/products','form.weight','Cân nặng','2023-03-01 01:08:51','2023-03-01 01:08:51'),(4283,1,'vi','plugins/ecommerce/products','form.image','Hình ảnh','2023-03-01 01:08:51','2023-03-01 01:08:51'),(4284,1,'vi','plugins/ecommerce/products','form.product_type.title','Loại sản phẩm','2023-03-01 01:08:51','2023-03-01 01:08:51'),(4285,1,'vi','plugins/ecommerce/products','form.stock.title','Tình trạng kho','2023-03-01 01:08:51','2023-03-01 01:08:51'),(4286,1,'vi','plugins/ecommerce/products','form.stock.in_stock','Còn hàng','2023-03-01 01:08:51','2023-03-01 01:08:51'),(4287,1,'vi','plugins/ecommerce/products','form.stock.out_stock','Hết hàng','2023-03-01 01:08:51','2023-03-01 01:08:51'),(4288,1,'vi','plugins/ecommerce/products','form.stock.allow_order_when_out','Cho phép đặt hàng khi hết','2023-03-01 01:08:51','2023-03-01 01:08:51'),(4289,1,'vi','plugins/ecommerce/products','form.storehouse.title','Quản lý kho','2023-03-01 01:08:51','2023-03-01 01:08:51'),(4290,1,'vi','plugins/ecommerce/products','form.storehouse.no_storehouse','Không quản lý kho','2023-03-01 01:08:51','2023-03-01 01:08:51'),(4291,1,'vi','plugins/ecommerce/products','form.storehouse.storehouse','Quản lý kho','2023-03-01 01:08:51','2023-03-01 01:08:51'),(4292,1,'vi','plugins/ecommerce/products','form.storehouse.quantity','Số lượng','2023-03-01 01:08:51','2023-03-01 01:08:51'),(4293,1,'vi','plugins/ecommerce/products','form.shipping.title','Giao hàng','2023-03-01 01:08:51','2023-03-01 01:08:51'),(4294,1,'vi','plugins/ecommerce/products','form.shipping.length','Chiều dài','2023-03-01 01:08:51','2023-03-01 01:08:51'),(4295,1,'vi','plugins/ecommerce/products','form.shipping.wide','Chiều rộng','2023-03-01 01:08:51','2023-03-01 01:08:51'),(4296,1,'vi','plugins/ecommerce/products','form.shipping.height','Chiều cao','2023-03-01 01:08:51','2023-03-01 01:08:51'),(4297,1,'vi','plugins/ecommerce/products','form.shipping.weight','Cân nặng','2023-03-01 01:08:51','2023-03-01 01:08:51'),(4298,1,'vi','plugins/ecommerce/products','form.date.start','Ngày bắt đầu','2023-03-01 01:08:51','2023-03-01 01:08:51'),(4299,1,'vi','plugins/ecommerce/products','form.date.end','Ngày kết thúc','2023-03-01 01:08:51','2023-03-01 01:08:51'),(4300,1,'vi','plugins/ecommerce/products','form.tags','Nhãn','2023-03-01 01:08:51','2023-03-01 01:08:51'),(4301,1,'vi','plugins/ecommerce/products','form.tax','Thuế','2023-03-01 01:08:51','2023-03-01 01:08:51'),(4302,1,'vi','plugins/ecommerce/products','form.taxes','Thuế','2023-03-01 01:08:51','2023-03-01 01:08:51'),(4303,1,'vi','plugins/ecommerce/products','price','Giá cơ bản','2023-03-01 01:08:51','2023-03-01 01:08:51'),(4304,1,'vi','plugins/ecommerce/products','price_sale','Giá giảm','2023-03-01 01:08:51','2023-03-01 01:08:51'),(4305,1,'vi','plugins/ecommerce/products','quantity','Số lượng','2023-03-01 01:08:51','2023-03-01 01:08:51'),(4306,1,'vi','plugins/ecommerce/products','type','Loại sản phẩm','2023-03-01 01:08:51','2023-03-01 01:08:51'),(4307,1,'vi','plugins/ecommerce/products','image','Ảnh','2023-03-01 01:08:51','2023-03-01 01:08:51'),(4308,1,'vi','plugins/ecommerce/products','sku','Mã sản phẩm','2023-03-01 01:08:51','2023-03-01 01:08:51'),(4309,1,'vi','plugins/ecommerce/products','brand','Thương hiệu','2023-03-01 01:08:51','2023-03-01 01:08:51'),(4310,1,'vi','plugins/ecommerce/products','cannot_delete','Product could not be deleted','2023-03-01 01:08:51','2023-03-01 01:08:51'),(4311,1,'vi','plugins/ecommerce/products','product_deleted','Product deleted','2023-03-01 01:08:51','2023-03-01 01:08:51'),(4312,1,'vi','plugins/ecommerce/products','products','Sản phẩm','2023-03-01 01:08:51','2023-03-01 01:08:51'),(4313,1,'vi','plugins/ecommerce/products','menu','Sản phẩm','2023-03-01 01:08:51','2023-03-01 01:08:51'),(4314,1,'vi','plugins/ecommerce/products','control.button_add_image','Thêm hình ảnh','2023-03-01 01:08:51','2023-03-01 01:08:51'),(4315,1,'vi','plugins/ecommerce/products','overview','Tổng quan','2023-03-01 01:08:51','2023-03-01 01:08:51'),(4316,1,'vi','plugins/ecommerce/products','attributes','Thuộc tính','2023-03-01 01:08:51','2023-03-01 01:08:51'),(4317,1,'vi','plugins/ecommerce/products','product_has_variations','Sản phẩm có nhiều phiên bản','2023-03-01 01:08:51','2023-03-01 01:08:51'),(4318,1,'vi','plugins/ecommerce/products','manage_products','Quản lý danh sách sản phẩm','2023-03-01 01:08:51','2023-03-01 01:08:51'),(4319,1,'vi','plugins/ecommerce/products','add_new_product','Tạo sản phẩm','2023-03-01 01:08:51','2023-03-01 01:08:51'),(4320,1,'vi','plugins/ecommerce/products','start_by_adding_new_product','Bắt đầu bán hàng bằng việc thêm sản phẩm.','2023-03-01 01:08:51','2023-03-01 01:08:51'),(4321,1,'vi','plugins/ecommerce/reports','name','Báo cáo','2023-03-01 01:08:51','2023-03-01 01:08:51'),(4322,1,'vi','plugins/ecommerce/reports','widget.order.title','Đơn hàng','2023-03-01 01:08:51','2023-03-01 01:08:51'),(4323,1,'vi','plugins/ecommerce/reports','count.revenue','Doanh thu hôm nay','2023-03-01 01:08:51','2023-03-01 01:08:51'),(4324,1,'vi','plugins/ecommerce/reports','count.orders','Đơn hàng hôm nay','2023-03-01 01:08:51','2023-03-01 01:08:51'),(4325,1,'vi','plugins/ecommerce/reports','count.products','Sản phẩm','2023-03-01 01:08:51','2023-03-01 01:08:51'),(4326,1,'vi','plugins/ecommerce/reports','count.customers','Khách hàng','2023-03-01 01:08:51','2023-03-01 01:08:51'),(4327,1,'vi','plugins/ecommerce/reports','product_name','Tên sản phẩm','2023-03-01 01:08:51','2023-03-01 01:08:51'),(4328,1,'vi','plugins/ecommerce/reports','quantity','Số lượng','2023-03-01 01:08:51','2023-03-01 01:08:51'),(4329,1,'vi','plugins/ecommerce/reports','revenue_statistics','Thống kê doanh thu','2023-03-01 01:08:51','2023-03-01 01:08:51'),(4330,1,'vi','plugins/ecommerce/reports','top_selling_products','Sản phẩm bán chạy trong tháng','2023-03-01 01:08:51','2023-03-01 01:08:51'),(4331,1,'vi','plugins/ecommerce/review','name','Đánh giá','2023-03-01 01:08:51','2023-03-01 01:08:51'),(4332,1,'vi','plugins/ecommerce/review','list_review','Khách hàng đánh giá','2023-03-01 01:08:51','2023-03-01 01:08:51'),(4333,1,'vi','plugins/ecommerce/review','add_review','Thêm đánh giá','2023-03-01 01:08:51','2023-03-01 01:08:51'),(4334,1,'vi','plugins/ecommerce/review','delete_review','Xóa đánh giá','2023-03-01 01:08:51','2023-03-01 01:08:51'),(4335,1,'vi','plugins/ecommerce/review','create_review','Tạo đánh giá','2023-03-01 01:08:51','2023-03-01 01:08:51'),(4336,1,'vi','plugins/ecommerce/review','please_select_rating','Chọn đánh giá','2023-03-01 01:08:51','2023-03-01 01:08:51'),(4337,1,'vi','plugins/ecommerce/review','comment','Bình luận','2023-03-01 01:08:51','2023-03-01 01:08:51'),(4338,1,'vi','plugins/ecommerce/review','approve','Chấp thuận','2023-03-01 01:08:51','2023-03-01 01:08:51'),(4339,1,'vi','plugins/ecommerce/review','approved','Đã chấp thuận','2023-03-01 01:08:51','2023-03-01 01:08:51'),(4340,1,'vi','plugins/ecommerce/review','disapprove','Không chấp thuận','2023-03-01 01:08:51','2023-03-01 01:08:51'),(4341,1,'vi','plugins/ecommerce/review','disapproved','Đã không chấp thuận','2023-03-01 01:08:51','2023-03-01 01:08:51'),(4342,1,'vi','plugins/ecommerce/review','product','Sản phẩm','2023-03-01 01:08:51','2023-03-01 01:08:51'),(4343,1,'vi','plugins/ecommerce/review','user','Người dùng','2023-03-01 01:08:51','2023-03-01 01:08:51'),(4344,1,'vi','plugins/ecommerce/review','star','Sao','2023-03-01 01:08:51','2023-03-01 01:08:51'),(4345,1,'vi','plugins/ecommerce/review','status','Trạng thái','2023-03-01 01:08:51','2023-03-01 01:08:51'),(4346,1,'vi','plugins/ecommerce/review','intro.title','Quản lý danh sách nhận xét của khách hàng','2023-03-01 01:08:52','2023-03-01 01:08:52'),(4347,1,'vi','plugins/ecommerce/review','intro.description','Lưu trữ các nhận xét, đánh giá của khách hàng','2023-03-01 01:08:52','2023-03-01 01:08:52'),(4348,1,'vi','plugins/ecommerce/shipping','name','Phí vận chuyển','2023-03-01 01:08:52','2023-03-01 01:08:52'),(4349,1,'vi','plugins/ecommerce/shipping','shipping','Vận chuyển','2023-03-01 01:08:52','2023-03-01 01:08:52'),(4350,1,'vi','plugins/ecommerce/shipping','title','Title','2023-03-01 01:08:52','2023-03-01 01:08:52'),(4351,1,'vi','plugins/ecommerce/shipping','country','Quốc gia','2023-03-01 01:08:52','2023-03-01 01:08:52'),(4352,1,'vi','plugins/ecommerce/shipping','state','State','2023-03-01 01:08:52','2023-03-01 01:08:52'),(4353,1,'vi','plugins/ecommerce/shipping','city','City','2023-03-01 01:08:52','2023-03-01 01:08:52'),(4354,1,'vi','plugins/ecommerce/shipping','amount','Amount','2023-03-01 01:08:52','2023-03-01 01:08:52'),(4355,1,'vi','plugins/ecommerce/shipping','enable','Enable','2023-03-01 01:08:52','2023-03-01 01:08:52'),(4356,1,'vi','plugins/ecommerce/shipping','enabled','Enabled','2023-03-01 01:08:52','2023-03-01 01:08:52'),(4357,1,'vi','plugins/ecommerce/shipping','disable','Disable','2023-03-01 01:08:52','2023-03-01 01:08:52'),(4358,1,'vi','plugins/ecommerce/shipping','disabled','Disabled','2023-03-01 01:08:52','2023-03-01 01:08:52'),(4359,1,'vi','plugins/ecommerce/shipping','create_shipping','Create a shipping','2023-03-01 01:08:52','2023-03-01 01:08:52'),(4360,1,'vi','plugins/ecommerce/shipping','edit_shipping','Edit shipping #','2023-03-01 01:08:52','2023-03-01 01:08:52'),(4361,1,'vi','plugins/ecommerce/shipping','status','Status','2023-03-01 01:08:52','2023-03-01 01:08:52'),(4362,1,'vi','plugins/ecommerce/shipping','shipping_methods','Phương thức vận chuyển','2023-03-01 01:08:52','2023-03-01 01:08:52'),(4363,1,'vi','plugins/ecommerce/shipping','create_shipping_method','Tạo phương thức vận chuyển','2023-03-01 01:08:52','2023-03-01 01:08:52'),(4364,1,'vi','plugins/ecommerce/shipping','edit_shipping_method','Sửa phương thức vận chuyển','2023-03-01 01:08:52','2023-03-01 01:08:52'),(4365,1,'vi','plugins/ecommerce/shipping','add_shipping_region','Thêm khu vực vận chuyển','2023-03-01 01:08:52','2023-03-01 01:08:52'),(4366,1,'vi','plugins/ecommerce/shipping','methods.default','Default','2023-03-01 01:08:52','2023-03-01 01:08:52'),(4367,1,'vi','plugins/ecommerce/shipping','statuses.not_approved','Not approved','2023-03-01 01:08:52','2023-03-01 01:08:52'),(4368,1,'vi','plugins/ecommerce/shipping','statuses.approved','Approved','2023-03-01 01:08:52','2023-03-01 01:08:52'),(4369,1,'vi','plugins/ecommerce/shipping','statuses.picking','Picking','2023-03-01 01:08:52','2023-03-01 01:08:52'),(4370,1,'vi','plugins/ecommerce/shipping','statuses.delay_picking','Delay picking','2023-03-01 01:08:52','2023-03-01 01:08:52'),(4371,1,'vi','plugins/ecommerce/shipping','statuses.picked','Picked','2023-03-01 01:08:52','2023-03-01 01:08:52'),(4372,1,'vi','plugins/ecommerce/shipping','statuses.not_picked','Not picked','2023-03-01 01:08:52','2023-03-01 01:08:52'),(4373,1,'vi','plugins/ecommerce/shipping','statuses.delivering','Delivering','2023-03-01 01:08:52','2023-03-01 01:08:52'),(4374,1,'vi','plugins/ecommerce/shipping','statuses.delivered','Delivered','2023-03-01 01:08:52','2023-03-01 01:08:52'),(4375,1,'vi','plugins/ecommerce/shipping','statuses.not_delivered','Not delivered','2023-03-01 01:08:52','2023-03-01 01:08:52'),(4376,1,'vi','plugins/ecommerce/shipping','statuses.audited','Audited','2023-03-01 01:08:52','2023-03-01 01:08:52'),(4377,1,'vi','plugins/ecommerce/shipping','statuses.canceled','Canceled','2023-03-01 01:08:52','2023-03-01 01:08:52'),(4378,1,'vi','plugins/ecommerce/shipping','cod_statuses.pending','Pending','2023-03-01 01:08:52','2023-03-01 01:08:52'),(4379,1,'vi','plugins/ecommerce/shipping','cod_statuses.completed','Completed','2023-03-01 01:08:52','2023-03-01 01:08:52'),(4380,1,'vi','plugins/ecommerce/store-locator','name','Địa chỉ cửa hàng','2023-03-01 01:08:52','2023-03-01 01:08:52'),(4381,1,'vi','plugins/ecommerce/store-locator','description','Địa chỉ này sẽ xuất hiện trên hoá đơn của bạn và sẽ được sử dụng để tính toán mức giá vận chuyển của bạn.','2023-03-01 01:08:52','2023-03-01 01:08:52'),(4382,1,'vi','plugins/ecommerce/store-locator','shop_name','Tên cửa hàng','2023-03-01 01:08:52','2023-03-01 01:08:52'),(4383,1,'vi','plugins/ecommerce/store-locator','phone','Điện thoại','2023-03-01 01:08:52','2023-03-01 01:08:52'),(4384,1,'vi','plugins/ecommerce/store-locator','address','Địa chỉ','2023-03-01 01:08:52','2023-03-01 01:08:52'),(4385,1,'vi','plugins/ecommerce/tax','name','Thuế','2023-03-01 01:08:52','2023-03-01 01:08:52'),(4386,1,'vi','plugins/ecommerce/tax','create','Tạo thuế','2023-03-01 01:08:52','2023-03-01 01:08:52'),(4387,1,'vi','plugins/ecommerce/tax','edit','Chỉnh sửa thuế :title','2023-03-01 01:08:52','2023-03-01 01:08:52'),(4388,1,'vi','plugins/ecommerce/tax','title','Tiêu đề','2023-03-01 01:08:52','2023-03-01 01:08:52'),(4389,1,'vi','plugins/ecommerce/tax','percentage','Tỉ lệ phần trăm %','2023-03-01 01:08:52','2023-03-01 01:08:52'),(4390,1,'vi','plugins/ecommerce/tax','priority','Thứ tự ưu tiên','2023-03-01 01:08:52','2023-03-01 01:08:52'),(4391,1,'vi','plugins/ecommerce/tax','select_tax','-- lựa chọn --','2023-03-01 01:08:52','2023-03-01 01:08:52'),(4392,1,'en','plugins/faq/faq-category','name','Categories','2023-03-01 01:08:52','2023-03-01 01:08:52'),(4393,1,'en','plugins/faq/faq-category','create','New category','2023-03-01 01:08:52','2023-03-01 01:08:52'),(4394,1,'en','plugins/faq/faq-category','edit','Edit category','2023-03-01 01:08:52','2023-03-01 01:08:52'),(4395,1,'en','plugins/faq/faq','name','FAQ','2023-03-01 01:08:52','2023-03-01 01:08:52'),(4396,1,'en','plugins/faq/faq','create','New faq','2023-03-01 01:08:52','2023-03-01 01:08:52'),(4397,1,'en','plugins/faq/faq','edit','Edit faq','2023-03-01 01:08:52','2023-03-01 01:08:52'),(4398,1,'en','plugins/faq/faq','question','Question','2023-03-01 01:08:52','2023-03-01 01:08:52'),(4399,1,'en','plugins/faq/faq','answer','Answer','2023-03-01 01:08:52','2023-03-01 01:08:52'),(4400,1,'en','plugins/faq/faq','category','Category','2023-03-01 01:08:52','2023-03-01 01:08:52'),(4401,1,'en','plugins/faq/faq','all','All','2023-03-01 01:08:52','2023-03-01 01:08:52'),(4402,1,'en','plugins/faq/faq','faq_schema_config','FAQ schema configuration (:link)','2023-03-01 01:08:52','2023-03-01 01:08:52'),(4403,1,'en','plugins/faq/faq','learn_more','Learn more','2023-03-01 01:08:52','2023-03-01 01:08:52'),(4404,1,'en','plugins/faq/faq','settings.title','FAQ','2023-03-01 01:08:52','2023-03-01 01:08:52'),(4405,1,'en','plugins/faq/faq','settings.description','Settings for FAQ','2023-03-01 01:08:52','2023-03-01 01:08:52'),(4406,1,'en','plugins/faq/faq','settings.enable_faq_schema','Enable FAQ Schema?','2023-03-01 01:08:52','2023-03-01 01:08:52'),(4407,1,'en','plugins/faq/faq','settings.enable_faq_schema_description','Learn more: https://developers.google.com/search/docs/data-types/faqpage','2023-03-01 01:08:52','2023-03-01 01:08:52'),(4408,1,'en','plugins/faq/faq','select_category','Select a category','2023-03-01 01:08:52','2023-03-01 01:08:52'),(4409,1,'en','plugins/faq/faq','add_item','Add item','2023-03-01 01:08:52','2023-03-01 01:08:52'),(4410,1,'vi','plugins/faq/faq-category','create','Thêm danh mục','2023-03-01 01:08:52','2023-03-01 01:08:52'),(4411,1,'vi','plugins/faq/faq-category','edit','Sửa danh mục','2023-03-01 01:08:52','2023-03-01 01:08:52'),(4412,1,'vi','plugins/faq/faq-category','name','Danh mục','2023-03-01 01:08:52','2023-03-01 01:08:52'),(4413,1,'vi','plugins/faq/faq','name','Câu hỏi thường gặp','2023-03-01 01:08:52','2023-03-01 01:08:52'),(4414,1,'vi','plugins/faq/faq','create','Thêm câu hỏi','2023-03-01 01:08:52','2023-03-01 01:08:52'),(4415,1,'vi','plugins/faq/faq','edit','Sửa câu hỏi','2023-03-01 01:08:52','2023-03-01 01:08:52'),(4416,1,'vi','plugins/faq/faq','question','Câu hỏi','2023-03-01 01:08:52','2023-03-01 01:08:52'),(4417,1,'vi','plugins/faq/faq','answer','Trả lời','2023-03-01 01:08:52','2023-03-01 01:08:52'),(4418,1,'en','plugins/language/language','name','Languages','2023-03-01 01:08:52','2023-03-01 01:08:52'),(4419,1,'en','plugins/language/language','choose_language','Choose a language','2023-03-01 01:08:52','2023-03-01 01:08:52'),(4420,1,'en','plugins/language/language','select_language','Select language','2023-03-01 01:08:52','2023-03-01 01:08:52'),(4421,1,'en','plugins/language/language','choose_language_helper','You can choose a language in the list or directly edit it below.','2023-03-01 01:08:52','2023-03-01 01:08:52'),(4422,1,'en','plugins/language/language','language_name','Language name','2023-03-01 01:08:52','2023-03-01 01:08:52'),(4423,1,'en','plugins/language/language','language_name_helper','The name is how it is displayed on your site (for example: English).','2023-03-01 01:08:52','2023-03-01 01:08:52'),(4424,1,'en','plugins/language/language','locale','Locale','2023-03-01 01:08:52','2023-03-01 01:08:52'),(4425,1,'en','plugins/language/language','locale_helper','Laravel Locale for the language (for example: <code>en</code>).','2023-03-01 01:08:52','2023-03-01 01:08:52'),(4426,1,'en','plugins/language/language','language_code','Language code','2023-03-01 01:08:52','2023-03-01 01:08:52'),(4427,1,'en','plugins/language/language','language_code_helper','Language code - preferably 2-letters ISO 639-1 (for example: en)','2023-03-01 01:08:52','2023-03-01 01:08:52'),(4428,1,'en','plugins/language/language','text_direction','Text direction','2023-03-01 01:08:52','2023-03-01 01:08:52'),(4429,1,'en','plugins/language/language','text_direction_helper','Choose the text direction for the language','2023-03-01 01:08:52','2023-03-01 01:08:52'),(4430,1,'en','plugins/language/language','left_to_right','Left to right','2023-03-01 01:08:52','2023-03-01 01:08:52'),(4431,1,'en','plugins/language/language','right_to_left','Right to left','2023-03-01 01:08:52','2023-03-01 01:08:52'),(4432,1,'en','plugins/language/language','flag','Flag','2023-03-01 01:08:52','2023-03-01 01:08:52'),(4433,1,'en','plugins/language/language','flag_helper','Choose a flag for the language.','2023-03-01 01:08:52','2023-03-01 01:08:52'),(4434,1,'en','plugins/language/language','order','Order','2023-03-01 01:08:52','2023-03-01 01:08:52'),(4435,1,'en','plugins/language/language','order_helper','Position of the language in the language switcher','2023-03-01 01:08:52','2023-03-01 01:08:52'),(4436,1,'en','plugins/language/language','add_new_language','Add new language','2023-03-01 01:08:52','2023-03-01 01:08:52'),(4437,1,'en','plugins/language/language','code','Code','2023-03-01 01:08:52','2023-03-01 01:08:52'),(4438,1,'en','plugins/language/language','default_language','Is default?','2023-03-01 01:08:52','2023-03-01 01:08:52'),(4439,1,'en','plugins/language/language','actions','Actions','2023-03-01 01:08:52','2023-03-01 01:08:52'),(4440,1,'en','plugins/language/language','translations','Translations','2023-03-01 01:08:52','2023-03-01 01:08:52'),(4441,1,'en','plugins/language/language','edit','Edit','2023-03-01 01:08:52','2023-03-01 01:08:52'),(4442,1,'en','plugins/language/language','edit_tooltip','Edit this language','2023-03-01 01:08:52','2023-03-01 01:08:52'),(4443,1,'en','plugins/language/language','delete','Delete','2023-03-01 01:08:52','2023-03-01 01:08:52'),(4444,1,'en','plugins/language/language','delete_tooltip','Delete this language and all its associated data','2023-03-01 01:08:52','2023-03-01 01:08:52'),(4445,1,'en','plugins/language/language','choose_default_language','Choose :language as default language','2023-03-01 01:08:52','2023-03-01 01:08:52'),(4446,1,'en','plugins/language/language','current_language','Current record\'s language','2023-03-01 01:08:52','2023-03-01 01:08:52'),(4447,1,'en','plugins/language/language','edit_related','Edit related language for this record','2023-03-01 01:08:52','2023-03-01 01:08:52'),(4448,1,'en','plugins/language/language','add_language_for_item','Add other language version for this record','2023-03-01 01:08:52','2023-03-01 01:08:52'),(4449,1,'en','plugins/language/language','settings','Settings','2023-03-01 01:08:52','2023-03-01 01:08:52'),(4450,1,'en','plugins/language/language','language_hide_default','Hide default language from URL?','2023-03-01 01:08:52','2023-03-01 01:08:52'),(4451,1,'en','plugins/language/language','language_display_flag_only','Flag only','2023-03-01 01:08:52','2023-03-01 01:08:52'),(4452,1,'en','plugins/language/language','language_display_name_only','Name only','2023-03-01 01:08:52','2023-03-01 01:08:52'),(4453,1,'en','plugins/language/language','language_display_all','Display all flag and name','2023-03-01 01:08:52','2023-03-01 01:08:52'),(4454,1,'en','plugins/language/language','language_display','Language display','2023-03-01 01:08:52','2023-03-01 01:08:52'),(4455,1,'en','plugins/language/language','switcher_display','Switcher language display','2023-03-01 01:08:52','2023-03-01 01:08:52'),(4456,1,'en','plugins/language/language','language_switcher_display_dropdown','Dropdown','2023-03-01 01:08:52','2023-03-01 01:08:52'),(4457,1,'en','plugins/language/language','language_switcher_display_list','List','2023-03-01 01:08:52','2023-03-01 01:08:52'),(4458,1,'en','plugins/language/language','current_language_edit_notification','You are editing \"<strong class=\"current_language_text\">:language</strong>\" version','2023-03-01 01:08:52','2023-03-01 01:08:52'),(4459,1,'en','plugins/language/language','confirm-change-language','Confirm change language','2023-03-01 01:08:52','2023-03-01 01:08:52'),(4460,1,'en','plugins/language/language','confirm-change-language-message','Do you really want to change language to \"<strong class=\"change_to_language_text\"></strong>\" ? This action will be override \"<strong class=\"change_to_language_text\"></strong>\" version if it\'s existed!','2023-03-01 01:08:52','2023-03-01 01:08:52'),(4461,1,'en','plugins/language/language','confirm-change-language-btn','Confirm change','2023-03-01 01:08:52','2023-03-01 01:08:52'),(4462,1,'en','plugins/language/language','hide_languages','Hide languages','2023-03-01 01:08:52','2023-03-01 01:08:52'),(4463,1,'en','plugins/language/language','hide_languages_description','You can completely hide content in specific languages from visitors and search engines, but still view it yourself. This allows reviewing translations that are in progress.','2023-03-01 01:08:52','2023-03-01 01:08:52'),(4464,1,'en','plugins/language/language','hide_languages_helper_display_hidden','{0} All languages are currently displayed.|{1} :language is currently hidden to visitors.|[2, Inf] :language are currently hidden to visitors.','2023-03-01 01:08:52','2023-03-01 01:08:52'),(4465,1,'en','plugins/language/language','show_all','Show all','2023-03-01 01:08:52','2023-03-01 01:08:52'),(4466,1,'en','plugins/language/language','change_language','Language','2023-03-01 01:08:52','2023-03-01 01:08:52'),(4467,1,'en','plugins/language/language','language_show_default_item_if_current_version_not_existed','Show item in default language if it is not existed in current language','2023-03-01 01:08:52','2023-03-01 01:08:52'),(4468,1,'en','plugins/language/language','select_flag','Select a flag...','2023-03-01 01:08:52','2023-03-01 01:08:52'),(4469,1,'en','plugins/language/language','delete_confirmation_message','Do you really want to delete this language? It also deletes all items in this language and cannot rollback!','2023-03-01 01:08:52','2023-03-01 01:08:52'),(4470,1,'en','plugins/language/language','added_already','This language was added already!','2023-03-01 01:08:52','2023-03-01 01:08:52'),(4471,1,'en','plugins/language/language','language_auto_detect_user_language','Auto detect user language?','2023-03-01 01:08:52','2023-03-01 01:08:52'),(4472,1,'vi','plugins/language/language','name','Ngôn ngữ','2023-03-01 01:08:52','2023-03-01 01:08:52'),(4473,1,'vi','plugins/language/language','choose_language','Chọn một ngôn ngữ','2023-03-01 01:08:52','2023-03-01 01:08:52'),(4474,1,'vi','plugins/language/language','select_language','Chọn ngôn ngữ','2023-03-01 01:08:52','2023-03-01 01:08:52'),(4475,1,'vi','plugins/language/language','choose_language_helper','Bạn có thể chọn 1 ngôn ngữ trong danh sách hoặc nhập trực tiếp nội dung xuống các mục dưới','2023-03-01 01:08:52','2023-03-01 01:08:52'),(4476,1,'vi','plugins/language/language','language_name','Tên đầy đủ','2023-03-01 01:08:52','2023-03-01 01:08:52'),(4477,1,'vi','plugins/language/language','language_name_helper','Tên ngôn ngữ sẽ được hiển thị trên website (ví dụ: Tiếng Anh).','2023-03-01 01:08:52','2023-03-01 01:08:52'),(4478,1,'vi','plugins/language/language','locale','Locale','2023-03-01 01:08:52','2023-03-01 01:08:52'),(4479,1,'vi','plugins/language/language','locale_helper','Laravel Locale cho ngôn ngữ này (ví dụ: <code>en</code>).','2023-03-01 01:08:52','2023-03-01 01:08:52'),(4480,1,'vi','plugins/language/language','language_code','Mã ngôn ngữ','2023-03-01 01:08:52','2023-03-01 01:08:52'),(4481,1,'vi','plugins/language/language','language_code_helper','Mã ngôn ngữ - ưu tiên dạng 2-kí tự theo chuẩn ISO 639-1 (ví dụ: en)','2023-03-01 01:08:52','2023-03-01 01:08:52'),(4482,1,'vi','plugins/language/language','text_direction','Hướng viết chữ','2023-03-01 01:08:52','2023-03-01 01:08:52'),(4483,1,'vi','plugins/language/language','text_direction_helper','Chọn hướng viết chữ cho ngôn ngữ này','2023-03-01 01:08:52','2023-03-01 01:08:52'),(4484,1,'vi','plugins/language/language','left_to_right','Trái qua phải','2023-03-01 01:08:52','2023-03-01 01:08:52'),(4485,1,'vi','plugins/language/language','right_to_left','Phải qua trái','2023-03-01 01:08:52','2023-03-01 01:08:52'),(4486,1,'vi','plugins/language/language','flag','Cờ','2023-03-01 01:08:52','2023-03-01 01:08:52'),(4487,1,'vi','plugins/language/language','flag_helper','Chọn 1 cờ cho ngôn ngữ này','2023-03-01 01:08:52','2023-03-01 01:08:52'),(4488,1,'vi','plugins/language/language','order','Sắp xếp','2023-03-01 01:08:52','2023-03-01 01:08:52'),(4489,1,'vi','plugins/language/language','order_helper','Vị trí của ngôn ngữ hiển thị trong mục chuyển đổi ngôn ngữ','2023-03-01 01:08:52','2023-03-01 01:08:52'),(4490,1,'vi','plugins/language/language','add_new_language','Thêm ngôn ngữ mới','2023-03-01 01:08:52','2023-03-01 01:08:52'),(4491,1,'vi','plugins/language/language','code','Mã','2023-03-01 01:08:52','2023-03-01 01:08:52'),(4492,1,'vi','plugins/language/language','default_language','Ngôn ngữ mặc định','2023-03-01 01:08:52','2023-03-01 01:08:52'),(4493,1,'vi','plugins/language/language','actions','Hành động','2023-03-01 01:08:52','2023-03-01 01:08:52'),(4494,1,'vi','plugins/language/language','translations','Dịch','2023-03-01 01:08:52','2023-03-01 01:08:52'),(4495,1,'vi','plugins/language/language','edit','Sửa','2023-03-01 01:08:52','2023-03-01 01:08:52'),(4496,1,'vi','plugins/language/language','edit_tooltip','Sửa ngôn ngữ này','2023-03-01 01:08:52','2023-03-01 01:08:52'),(4497,1,'vi','plugins/language/language','delete','Xóa','2023-03-01 01:08:52','2023-03-01 01:08:52'),(4498,1,'vi','plugins/language/language','delete_tooltip','Xóa ngôn ngữ này và các dữ liệu liên quan','2023-03-01 01:08:52','2023-03-01 01:08:52'),(4499,1,'vi','plugins/language/language','choose_default_language','Chọn :language làm ngôn ngữ mặc định','2023-03-01 01:08:52','2023-03-01 01:08:52'),(4500,1,'vi','plugins/language/language','add_language_for_item','Thêm ngôn ngữ khác cho bản ghi này','2023-03-01 01:08:53','2023-03-01 01:08:53'),(4501,1,'vi','plugins/language/language','current_language','Ngôn ngữ hiện tại của bản ghi','2023-03-01 01:08:53','2023-03-01 01:08:53'),(4502,1,'vi','plugins/language/language','edit_related','Sửa bản ngôn ngữ khác của bản ghi này','2023-03-01 01:08:53','2023-03-01 01:08:53'),(4503,1,'vi','plugins/language/language','confirm-change-language','Xác nhận thay đổi ngôn ngữ','2023-03-01 01:08:53','2023-03-01 01:08:53'),(4504,1,'vi','plugins/language/language','confirm-change-language-btn','Xác nhận thay đổi','2023-03-01 01:08:53','2023-03-01 01:08:53'),(4505,1,'vi','plugins/language/language','confirm-change-language-message','Bạn có chắc chắn muốn thay đổi ngôn ngữ sang tiếng \"<strong class=\"change_to_language_text\"></strong>\" ? Điều này sẽ ghi đè bản ghi tiếng \"<strong class=\"change_to_language_text\"></strong>\" nếu nó đã tồn tại!','2023-03-01 01:08:53','2023-03-01 01:08:53'),(4506,1,'vi','plugins/language/language','current_language_edit_notification','Bạn đang chỉnh sửa phiên bản tiếng \"<strong class=\"current_language_text\">:language</strong>\"','2023-03-01 01:08:53','2023-03-01 01:08:53'),(4507,1,'vi','plugins/language/language','hide_languages','Ẩn ngôn ngữ','2023-03-01 01:08:53','2023-03-01 01:08:53'),(4508,1,'vi','plugins/language/language','hide_languages_description','Bạn có thể hoàn toàn ẩn ngôn ngữ cụ thể đối với người truy cập và công cụ tìm kiếm, nhưng sẽ vẫn hiển thị trong trang quản trị. Điều này cho phép bạn biết những ngôn ngữ nào đang được xử lý.','2023-03-01 01:08:53','2023-03-01 01:08:53'),(4509,1,'vi','plugins/language/language','hide_languages_helper_display_hidden','{0} Tất cả ngôn ngữ đang được hiển thị.|{1} :language đang bị ẩn đối với người truy cập.|[2, Inf]  :language đang bị ẩn đối với người truy cập.','2023-03-01 01:08:53','2023-03-01 01:08:53'),(4510,1,'vi','plugins/language/language','language_display','Hiển thị ngôn ngữ','2023-03-01 01:08:53','2023-03-01 01:08:53'),(4511,1,'vi','plugins/language/language','language_display_all','Hiển thị cả cờ và tên ngôn ngữ','2023-03-01 01:08:53','2023-03-01 01:08:53'),(4512,1,'vi','plugins/language/language','language_display_flag_only','Chỉ hiển thị cờ','2023-03-01 01:08:53','2023-03-01 01:08:53'),(4513,1,'vi','plugins/language/language','language_display_name_only','Chỉ hiển thị tên','2023-03-01 01:08:53','2023-03-01 01:08:53'),(4514,1,'vi','plugins/language/language','language_hide_default','Ẩn ngôn ngữ mặc định trên URL','2023-03-01 01:08:53','2023-03-01 01:08:53'),(4515,1,'vi','plugins/language/language','language_switcher_display_dropdown','Dropdown','2023-03-01 01:08:53','2023-03-01 01:08:53'),(4516,1,'vi','plugins/language/language','language_switcher_display_list','Danh sách','2023-03-01 01:08:53','2023-03-01 01:08:53'),(4517,1,'vi','plugins/language/language','settings','Cài đặt','2023-03-01 01:08:53','2023-03-01 01:08:53'),(4518,1,'vi','plugins/language/language','switcher_display','Hiển thị bộ chuyển đổi ngôn ngữ','2023-03-01 01:08:53','2023-03-01 01:08:53'),(4519,1,'vi','plugins/language/language','change_language','Ngôn ngữ','2023-03-01 01:08:53','2023-03-01 01:08:53'),(4520,1,'vi','plugins/language/language','show_all','Hiển thị tất cả','2023-03-01 01:08:53','2023-03-01 01:08:53'),(4521,1,'vi','plugins/language/language','language_show_default_item_if_current_version_not_existed','Hiển thị bản ghi ở ngôn ngữ mặc định nếu phiên bản cho ngôn ngữ hiện tại chưa có','2023-03-01 01:08:53','2023-03-01 01:08:53'),(4522,1,'en','plugins/location/bulk-import','name','Bulk Import','2023-03-01 01:08:53','2023-03-01 01:08:53'),(4523,1,'en','plugins/location/bulk-import','loading_text','Importing','2023-03-01 01:08:53','2023-03-01 01:08:53'),(4524,1,'en','plugins/location/bulk-import','imported_successfully','Imported successfully.','2023-03-01 01:08:53','2023-03-01 01:08:53'),(4525,1,'en','plugins/location/bulk-import','please_choose_the_file_mime','Please choose the file mime :types','2023-03-01 01:08:53','2023-03-01 01:08:53'),(4526,1,'en','plugins/location/bulk-import','please_choose_the_file','Please choose the file','2023-03-01 01:08:53','2023-03-01 01:08:53'),(4527,1,'en','plugins/location/bulk-import','start_import','Start Import','2023-03-01 01:08:53','2023-03-01 01:08:53'),(4528,1,'en','plugins/location/bulk-import','note','Note!','2023-03-01 01:08:53','2023-03-01 01:08:53'),(4529,1,'en','plugins/location/bulk-import','warning_before_importing','If this is your first time using this feature, please read the documentation or contact the Administrator for access to the correct functionality!','2023-03-01 01:08:53','2023-03-01 01:08:53'),(4530,1,'en','plugins/location/bulk-import','results','Result: :success successes, :failed failures','2023-03-01 01:08:53','2023-03-01 01:08:53'),(4531,1,'en','plugins/location/bulk-import','failures','Failures','2023-03-01 01:08:53','2023-03-01 01:08:53'),(4532,1,'en','plugins/location/bulk-import','tables.import','Import','2023-03-01 01:08:53','2023-03-01 01:08:53'),(4533,1,'en','plugins/location/bulk-import','template','Template','2023-03-01 01:08:53','2023-03-01 01:08:53'),(4534,1,'en','plugins/location/bulk-import','rules','Rules','2023-03-01 01:08:53','2023-03-01 01:08:53'),(4535,1,'en','plugins/location/bulk-import','choose_file_with_mime','Choose file with mime: (:types)','2023-03-01 01:08:53','2023-03-01 01:08:53'),(4536,1,'en','plugins/location/bulk-import','choose_file','Choose file','2023-03-01 01:08:53','2023-03-01 01:08:53'),(4537,1,'en','plugins/location/bulk-import','menu','Import locations','2023-03-01 01:08:53','2023-03-01 01:08:53'),(4538,1,'en','plugins/location/bulk-import','download-csv-file','Download CSV template','2023-03-01 01:08:53','2023-03-01 01:08:53'),(4539,1,'en','plugins/location/bulk-import','download-excel-file','Download Excel template','2023-03-01 01:08:53','2023-03-01 01:08:53'),(4540,1,'en','plugins/location/bulk-import','downloading','Downloading...','2023-03-01 01:08:53','2023-03-01 01:08:53'),(4541,1,'en','plugins/location/bulk-import','export.template.input_error','Input error','2023-03-01 01:08:53','2023-03-01 01:08:53'),(4542,1,'en','plugins/location/bulk-import','export.template.number_not_allowed','Number is not allowed!','2023-03-01 01:08:53','2023-03-01 01:08:53'),(4543,1,'en','plugins/location/bulk-import','export.template.allowed_input','Allowed input','2023-03-01 01:08:53','2023-03-01 01:08:53'),(4544,1,'en','plugins/location/bulk-import','export.template.prompt_decimal','Only numbers or decimals are accepted and greater than or equal to :min.','2023-03-01 01:08:53','2023-03-01 01:08:53'),(4545,1,'en','plugins/location/bulk-import','export.template.prompt_whole_number','Only numbers are accepted and greater than or equal to :min.','2023-03-01 01:08:53','2023-03-01 01:08:53'),(4546,1,'en','plugins/location/bulk-import','export.template.prompt_list','Please pick a value from the drop-down list.','2023-03-01 01:08:53','2023-03-01 01:08:53'),(4547,1,'en','plugins/location/bulk-import','export.template.pick_from_list','Pick from list','2023-03-01 01:08:53','2023-03-01 01:08:53'),(4548,1,'en','plugins/location/bulk-import','export.template.value_not_in_list','Value is not in list.','2023-03-01 01:08:53','2023-03-01 01:08:53'),(4549,1,'en','plugins/location/bulk-import','export.template.max_text_length','Max text length','2023-03-01 01:08:53','2023-03-01 01:08:53'),(4550,1,'en','plugins/location/bulk-import','export.template.prompt_max_text_length','Only accept text with length less than or equal to :max.','2023-03-01 01:08:53','2023-03-01 01:08:53'),(4551,1,'en','plugins/location/bulk-import','import_failed_description','Import failed, please check the errors below!','2023-03-01 01:08:53','2023-03-01 01:08:53'),(4552,1,'en','plugins/location/bulk-import','available_enable_multi_language','Only available when you enable \"Is Multi Language?\"','2023-03-01 01:08:53','2023-03-01 01:08:53'),(4553,1,'en','plugins/location/bulk-import','import_type_required_if','The :attribute field is required when \"Import Type\" is :value.','2023-03-01 01:08:53','2023-03-01 01:08:53'),(4554,1,'en','plugins/location/bulk-import','import_available_data','Import available data','2023-03-01 01:08:53','2023-03-01 01:08:53'),(4555,1,'en','plugins/location/bulk-import','import','Import','2023-03-01 01:08:53','2023-03-01 01:08:53'),(4556,1,'en','plugins/location/bulk-import','import_available_data_confirmation','Import available data confirmation','2023-03-01 01:08:53','2023-03-01 01:08:53'),(4557,1,'en','plugins/location/bulk-import','import_available_data_confirmation_content','Do you really want to import states/cities for this country?','2023-03-01 01:08:53','2023-03-01 01:08:53'),(4558,1,'en','plugins/location/city','name','Cities','2023-03-01 01:08:53','2023-03-01 01:08:53'),(4559,1,'en','plugins/location/city','create','New city','2023-03-01 01:08:53','2023-03-01 01:08:53'),(4560,1,'en','plugins/location/city','edit','Edit city','2023-03-01 01:08:53','2023-03-01 01:08:53'),(4561,1,'en','plugins/location/city','state','State','2023-03-01 01:08:53','2023-03-01 01:08:53'),(4562,1,'en','plugins/location/city','select_state','Select state...','2023-03-01 01:08:53','2023-03-01 01:08:53'),(4563,1,'en','plugins/location/city','select_city','Select city...','2023-03-01 01:08:53','2023-03-01 01:08:53'),(4564,1,'en','plugins/location/city','country','Country','2023-03-01 01:08:53','2023-03-01 01:08:53'),(4565,1,'en','plugins/location/city','select_country','Select country...','2023-03-01 01:08:53','2023-03-01 01:08:53'),(4566,1,'en','plugins/location/city','city','City','2023-03-01 01:08:53','2023-03-01 01:08:53'),(4567,1,'en','plugins/location/country','name','Countries','2023-03-01 01:08:53','2023-03-01 01:08:53'),(4568,1,'en','plugins/location/country','create','New country','2023-03-01 01:08:53','2023-03-01 01:08:53'),(4569,1,'en','plugins/location/country','edit','Edit country','2023-03-01 01:08:53','2023-03-01 01:08:53'),(4570,1,'en','plugins/location/country','nationality','Nationality','2023-03-01 01:08:53','2023-03-01 01:08:53'),(4571,1,'en','plugins/location/country','code','Country ISO code','2023-03-01 01:08:53','2023-03-01 01:08:53'),(4572,1,'en','plugins/location/country','code_placeholder','ISO country code, uppercase. Ex: US.','2023-03-01 01:08:53','2023-03-01 01:08:53'),(4573,1,'en','plugins/location/country','code_helper','Find country ISO code from here: https://en.wikipedia.org/wiki/List_of_ISO_3166_country_codes','2023-03-01 01:08:53','2023-03-01 01:08:53'),(4574,1,'en','plugins/location/location','name','Locations','2023-03-01 01:08:53','2023-03-01 01:08:53'),(4575,1,'en','plugins/location/location','create','New location','2023-03-01 01:08:53','2023-03-01 01:08:53'),(4576,1,'en','plugins/location/location','edit','Edit location','2023-03-01 01:08:53','2023-03-01 01:08:53'),(4577,1,'en','plugins/location/location','all_states','All states','2023-03-01 01:08:53','2023-03-01 01:08:53'),(4578,1,'en','plugins/location/location','abbreviation','Abbreviation','2023-03-01 01:08:53','2023-03-01 01:08:53'),(4579,1,'en','plugins/location/location','abbreviation_placeholder','E.g: CA','2023-03-01 01:08:53','2023-03-01 01:08:53'),(4580,1,'en','plugins/location/location','exporting','Exporting','2023-03-01 01:08:53','2023-03-01 01:08:53'),(4581,1,'en','plugins/location/location','total_country','Total countries','2023-03-01 01:08:53','2023-03-01 01:08:53'),(4582,1,'en','plugins/location/location','total_state','Total states','2023-03-01 01:08:53','2023-03-01 01:08:53'),(4583,1,'en','plugins/location/location','total_city','Total cities','2023-03-01 01:08:53','2023-03-01 01:08:53'),(4584,1,'en','plugins/location/location','export_location','Export location','2023-03-01 01:08:53','2023-03-01 01:08:53'),(4585,1,'en','plugins/location/location','start_export','Start exporting','2023-03-01 01:08:53','2023-03-01 01:08:53'),(4586,1,'en','plugins/location/state','name','States','2023-03-01 01:08:53','2023-03-01 01:08:53'),(4587,1,'en','plugins/location/state','create','New state','2023-03-01 01:08:53','2023-03-01 01:08:53'),(4588,1,'en','plugins/location/state','edit','Edit state','2023-03-01 01:08:53','2023-03-01 01:08:53'),(4589,1,'en','plugins/location/state','country','Country','2023-03-01 01:08:53','2023-03-01 01:08:53'),(4590,1,'en','plugins/location/state','select_country','Select a country...','2023-03-01 01:08:53','2023-03-01 01:08:53'),(4591,1,'en','plugins/location/state','state','State','2023-03-01 01:08:53','2023-03-01 01:08:53'),(4592,1,'vi','plugins/location/city','name','Quận/huyện','2023-03-01 01:08:53','2023-03-01 01:08:53'),(4593,1,'vi','plugins/location/city','create','Thêm quận/huyện','2023-03-01 01:08:53','2023-03-01 01:08:53'),(4594,1,'vi','plugins/location/city','edit','Sửa quận/huyện','2023-03-01 01:08:53','2023-03-01 01:08:53'),(4595,1,'vi','plugins/location/city','state','Tỉnh','2023-03-01 01:08:53','2023-03-01 01:08:53'),(4596,1,'vi','plugins/location/city','select_state','Lựa chọn tỉnh/thành phố...','2023-03-01 01:08:53','2023-03-01 01:08:53'),(4597,1,'vi','plugins/location/city','select_city','Lựa chọn quận/huyện...','2023-03-01 01:08:53','2023-03-01 01:08:53'),(4598,1,'vi','plugins/location/city','country','Quốc gia','2023-03-01 01:08:53','2023-03-01 01:08:53'),(4599,1,'vi','plugins/location/city','select_country','Lựa chọn quốc gia...','2023-03-01 01:08:53','2023-03-01 01:08:53'),(4600,1,'vi','plugins/location/city','city','Quận/huyện','2023-03-01 01:08:53','2023-03-01 01:08:53'),(4601,1,'vi','plugins/location/country','name','Quốc gia','2023-03-01 01:08:53','2023-03-01 01:08:53'),(4602,1,'vi','plugins/location/country','create','Thêm quốc gia','2023-03-01 01:08:53','2023-03-01 01:08:53'),(4603,1,'vi','plugins/location/country','edit','Sửa quốc gia','2023-03-01 01:08:53','2023-03-01 01:08:53'),(4604,1,'vi','plugins/location/country','nationality','Quốc tịch','2023-03-01 01:08:53','2023-03-01 01:08:53'),(4605,1,'vi','plugins/location/location','name','Địa điểm','2023-03-01 01:08:53','2023-03-01 01:08:53'),(4606,1,'vi','plugins/location/location','create','Thêm địa điểm','2023-03-01 01:08:53','2023-03-01 01:08:53'),(4607,1,'vi','plugins/location/location','edit','Sửa địa điểm','2023-03-01 01:08:53','2023-03-01 01:08:53'),(4608,1,'vi','plugins/location/location','all_states','Tất cả tỉnh thành','2023-03-01 01:08:53','2023-03-01 01:08:53'),(4609,1,'vi','plugins/location/state','name','Tỉnh/thành phố','2023-03-01 01:08:53','2023-03-01 01:08:53'),(4610,1,'vi','plugins/location/state','create','Thêm tỉnh/thành phố','2023-03-01 01:08:53','2023-03-01 01:08:53'),(4611,1,'vi','plugins/location/state','edit','Sửa tỉnh/thành phố','2023-03-01 01:08:53','2023-03-01 01:08:53'),(4612,1,'vi','plugins/location/state','country','Quốc gia','2023-03-01 01:08:53','2023-03-01 01:08:53'),(4613,1,'vi','plugins/location/state','select_country','Lựa chọn quốc gia...','2023-03-01 01:08:53','2023-03-01 01:08:53'),(4614,1,'vi','plugins/location/state','state','Tỉnh/thành phố','2023-03-01 01:08:53','2023-03-01 01:08:53'),(4615,1,'en','plugins/marketplace/marketplace','name','Marketplace','2023-03-01 01:08:53','2023-03-01 01:08:53'),(4616,1,'en','plugins/marketplace/marketplace','email.store_new_order_title','Notice about new order','2023-03-01 01:08:53','2023-03-01 01:08:53'),(4617,1,'en','plugins/marketplace/marketplace','email.store_new_order_description','Send email to the store owner when an order placed','2023-03-01 01:08:53','2023-03-01 01:08:53'),(4618,1,'en','plugins/marketplace/marketplace','email.verify_vendor_title','Verify vendor','2023-03-01 01:08:53','2023-03-01 01:08:53'),(4619,1,'en','plugins/marketplace/marketplace','email.verify_vendor_description','Send email to the admin when a vendor registers','2023-03-01 01:08:53','2023-03-01 01:08:53'),(4620,1,'en','plugins/marketplace/marketplace','email.pending_product_approval_title','Pending product approval','2023-03-01 01:08:53','2023-03-01 01:08:53'),(4621,1,'en','plugins/marketplace/marketplace','email.pending_product_approval_description','Send email to the admin when a vendor post their products','2023-03-01 01:08:53','2023-03-01 01:08:53'),(4622,1,'en','plugins/marketplace/marketplace','email.vendor_account_approved_title','Vendor account approved','2023-03-01 01:08:53','2023-03-01 01:08:53'),(4623,1,'en','plugins/marketplace/marketplace','email.vendor_account_approved_description','Send email to vendor when their account approved','2023-03-01 01:08:53','2023-03-01 01:08:53'),(4624,1,'en','plugins/marketplace/marketplace','email.product_approved_title','Product approved','2023-03-01 01:08:53','2023-03-01 01:08:53'),(4625,1,'en','plugins/marketplace/marketplace','email.product_approved_description','Send email to vendor when their product approved','2023-03-01 01:08:53','2023-03-01 01:08:53'),(4626,1,'en','plugins/marketplace/marketplace','email.withdrawal_approved_title','Withdrawal approved','2023-03-01 01:08:53','2023-03-01 01:08:53'),(4627,1,'en','plugins/marketplace/marketplace','email.withdrawal_approved_description','Send email to vendor when their withdrawal request approved','2023-03-01 01:08:53','2023-03-01 01:08:53'),(4628,1,'en','plugins/marketplace/marketplace','current_balance','Current balance','2023-03-01 01:08:53','2023-03-01 01:08:53'),(4629,1,'en','plugins/marketplace/marketplace','settings.name','Settings','2023-03-01 01:08:53','2023-03-01 01:08:53'),(4630,1,'en','plugins/marketplace/marketplace','settings.title','Settings for marketplace','2023-03-01 01:08:53','2023-03-01 01:08:53'),(4631,1,'en','plugins/marketplace/marketplace','settings.description','Setup commission fee','2023-03-01 01:08:53','2023-03-01 01:08:53'),(4632,1,'en','plugins/marketplace/marketplace','settings.fee_per_order','Fee per fee (%), suggest: 2 or 3','2023-03-01 01:08:53','2023-03-01 01:08:53'),(4633,1,'en','plugins/marketplace/marketplace','settings.default_commission_fee','Default commission fee (%), suggest: 2 or 3','2023-03-01 01:08:53','2023-03-01 01:08:53'),(4634,1,'en','plugins/marketplace/marketplace','settings.enable_commission_fee_for_each_category','Enable commission fee for each category?','2023-03-01 01:08:53','2023-03-01 01:08:53'),(4635,1,'en','plugins/marketplace/marketplace','settings.categories','Categories','2023-03-01 01:08:53','2023-03-01 01:08:53'),(4636,1,'en','plugins/marketplace/marketplace','settings.select_categories','Select categories..','2023-03-01 01:08:53','2023-03-01 01:08:53'),(4637,1,'en','plugins/marketplace/marketplace','settings.commission_fee','Commission fee (%)','2023-03-01 01:08:53','2023-03-01 01:08:53'),(4638,1,'en','plugins/marketplace/marketplace','settings.commission_fee_by_category','Commission fee by category (%)','2023-03-01 01:08:53','2023-03-01 01:08:53'),(4639,1,'en','plugins/marketplace/marketplace','settings.fee_withdrawal','Fee withdrawal (Fixed amount)','2023-03-01 01:08:53','2023-03-01 01:08:53'),(4640,1,'en','plugins/marketplace/marketplace','settings.check_valid_signature','Check valid signature in vendor\'s earnings','2023-03-01 01:08:53','2023-03-01 01:08:53'),(4641,1,'en','plugins/marketplace/marketplace','settings.verify_vendor','Vendor verification (Vendor just can post their product listing after getting verified)','2023-03-01 01:08:53','2023-03-01 01:08:53'),(4642,1,'en','plugins/marketplace/marketplace','settings.enable_product_approval','Enable product approval','2023-03-01 01:08:53','2023-03-01 01:08:53'),(4643,1,'en','plugins/marketplace/marketplace','settings.hide_store_phone_number','Hide store phone number?','2023-03-01 01:08:53','2023-03-01 01:08:53'),(4644,1,'en','plugins/marketplace/marketplace','settings.hide_store_email','Hide store email?','2023-03-01 01:08:53','2023-03-01 01:08:53'),(4645,1,'en','plugins/marketplace/marketplace','settings.allow_vendor_manage_shipping','Allow vendor manage shipping?','2023-03-01 01:08:54','2023-03-01 01:08:54'),(4646,1,'en','plugins/marketplace/marketplace','settings.commission_fee_each_category_fee_name','Commission fee of commission setting :key','2023-03-01 01:08:54','2023-03-01 01:08:54'),(4647,1,'en','plugins/marketplace/marketplace','settings.commission_fee_each_category_name','Categories of commission setting :key','2023-03-01 01:08:54','2023-03-01 01:08:54'),(4648,1,'en','plugins/marketplace/marketplace','settings.add_new','Add new','2023-03-01 01:08:54','2023-03-01 01:08:54'),(4649,1,'en','plugins/marketplace/marketplace','theme_options.name','Marketplace','2023-03-01 01:08:54','2023-03-01 01:08:54'),(4650,1,'en','plugins/marketplace/marketplace','theme_options.description','Theme options for Marketplace','2023-03-01 01:08:54','2023-03-01 01:08:54'),(4651,1,'en','plugins/marketplace/marketplace','theme_options.logo_vendor_dashboard','Logo in the vendor dashboard (Default is the main logo)','2023-03-01 01:08:54','2023-03-01 01:08:54'),(4652,1,'en','plugins/marketplace/marketplace','store_name','Store name','2023-03-01 01:08:54','2023-03-01 01:08:54'),(4653,1,'en','plugins/marketplace/marketplace','store_email','Store email','2023-03-01 01:08:54','2023-03-01 01:08:54'),(4654,1,'en','plugins/marketplace/marketplace','store_phone','Store phone','2023-03-01 01:08:54','2023-03-01 01:08:54'),(4655,1,'en','plugins/marketplace/marketplace','product_name','Product name','2023-03-01 01:08:54','2023-03-01 01:08:54'),(4656,1,'en','plugins/marketplace/marketplace','product_url','Product URL','2023-03-01 01:08:54','2023-03-01 01:08:54'),(4657,1,'en','plugins/marketplace/marketplace','withdrawal_amount','Withdrawal amount','2023-03-01 01:08:54','2023-03-01 01:08:54'),(4658,1,'en','plugins/marketplace/marketplace','helpers.customer_status','If you change the status other than \":status\" this vendor\'s store will also change to \":store\"','2023-03-01 01:08:54','2023-03-01 01:08:54'),(4659,1,'en','plugins/marketplace/marketplace','helpers.store_status','If you change the status other than \":status\" this store\'s account will also change to \":customer\"','2023-03-01 01:08:54','2023-03-01 01:08:54'),(4660,1,'en','plugins/marketplace/marketplace','tables.earnings','Earnings','2023-03-01 01:08:54','2023-03-01 01:08:54'),(4661,1,'en','plugins/marketplace/marketplace','tables.products_count','Products Count','2023-03-01 01:08:54','2023-03-01 01:08:54'),(4662,1,'en','plugins/marketplace/marketplace','vendors','Vendors','2023-03-01 01:08:54','2023-03-01 01:08:54'),(4663,1,'en','plugins/marketplace/marketplace','payout_payment_methods.bank_transfer','Bank Transfer','2023-03-01 01:08:54','2023-03-01 01:08:54'),(4664,1,'en','plugins/marketplace/marketplace','payout_payment_methods.paypal','PayPal','2023-03-01 01:08:54','2023-03-01 01:08:54'),(4665,1,'en','plugins/marketplace/order','shipping_method_required','Shipping method for \":name\" store order is required.','2023-03-01 01:08:54','2023-03-01 01:08:54'),(4666,1,'en','plugins/marketplace/order','shipping_method_in','Shipping method for \":name\" store order is invalid.','2023-03-01 01:08:54','2023-03-01 01:08:54'),(4667,1,'en','plugins/marketplace/order','shipping_option_required','Shipping option for \":name\" store order is required.','2023-03-01 01:08:54','2023-03-01 01:08:54'),(4668,1,'en','plugins/marketplace/order','refund.insufficient_balance','Balance of vendor is not enough to refund order, balance: :balance','2023-03-01 01:08:54','2023-03-01 01:08:54'),(4669,1,'en','plugins/marketplace/order','refund.description','Refunded from the order #:order','2023-03-01 01:08:54','2023-03-01 01:08:54'),(4670,1,'en','plugins/marketplace/order','products_are_from_different_vendors','Cannot create order! Products are from different vendors.','2023-03-01 01:08:54','2023-03-01 01:08:54'),(4671,1,'en','plugins/marketplace/order','return.description','Returned from the order #:order','2023-03-01 01:08:54','2023-03-01 01:08:54'),(4672,1,'en','plugins/marketplace/revenue','edit','Update wallet balance','2023-03-01 01:08:54','2023-03-01 01:08:54'),(4673,1,'en','plugins/marketplace/revenue','view_store','View store \":store\"','2023-03-01 01:08:54','2023-03-01 01:08:54'),(4674,1,'en','plugins/marketplace/revenue','forms.description_placeholder','Update the exact amount with order #__ORDER_ID__ with reason: __REASON__','2023-03-01 01:08:54','2023-03-01 01:08:54'),(4675,1,'en','plugins/marketplace/revenue','forms.amount','Amount','2023-03-01 01:08:54','2023-03-01 01:08:54'),(4676,1,'en','plugins/marketplace/revenue','forms.amount_placeholder','Enter Amount','2023-03-01 01:08:54','2023-03-01 01:08:54'),(4677,1,'en','plugins/marketplace/revenue','forms.type','Type','2023-03-01 01:08:54','2023-03-01 01:08:54'),(4678,1,'en','plugins/marketplace/revenue','forms.created_by','Created By','2023-03-01 01:08:54','2023-03-01 01:08:54'),(4679,1,'en','plugins/marketplace/revenue','types.add-amount','Add Amount','2023-03-01 01:08:54','2023-03-01 01:08:54'),(4680,1,'en','plugins/marketplace/revenue','types.subtract-amount','Subtract Amount','2023-03-01 01:08:54','2023-03-01 01:08:54'),(4681,1,'en','plugins/marketplace/revenue','types.order-return','Order Return','2023-03-01 01:08:54','2023-03-01 01:08:54'),(4682,1,'en','plugins/marketplace/revenue','store_name','Store Name','2023-03-01 01:08:54','2023-03-01 01:08:54'),(4683,1,'en','plugins/marketplace/revenue','vendor_name','Vendor Name','2023-03-01 01:08:54','2023-03-01 01:08:54'),(4684,1,'en','plugins/marketplace/revenue','balance','Balance','2023-03-01 01:08:54','2023-03-01 01:08:54'),(4685,1,'en','plugins/marketplace/revenue','store_information','Store information','2023-03-01 01:08:54','2023-03-01 01:08:54'),(4686,1,'en','plugins/marketplace/revenue','update_balance','Adjust Balance','2023-03-01 01:08:54','2023-03-01 01:08:54'),(4687,1,'en','plugins/marketplace/revenue','update_balance_title','Add/Subtract amount of vendor','2023-03-01 01:08:54','2023-03-01 01:08:54'),(4688,1,'en','plugins/marketplace/revenue','statements','Statements','2023-03-01 01:08:54','2023-03-01 01:08:54'),(4689,1,'en','plugins/marketplace/revenue','products','Products','2023-03-01 01:08:54','2023-03-01 01:08:54'),(4690,1,'en','plugins/marketplace/store','name','Stores','2023-03-01 01:08:54','2023-03-01 01:08:54'),(4691,1,'en','plugins/marketplace/store','create','New store','2023-03-01 01:08:54','2023-03-01 01:08:54'),(4692,1,'en','plugins/marketplace/store','edit','Edit store','2023-03-01 01:08:54','2023-03-01 01:08:54'),(4693,1,'en','plugins/marketplace/store','view','View','2023-03-01 01:08:54','2023-03-01 01:08:54'),(4694,1,'en','plugins/marketplace/store','forms.logo','Logo','2023-03-01 01:08:54','2023-03-01 01:08:54'),(4695,1,'en','plugins/marketplace/store','forms.email','Email','2023-03-01 01:08:54','2023-03-01 01:08:54'),(4696,1,'en','plugins/marketplace/store','forms.email_placeholder','Ex: name@store.com','2023-03-01 01:08:54','2023-03-01 01:08:54'),(4697,1,'en','plugins/marketplace/store','forms.phone','Phone','2023-03-01 01:08:54','2023-03-01 01:08:54'),(4698,1,'en','plugins/marketplace/store','forms.phone_placeholder','Phone','2023-03-01 01:08:54','2023-03-01 01:08:54'),(4699,1,'en','plugins/marketplace/store','forms.address','Address','2023-03-01 01:08:54','2023-03-01 01:08:54'),(4700,1,'en','plugins/marketplace/store','forms.address_placeholder','Address','2023-03-01 01:08:54','2023-03-01 01:08:54'),(4701,1,'en','plugins/marketplace/store','forms.city','City','2023-03-01 01:08:54','2023-03-01 01:08:54'),(4702,1,'en','plugins/marketplace/store','forms.city_placeholder','City','2023-03-01 01:08:54','2023-03-01 01:08:54'),(4703,1,'en','plugins/marketplace/store','forms.state','State','2023-03-01 01:08:54','2023-03-01 01:08:54'),(4704,1,'en','plugins/marketplace/store','forms.state_placeholder','State','2023-03-01 01:08:54','2023-03-01 01:08:54'),(4705,1,'en','plugins/marketplace/store','forms.country','Country','2023-03-01 01:08:54','2023-03-01 01:08:54'),(4706,1,'en','plugins/marketplace/store','forms.country_placeholder','Country','2023-03-01 01:08:54','2023-03-01 01:08:54'),(4707,1,'en','plugins/marketplace/store','forms.store_owner','Store owner','2023-03-01 01:08:54','2023-03-01 01:08:54'),(4708,1,'en','plugins/marketplace/store','forms.select_store_owner','Select a store owner...','2023-03-01 01:08:54','2023-03-01 01:08:54'),(4709,1,'en','plugins/marketplace/store','forms.store','Store','2023-03-01 01:08:54','2023-03-01 01:08:54'),(4710,1,'en','plugins/marketplace/store','forms.select_store','Select a store...','2023-03-01 01:08:54','2023-03-01 01:08:54'),(4711,1,'en','plugins/marketplace/store','forms.is_vendor','Is vendor?','2023-03-01 01:08:54','2023-03-01 01:08:54'),(4712,1,'en','plugins/marketplace/store','forms.company','Company','2023-03-01 01:08:54','2023-03-01 01:08:54'),(4713,1,'en','plugins/marketplace/store','forms.company_placeholder','Company','2023-03-01 01:08:54','2023-03-01 01:08:54'),(4714,1,'en','plugins/marketplace/store','forms.zip_code','Zip Code','2023-03-01 01:08:54','2023-03-01 01:08:54'),(4715,1,'en','plugins/marketplace/store','forms.zip_code_placeholder','Zip Code','2023-03-01 01:08:54','2023-03-01 01:08:54'),(4716,1,'en','plugins/marketplace/store','store','Store','2023-03-01 01:08:54','2023-03-01 01:08:54'),(4717,1,'en','plugins/marketplace/store','store_name','Store name','2023-03-01 01:08:54','2023-03-01 01:08:54'),(4718,1,'en','plugins/marketplace/store','store_phone','Store phone','2023-03-01 01:08:54','2023-03-01 01:08:54'),(4719,1,'en','plugins/marketplace/store','store_link','Store link','2023-03-01 01:08:54','2023-03-01 01:08:54'),(4720,1,'en','plugins/marketplace/store','product_approval_notification','This product was created by :vendor. It needs to be approved to be shown on your website. :approve_link','2023-03-01 01:08:54','2023-03-01 01:08:54'),(4721,1,'en','plugins/marketplace/store','approve_here','Approve it here.','2023-03-01 01:08:54','2023-03-01 01:08:54'),(4722,1,'en','plugins/marketplace/store','approve_product_confirmation','Approve product confirmation','2023-03-01 01:08:54','2023-03-01 01:08:54'),(4723,1,'en','plugins/marketplace/store','approve_product_confirmation_description','Are you sure you really want to approve this product from :vendor?','2023-03-01 01:08:54','2023-03-01 01:08:54'),(4724,1,'en','plugins/marketplace/store','approve','Approve','2023-03-01 01:08:54','2023-03-01 01:08:54'),(4725,1,'en','plugins/marketplace/store','approve_product_success','Approved product successfully','2023-03-01 01:08:54','2023-03-01 01:08:54'),(4726,1,'en','plugins/marketplace/store','product_approved_notification','This product was created by :vendor. Approved by :user.','2023-03-01 01:08:54','2023-03-01 01:08:54'),(4727,1,'en','plugins/marketplace/store','information','Store information','2023-03-01 01:08:54','2023-03-01 01:08:54'),(4728,1,'en','plugins/marketplace/store','vendor_information','Vendor information','2023-03-01 01:08:54','2023-03-01 01:08:54'),(4729,1,'en','plugins/marketplace/store','vendor_name','Name','2023-03-01 01:08:54','2023-03-01 01:08:54'),(4730,1,'en','plugins/marketplace/store','withdrawal_approval_notification','This withdrawal request has been created by :vendor. Their current balance is :balance.','2023-03-01 01:08:54','2023-03-01 01:08:54'),(4731,1,'en','plugins/marketplace/unverified-vendor','name','Unverified vendors','2023-03-01 01:08:54','2023-03-01 01:08:54'),(4732,1,'en','plugins/marketplace/unverified-vendor','verify','Verify vendor \":name\"','2023-03-01 01:08:54','2023-03-01 01:08:54'),(4733,1,'en','plugins/marketplace/unverified-vendor','forms.email','Email','2023-03-01 01:08:54','2023-03-01 01:08:54'),(4734,1,'en','plugins/marketplace/unverified-vendor','forms.store_name','Store name','2023-03-01 01:08:54','2023-03-01 01:08:54'),(4735,1,'en','plugins/marketplace/unverified-vendor','forms.store_phone','Store phone','2023-03-01 01:08:54','2023-03-01 01:08:54'),(4736,1,'en','plugins/marketplace/unverified-vendor','forms.vendor_phone','Phone','2023-03-01 01:08:54','2023-03-01 01:08:54'),(4737,1,'en','plugins/marketplace/unverified-vendor','forms.verify_vendor','Verify vendor','2023-03-01 01:08:54','2023-03-01 01:08:54'),(4738,1,'en','plugins/marketplace/unverified-vendor','forms.registered_at','Registered At','2023-03-01 01:08:54','2023-03-01 01:08:54'),(4739,1,'en','plugins/marketplace/unverified-vendor','approve','Approve','2023-03-01 01:08:54','2023-03-01 01:08:54'),(4740,1,'en','plugins/marketplace/unverified-vendor','approve_vendor_confirmation','Approve vendor confirmation','2023-03-01 01:08:54','2023-03-01 01:08:54'),(4741,1,'en','plugins/marketplace/unverified-vendor','approve_vendor_confirmation_description','Are you sure you really want to approve :vendor for selling on this site?','2023-03-01 01:08:54','2023-03-01 01:08:54'),(4742,1,'en','plugins/marketplace/unverified-vendor','vendor_approval_notification','Do you want to approve this vendor for selling on this site? :approve_link','2023-03-01 01:08:54','2023-03-01 01:08:54'),(4743,1,'en','plugins/marketplace/unverified-vendor','new_vendor_notifications.new_vendor','New vendor','2023-03-01 01:08:54','2023-03-01 01:08:54'),(4744,1,'en','plugins/marketplace/unverified-vendor','new_vendor_notifications.view','View','2023-03-01 01:08:54','2023-03-01 01:08:54'),(4745,1,'en','plugins/marketplace/unverified-vendor','new_vendor_notifications.description',':customer has registered but not verified.','2023-03-01 01:08:54','2023-03-01 01:08:54'),(4746,1,'en','plugins/marketplace/withdrawal','name','Withdrawals','2023-03-01 01:08:54','2023-03-01 01:08:54'),(4747,1,'en','plugins/marketplace/withdrawal','edit','Edit withdrawal','2023-03-01 01:08:54','2023-03-01 01:08:54'),(4748,1,'en','plugins/marketplace/withdrawal','statuses.pending','Pending','2023-03-01 01:08:54','2023-03-01 01:08:54'),(4749,1,'en','plugins/marketplace/withdrawal','statuses.processing','Processing','2023-03-01 01:08:54','2023-03-01 01:08:54'),(4750,1,'en','plugins/marketplace/withdrawal','statuses.completed','Completed','2023-03-01 01:08:54','2023-03-01 01:08:54'),(4751,1,'en','plugins/marketplace/withdrawal','statuses.canceled','Canceled','2023-03-01 01:08:54','2023-03-01 01:08:54'),(4752,1,'en','plugins/marketplace/withdrawal','statuses.refused','Refused','2023-03-01 01:08:54','2023-03-01 01:08:54'),(4753,1,'en','plugins/marketplace/withdrawal','amount','Amount','2023-03-01 01:08:54','2023-03-01 01:08:54'),(4754,1,'en','plugins/marketplace/withdrawal','customer','Customer','2023-03-01 01:08:54','2023-03-01 01:08:54'),(4755,1,'en','plugins/marketplace/withdrawal','vendor','Vendor','2023-03-01 01:08:54','2023-03-01 01:08:54'),(4756,1,'en','plugins/marketplace/withdrawal','currency','Currency','2023-03-01 01:08:54','2023-03-01 01:08:54'),(4757,1,'en','plugins/marketplace/withdrawal','forms.amount','Amount','2023-03-01 01:08:54','2023-03-01 01:08:54'),(4758,1,'en','plugins/marketplace/withdrawal','forms.amount_placeholder','Amount you want to withdrawal','2023-03-01 01:08:54','2023-03-01 01:08:54'),(4759,1,'en','plugins/marketplace/withdrawal','forms.fee','Fee','2023-03-01 01:08:54','2023-03-01 01:08:54'),(4760,1,'en','plugins/marketplace/withdrawal','forms.fee_helper','You have to pay a fee when withdrawing: :fee','2023-03-01 01:08:54','2023-03-01 01:08:54'),(4761,1,'en','plugins/marketplace/withdrawal','forms.pending_status_helper','To complete withdrawal, please update status as processing then completed','2023-03-01 01:08:54','2023-03-01 01:08:54'),(4762,1,'en','plugins/marketplace/withdrawal','forms.payment_channel','Payment Channel','2023-03-01 01:08:54','2023-03-01 01:08:54'),(4763,1,'en','plugins/marketplace/withdrawal','forms.payment_channel_placeholder','Payment Channel','2023-03-01 01:08:54','2023-03-01 01:08:54'),(4764,1,'en','plugins/marketplace/withdrawal','forms.transaction_id','Transaction ID','2023-03-01 01:08:54','2023-03-01 01:08:54'),(4765,1,'en','plugins/marketplace/withdrawal','forms.transaction_id_placeholder','Transaction ID','2023-03-01 01:08:54','2023-03-01 01:08:54'),(4766,1,'en','plugins/marketplace/withdrawal','forms.amount_with_balance','Amount (balance: :balance)','2023-03-01 01:08:54','2023-03-01 01:08:54'),(4767,1,'en','plugins/marketplace/withdrawal','new_withdrawal_request_notifications.new_withdrawal_request','New withdrawal request','2023-03-01 01:08:54','2023-03-01 01:08:54'),(4768,1,'en','plugins/marketplace/withdrawal','new_withdrawal_request_notifications.view','View','2023-03-01 01:08:54','2023-03-01 01:08:54'),(4769,1,'en','plugins/marketplace/withdrawal','new_withdrawal_request_notifications.description',':customer has requested a withdrawal.','2023-03-01 01:08:54','2023-03-01 01:08:54'),(4770,1,'en','plugins/newsletter/newsletter','name','Newsletters','2023-03-01 01:08:54','2023-03-01 01:08:54'),(4771,1,'en','plugins/newsletter/newsletter','settings.email.templates.title','Newsletter','2023-03-01 01:08:54','2023-03-01 01:08:54'),(4772,1,'en','plugins/newsletter/newsletter','settings.email.templates.description','Config newsletter email templates','2023-03-01 01:08:54','2023-03-01 01:08:54'),(4773,1,'en','plugins/newsletter/newsletter','settings.email.templates.to_admin.title','Email send to admin','2023-03-01 01:08:54','2023-03-01 01:08:54'),(4774,1,'en','plugins/newsletter/newsletter','settings.email.templates.to_admin.description','Template for sending email to admin','2023-03-01 01:08:54','2023-03-01 01:08:54'),(4775,1,'en','plugins/newsletter/newsletter','settings.email.templates.to_user.title','Email send to user','2023-03-01 01:08:54','2023-03-01 01:08:54'),(4776,1,'en','plugins/newsletter/newsletter','settings.email.templates.to_user.description','Template for sending email to subscriber','2023-03-01 01:08:54','2023-03-01 01:08:54'),(4777,1,'en','plugins/newsletter/newsletter','settings.title','Newsletter','2023-03-01 01:08:54','2023-03-01 01:08:54'),(4778,1,'en','plugins/newsletter/newsletter','settings.description','Settings for newsletter (auto send newsletter email to SendGrid, Mailchimp... when someone register newsletter on website).','2023-03-01 01:08:54','2023-03-01 01:08:54'),(4779,1,'en','plugins/newsletter/newsletter','settings.mailchimp_api_key','Mailchimp API Key','2023-03-01 01:08:54','2023-03-01 01:08:54'),(4780,1,'en','plugins/newsletter/newsletter','settings.mailchimp_list_id','Mailchimp List ID','2023-03-01 01:08:54','2023-03-01 01:08:54'),(4781,1,'en','plugins/newsletter/newsletter','settings.mailchimp_list','Mailchimp List','2023-03-01 01:08:54','2023-03-01 01:08:54'),(4782,1,'en','plugins/newsletter/newsletter','settings.sendgrid_api_key','Sendgrid API Key','2023-03-01 01:08:54','2023-03-01 01:08:54'),(4783,1,'en','plugins/newsletter/newsletter','settings.sendgrid_list_id','Sendgrid List ID','2023-03-01 01:08:54','2023-03-01 01:08:54'),(4784,1,'en','plugins/newsletter/newsletter','settings.sendgrid_list','Sendgrid List','2023-03-01 01:08:54','2023-03-01 01:08:54'),(4785,1,'en','plugins/newsletter/newsletter','settings.enable_newsletter_contacts_list_api','Enable newsletter contacts list API?','2023-03-01 01:08:54','2023-03-01 01:08:54'),(4786,1,'en','plugins/newsletter/newsletter','statuses.subscribed','Subscribed','2023-03-01 01:08:54','2023-03-01 01:08:54'),(4787,1,'en','plugins/newsletter/newsletter','statuses.unsubscribed','Unsubscribed','2023-03-01 01:08:54','2023-03-01 01:08:54'),(4788,1,'vi','plugins/newsletter/newsletter','name','Đăng ký nhận bản tin','2023-03-01 01:08:54','2023-03-01 01:08:54'),(4789,1,'vi','plugins/newsletter/newsletter','settings.email.templates.title','Đăng ký nhận bản tin','2023-03-01 01:08:54','2023-03-01 01:08:54'),(4790,1,'vi','plugins/newsletter/newsletter','settings.email.templates.description','Cấu hình email xác nhận đăng ký nhận bản tin','2023-03-01 01:08:54','2023-03-01 01:08:54'),(4791,1,'vi','plugins/newsletter/newsletter','settings.email.templates.to_admin.title','Email gửi tới cho quản trị viên','2023-03-01 01:08:54','2023-03-01 01:08:54'),(4792,1,'vi','plugins/newsletter/newsletter','settings.email.templates.to_admin.description','Mẫu email gửi tới cho quản trị viên','2023-03-01 01:08:54','2023-03-01 01:08:54'),(4793,1,'vi','plugins/newsletter/newsletter','settings.email.templates.to_user.title','Email gửi tới cho người đăng ký','2023-03-01 01:08:54','2023-03-01 01:08:54'),(4794,1,'vi','plugins/newsletter/newsletter','settings.email.templates.to_user.description','Mẫu email gửi tới cho người đăng ký','2023-03-01 01:08:54','2023-03-01 01:08:54'),(4795,1,'vi','plugins/newsletter/newsletter','statuses.subscribed','Theo dõi','2023-03-01 01:08:54','2023-03-01 01:08:54'),(4796,1,'vi','plugins/newsletter/newsletter','statuses.unsubscribed','Hủy theo dõi','2023-03-01 01:08:54','2023-03-01 01:08:54'),(4797,1,'en','plugins/payment/payment','payments','Payments','2023-03-01 01:08:54','2023-03-01 01:08:54'),(4798,1,'en','plugins/payment/payment','checkout_success','Checkout successfully!','2023-03-01 01:08:54','2023-03-01 01:08:54'),(4799,1,'en','plugins/payment/payment','view_payment','View payment #','2023-03-01 01:08:54','2023-03-01 01:08:54'),(4800,1,'en','plugins/payment/payment','charge_id','Charge ID','2023-03-01 01:08:54','2023-03-01 01:08:54'),(4801,1,'en','plugins/payment/payment','amount','Amount','2023-03-01 01:08:54','2023-03-01 01:08:54'),(4802,1,'en','plugins/payment/payment','currency','Currency','2023-03-01 01:08:54','2023-03-01 01:08:54'),(4803,1,'en','plugins/payment/payment','user','User','2023-03-01 01:08:55','2023-03-01 01:08:55'),(4804,1,'en','plugins/payment/payment','stripe','Stripe','2023-03-01 01:08:55','2023-03-01 01:08:55'),(4805,1,'en','plugins/payment/payment','paypal','PayPal','2023-03-01 01:08:55','2023-03-01 01:08:55'),(4806,1,'en','plugins/payment/payment','action','Action','2023-03-01 01:08:55','2023-03-01 01:08:55'),(4807,1,'en','plugins/payment/payment','payment_via_card','Payment via card','2023-03-01 01:08:55','2023-03-01 01:08:55'),(4808,1,'en','plugins/payment/payment','card_number','Card number','2023-03-01 01:08:55','2023-03-01 01:08:55'),(4809,1,'en','plugins/payment/payment','full_name','Full name','2023-03-01 01:08:55','2023-03-01 01:08:55'),(4810,1,'en','plugins/payment/payment','payment_via_paypal','Fast and safe online payment via PayPal.','2023-03-01 01:08:55','2023-03-01 01:08:55'),(4811,1,'en','plugins/payment/payment','mm_yy','MM/YY','2023-03-01 01:08:55','2023-03-01 01:08:55'),(4812,1,'en','plugins/payment/payment','cvc','CVC','2023-03-01 01:08:55','2023-03-01 01:08:55'),(4813,1,'en','plugins/payment/payment','details','Details','2023-03-01 01:08:55','2023-03-01 01:08:55'),(4814,1,'en','plugins/payment/payment','payer_name','Payer Name','2023-03-01 01:08:55','2023-03-01 01:08:55'),(4815,1,'en','plugins/payment/payment','email','Email','2023-03-01 01:08:55','2023-03-01 01:08:55'),(4816,1,'en','plugins/payment/payment','phone','Phone','2023-03-01 01:08:55','2023-03-01 01:08:55'),(4817,1,'en','plugins/payment/payment','country','Country','2023-03-01 01:08:55','2023-03-01 01:08:55'),(4818,1,'en','plugins/payment/payment','shipping_address','Shipping Address','2023-03-01 01:08:55','2023-03-01 01:08:55'),(4819,1,'en','plugins/payment/payment','payment_details','Payment Details','2023-03-01 01:08:55','2023-03-01 01:08:55'),(4820,1,'en','plugins/payment/payment','card','Card','2023-03-01 01:08:55','2023-03-01 01:08:55'),(4821,1,'en','plugins/payment/payment','address','Address','2023-03-01 01:08:55','2023-03-01 01:08:55'),(4822,1,'en','plugins/payment/payment','could_not_get_stripe_token','Could not get Stripe token to make a charge.','2023-03-01 01:08:55','2023-03-01 01:08:55'),(4823,1,'en','plugins/payment/payment','payment_id','Payment ID','2023-03-01 01:08:55','2023-03-01 01:08:55'),(4824,1,'en','plugins/payment/payment','payment_methods','Payment methods','2023-03-01 01:08:55','2023-03-01 01:08:55'),(4825,1,'en','plugins/payment/payment','transactions','Transactions','2023-03-01 01:08:55','2023-03-01 01:08:55'),(4826,1,'en','plugins/payment/payment','payment_methods_description','Setup payment methods for website','2023-03-01 01:08:55','2023-03-01 01:08:55'),(4827,1,'en','plugins/payment/payment','paypal_description','Customer can buy product and pay directly via PayPal','2023-03-01 01:08:55','2023-03-01 01:08:55'),(4828,1,'en','plugins/payment/payment','use','Use','2023-03-01 01:08:55','2023-03-01 01:08:55'),(4829,1,'en','plugins/payment/payment','stripe_description','Customer can buy product and pay directly using Visa, Credit card via Stripe','2023-03-01 01:08:55','2023-03-01 01:08:55'),(4830,1,'en','plugins/payment/payment','edit','Edit','2023-03-01 01:08:55','2023-03-01 01:08:55'),(4831,1,'en','plugins/payment/payment','settings','Settings','2023-03-01 01:08:55','2023-03-01 01:08:55'),(4832,1,'en','plugins/payment/payment','activate','Activate','2023-03-01 01:08:55','2023-03-01 01:08:55'),(4833,1,'en','plugins/payment/payment','deactivate','Deactivate','2023-03-01 01:08:55','2023-03-01 01:08:55'),(4834,1,'en','plugins/payment/payment','update','Update','2023-03-01 01:08:55','2023-03-01 01:08:55'),(4835,1,'en','plugins/payment/payment','configuration_instruction','Configuration instruction for :name','2023-03-01 01:08:55','2023-03-01 01:08:55'),(4836,1,'en','plugins/payment/payment','configuration_requirement','To use :name, you need','2023-03-01 01:08:55','2023-03-01 01:08:55'),(4837,1,'en','plugins/payment/payment','service_registration','Register with :name','2023-03-01 01:08:55','2023-03-01 01:08:55'),(4838,1,'en','plugins/payment/payment','after_service_registration_msg','After registration at :name, you will have Client ID, Client Secret','2023-03-01 01:08:55','2023-03-01 01:08:55'),(4839,1,'en','plugins/payment/payment','enter_client_id_and_secret','Enter Client ID, Secret into the box in right hand','2023-03-01 01:08:55','2023-03-01 01:08:55'),(4840,1,'en','plugins/payment/payment','method_name','Method name','2023-03-01 01:08:55','2023-03-01 01:08:55'),(4841,1,'en','plugins/payment/payment','please_provide_information','Please provide information','2023-03-01 01:08:55','2023-03-01 01:08:55'),(4842,1,'en','plugins/payment/payment','client_id','Client ID','2023-03-01 01:08:55','2023-03-01 01:08:55'),(4843,1,'en','plugins/payment/payment','client_secret','Client Secret','2023-03-01 01:08:55','2023-03-01 01:08:55'),(4844,1,'en','plugins/payment/payment','secret','Secret','2023-03-01 01:08:55','2023-03-01 01:08:55'),(4845,1,'en','plugins/payment/payment','stripe_key','Stripe Public Key','2023-03-01 01:08:55','2023-03-01 01:08:55'),(4846,1,'en','plugins/payment/payment','stripe_secret','Stripe Private Key','2023-03-01 01:08:55','2023-03-01 01:08:55'),(4847,1,'en','plugins/payment/payment','stripe_after_service_registration_msg','After registration at :name, you will have Public, Secret keys','2023-03-01 01:08:55','2023-03-01 01:08:55'),(4848,1,'en','plugins/payment/payment','stripe_enter_client_id_and_secret','Enter Public, Secret keys into the box in right hand','2023-03-01 01:08:55','2023-03-01 01:08:55'),(4849,1,'en','plugins/payment/payment','pay_online_via','Pay online via :name','2023-03-01 01:08:55','2023-03-01 01:08:55'),(4850,1,'en','plugins/payment/payment','sandbox_mode','Sandbox mode','2023-03-01 01:08:55','2023-03-01 01:08:55'),(4851,1,'en','plugins/payment/payment','deactivate_payment_method','Deactivate payment method','2023-03-01 01:08:55','2023-03-01 01:08:55'),(4852,1,'en','plugins/payment/payment','deactivate_payment_method_description','Do you really want to deactivate this payment method?','2023-03-01 01:08:55','2023-03-01 01:08:55'),(4853,1,'en','plugins/payment/payment','agree','Agree','2023-03-01 01:08:55','2023-03-01 01:08:55'),(4854,1,'en','plugins/payment/payment','name','Payments','2023-03-01 01:08:55','2023-03-01 01:08:55'),(4855,1,'en','plugins/payment/payment','create','New payment','2023-03-01 01:08:55','2023-03-01 01:08:55'),(4856,1,'en','plugins/payment/payment','go_back','Go back','2023-03-01 01:08:55','2023-03-01 01:08:55'),(4857,1,'en','plugins/payment/payment','information','Information','2023-03-01 01:08:55','2023-03-01 01:08:55'),(4858,1,'en','plugins/payment/payment','methods.paypal','PayPal','2023-03-01 01:08:55','2023-03-01 01:08:55'),(4859,1,'en','plugins/payment/payment','methods.cod','Cash on delivery (COD)','2023-03-01 01:08:55','2023-03-01 01:08:55'),(4860,1,'en','plugins/payment/payment','methods.bank_transfer','Bank transfer','2023-03-01 01:08:55','2023-03-01 01:08:55'),(4861,1,'en','plugins/payment/payment','statuses.pending','Pending','2023-03-01 01:08:55','2023-03-01 01:08:55'),(4862,1,'en','plugins/payment/payment','statuses.completed','Completed','2023-03-01 01:08:55','2023-03-01 01:08:55'),(4863,1,'en','plugins/payment/payment','statuses.refunding','Refunding','2023-03-01 01:08:55','2023-03-01 01:08:55'),(4864,1,'en','plugins/payment/payment','statuses.refunded','Refunded','2023-03-01 01:08:55','2023-03-01 01:08:55'),(4865,1,'en','plugins/payment/payment','statuses.fraud','Fraud','2023-03-01 01:08:55','2023-03-01 01:08:55'),(4866,1,'en','plugins/payment/payment','statuses.failed','Failed','2023-03-01 01:08:55','2023-03-01 01:08:55'),(4867,1,'en','plugins/payment/payment','payment_methods_instruction','Guide customers to pay directly. You can choose to pay by delivery or bank transfer','2023-03-01 01:08:55','2023-03-01 01:08:55'),(4868,1,'en','plugins/payment/payment','payment_method_description','Payment guide - (Displayed on the notice of successful purchase and payment page)','2023-03-01 01:08:55','2023-03-01 01:08:55'),(4869,1,'en','plugins/payment/payment','payment_via_cod','Cash on delivery (COD)','2023-03-01 01:08:55','2023-03-01 01:08:55'),(4870,1,'en','plugins/payment/payment','payment_via_bank_transfer','Bank transfer','2023-03-01 01:08:55','2023-03-01 01:08:55'),(4871,1,'en','plugins/payment/payment','payment_pending','Checkout successfully. Your payment is pending and will be checked by our staff.','2023-03-01 01:08:55','2023-03-01 01:08:55'),(4872,1,'en','plugins/payment/payment','created_at','Created At','2023-03-01 01:08:55','2023-03-01 01:08:55'),(4873,1,'en','plugins/payment/payment','payment_channel','Payment Channel','2023-03-01 01:08:55','2023-03-01 01:08:55'),(4874,1,'en','plugins/payment/payment','total','Total','2023-03-01 01:08:55','2023-03-01 01:08:55'),(4875,1,'en','plugins/payment/payment','status','Status','2023-03-01 01:08:55','2023-03-01 01:08:55'),(4876,1,'en','plugins/payment/payment','default_payment_method','Default payment method','2023-03-01 01:08:55','2023-03-01 01:08:55'),(4877,1,'en','plugins/payment/payment','turn_off_success','Turn off payment method successfully!','2023-03-01 01:08:55','2023-03-01 01:08:55'),(4878,1,'en','plugins/payment/payment','saved_payment_method_success','Saved payment method successfully!','2023-03-01 01:08:55','2023-03-01 01:08:55'),(4879,1,'en','plugins/payment/payment','saved_payment_settings_success','Saved payment settings successfully!','2023-03-01 01:08:55','2023-03-01 01:08:55'),(4880,1,'en','plugins/payment/payment','payment_name','Name','2023-03-01 01:08:55','2023-03-01 01:08:55'),(4881,1,'en','plugins/payment/payment','payment_not_found','Payment not found!','2023-03-01 01:08:55','2023-03-01 01:08:55'),(4882,1,'en','plugins/payment/payment','refunds.title','Refunds','2023-03-01 01:08:55','2023-03-01 01:08:55'),(4883,1,'en','plugins/payment/payment','refunds.id','ID','2023-03-01 01:08:55','2023-03-01 01:08:55'),(4884,1,'en','plugins/payment/payment','refunds.breakdowns','Breakdowns','2023-03-01 01:08:55','2023-03-01 01:08:55'),(4885,1,'en','plugins/payment/payment','refunds.gross_amount','Gross amount','2023-03-01 01:08:55','2023-03-01 01:08:55'),(4886,1,'en','plugins/payment/payment','refunds.paypal_fee','PayPal fee','2023-03-01 01:08:55','2023-03-01 01:08:55'),(4887,1,'en','plugins/payment/payment','refunds.net_amount','Net amount','2023-03-01 01:08:55','2023-03-01 01:08:55'),(4888,1,'en','plugins/payment/payment','refunds.total_refunded_amount','Total refunded amount','2023-03-01 01:08:55','2023-03-01 01:08:55'),(4889,1,'en','plugins/payment/payment','refunds.create_time','Create time','2023-03-01 01:08:55','2023-03-01 01:08:55'),(4890,1,'en','plugins/payment/payment','refunds.update_time','Update time','2023-03-01 01:08:55','2023-03-01 01:08:55'),(4891,1,'en','plugins/payment/payment','refunds.status','Status','2023-03-01 01:08:55','2023-03-01 01:08:55'),(4892,1,'en','plugins/payment/payment','refunds.description','Description','2023-03-01 01:08:55','2023-03-01 01:08:55'),(4893,1,'en','plugins/payment/payment','refunds.refunded_at','Refunded at','2023-03-01 01:08:55','2023-03-01 01:08:55'),(4894,1,'en','plugins/payment/payment','refunds.error_message','Error message','2023-03-01 01:08:55','2023-03-01 01:08:55'),(4895,1,'en','plugins/payment/payment','view_response_source','View response source','2023-03-01 01:08:55','2023-03-01 01:08:55'),(4896,1,'en','plugins/payment/payment','status_is_not_completed','Status is not COMPLETED','2023-03-01 01:08:55','2023-03-01 01:08:55'),(4897,1,'en','plugins/payment/payment','cannot_found_capture_id','Can not found capture id with payment detail','2023-03-01 01:08:55','2023-03-01 01:08:55'),(4898,1,'en','plugins/payment/payment','amount_refunded','Amount refunded','2023-03-01 01:08:55','2023-03-01 01:08:55'),(4899,1,'en','plugins/payment/payment','amount_remaining','Amount remaining','2023-03-01 01:08:55','2023-03-01 01:08:55'),(4900,1,'en','plugins/payment/payment','paid_at','Paid At','2023-03-01 01:08:55','2023-03-01 01:08:55'),(4901,1,'en','plugins/payment/payment','invalid_settings','Settings for :name are invalid!','2023-03-01 01:08:55','2023-03-01 01:08:55'),(4902,1,'en','plugins/payment/payment','view_transaction','Transaction \":charge_id\"','2023-03-01 01:08:55','2023-03-01 01:08:55'),(4903,1,'en','plugins/payment/payment','payment_description','Pay for your order #:order_id at :site_url','2023-03-01 01:08:55','2023-03-01 01:08:55'),(4904,1,'vi','plugins/payment/payment','payments','Thanh toán','2023-03-01 01:08:55','2023-03-01 01:08:55'),(4905,1,'vi','plugins/payment/payment','checkout_success','Thanh toán thành công!','2023-03-01 01:08:55','2023-03-01 01:08:55'),(4906,1,'vi','plugins/payment/payment','view_payment','Xem thanh toán #','2023-03-01 01:08:55','2023-03-01 01:08:55'),(4907,1,'vi','plugins/payment/payment','charge_id','Mã thanh toán','2023-03-01 01:08:55','2023-03-01 01:08:55'),(4908,1,'vi','plugins/payment/payment','amount','Số tiền','2023-03-01 01:08:55','2023-03-01 01:08:55'),(4909,1,'vi','plugins/payment/payment','currency','Loại tiền tệ','2023-03-01 01:08:55','2023-03-01 01:08:55'),(4910,1,'vi','plugins/payment/payment','user','Người dùng','2023-03-01 01:08:55','2023-03-01 01:08:55'),(4911,1,'vi','plugins/payment/payment','stripe','Stripe','2023-03-01 01:08:55','2023-03-01 01:08:55'),(4912,1,'vi','plugins/payment/payment','paypal','PayPal','2023-03-01 01:08:55','2023-03-01 01:08:55'),(4913,1,'vi','plugins/payment/payment','action','Hành động','2023-03-01 01:08:55','2023-03-01 01:08:55'),(4914,1,'vi','plugins/payment/payment','payment_via_card','Thanh toán qua thẻ','2023-03-01 01:08:55','2023-03-01 01:08:55'),(4915,1,'vi','plugins/payment/payment','card_number','Số thẻ','2023-03-01 01:08:55','2023-03-01 01:08:55'),(4916,1,'vi','plugins/payment/payment','full_name','Họ tên','2023-03-01 01:08:55','2023-03-01 01:08:55'),(4917,1,'vi','plugins/payment/payment','payment_via_paypal','Thanh toán qua PayPal','2023-03-01 01:08:55','2023-03-01 01:08:55'),(4918,1,'vi','plugins/payment/payment','mm_yy','MM/YY','2023-03-01 01:08:55','2023-03-01 01:08:55'),(4919,1,'vi','plugins/payment/payment','cvc','CVC','2023-03-01 01:08:55','2023-03-01 01:08:55'),(4920,1,'vi','plugins/payment/payment','details','Chi tiết','2023-03-01 01:08:55','2023-03-01 01:08:55'),(4921,1,'vi','plugins/payment/payment','payer_name','Tên người mua','2023-03-01 01:08:55','2023-03-01 01:08:55'),(4922,1,'vi','plugins/payment/payment','email','Email','2023-03-01 01:08:55','2023-03-01 01:08:55'),(4923,1,'vi','plugins/payment/payment','phone','Điện thoại','2023-03-01 01:08:55','2023-03-01 01:08:55'),(4924,1,'vi','plugins/payment/payment','country','Quốc gia','2023-03-01 01:08:55','2023-03-01 01:08:55'),(4925,1,'vi','plugins/payment/payment','shipping_address','Địa chỉ giao hàng','2023-03-01 01:08:55','2023-03-01 01:08:55'),(4926,1,'vi','plugins/payment/payment','payment_details','Chi tiết thanh toán','2023-03-01 01:08:55','2023-03-01 01:08:55'),(4927,1,'vi','plugins/payment/payment','card','Thẻ','2023-03-01 01:08:55','2023-03-01 01:08:55'),(4928,1,'vi','plugins/payment/payment','address','Địa chỉ','2023-03-01 01:08:55','2023-03-01 01:08:55'),(4929,1,'vi','plugins/payment/payment','could_not_get_stripe_token','Không thể lấy mã Stripe để thanh toán.','2023-03-01 01:08:55','2023-03-01 01:08:55'),(4930,1,'vi','plugins/payment/payment','payment_id','Mã thanh toán','2023-03-01 01:08:55','2023-03-01 01:08:55'),(4931,1,'vi','plugins/payment/payment','payment_methods','Phương thức thanh toán','2023-03-01 01:08:55','2023-03-01 01:08:55'),(4932,1,'vi','plugins/payment/payment','transactions','Lịch sử giao dịch','2023-03-01 01:08:55','2023-03-01 01:08:55'),(4933,1,'vi','plugins/payment/payment','payment_methods_description','Cài đặt các phương thức thanh toán cho website','2023-03-01 01:08:55','2023-03-01 01:08:55'),(4934,1,'vi','plugins/payment/payment','paypal_description','Khách hàng có thể mua hàng và thanh toán trực tiếp thông qua cổng thanh toán PayPal','2023-03-01 01:08:55','2023-03-01 01:08:55'),(4935,1,'vi','plugins/payment/payment','use','Dùng','2023-03-01 01:08:55','2023-03-01 01:08:55'),(4936,1,'vi','plugins/payment/payment','stripe_description','Khách hàng có thể mua hàng và thanh toán bằng Visa, Credit card thông qua cổng thanh toán Stripe','2023-03-01 01:08:55','2023-03-01 01:08:55'),(4937,1,'vi','plugins/payment/payment','edit','Chỉnh sửa','2023-03-01 01:08:55','2023-03-01 01:08:55'),(4938,1,'vi','plugins/payment/payment','settings','Cài đặt','2023-03-01 01:08:55','2023-03-01 01:08:55'),(4939,1,'vi','plugins/payment/payment','activate','Kích hoạt','2023-03-01 01:08:55','2023-03-01 01:08:55'),(4940,1,'vi','plugins/payment/payment','deactivate','Huỷ kích hoạt','2023-03-01 01:08:55','2023-03-01 01:08:55'),(4941,1,'vi','plugins/payment/payment','update','Cập nhật','2023-03-01 01:08:55','2023-03-01 01:08:55'),(4942,1,'vi','plugins/payment/payment','configuration_instruction','Hướng dẫn cấu hình :name','2023-03-01 01:08:55','2023-03-01 01:08:55'),(4943,1,'vi','plugins/payment/payment','configuration_requirement','Để sử dụng :name bạn cần','2023-03-01 01:08:55','2023-03-01 01:08:55'),(4944,1,'vi','plugins/payment/payment','service_registration','Đăng ký dịch vụ với :name','2023-03-01 01:08:55','2023-03-01 01:08:55'),(4945,1,'vi','plugins/payment/payment','after_service_registration_msg','Sau khi hoàn tất các bước đăng ký tại :name, bạn sẽ có các thông số Client ID, Client Secret','2023-03-01 01:08:55','2023-03-01 01:08:55'),(4946,1,'vi','plugins/payment/payment','enter_client_id_and_secret','Nhập các thông số Client ID, Secret vào ô bên phải','2023-03-01 01:08:55','2023-03-01 01:08:55'),(4947,1,'vi','plugins/payment/payment','method_name','Tên phương thức','2023-03-01 01:08:55','2023-03-01 01:08:55'),(4948,1,'vi','plugins/payment/payment','please_provide_information','Xin vui lòng cung cấp thông tin','2023-03-01 01:08:55','2023-03-01 01:08:55'),(4949,1,'vi','plugins/payment/payment','client_id','Client ID','2023-03-01 01:08:55','2023-03-01 01:08:55'),(4950,1,'vi','plugins/payment/payment','client_secret','Client Secret','2023-03-01 01:08:55','2023-03-01 01:08:55'),(4951,1,'vi','plugins/payment/payment','stripe_key','Stripe Key','2023-03-01 01:08:56','2023-03-01 01:08:56'),(4952,1,'vi','plugins/payment/payment','stripe_secret','Stripe Secret','2023-03-01 01:08:56','2023-03-01 01:08:56'),(4953,1,'vi','plugins/payment/payment','stripe_after_service_registration_msg','After registration at :name, you will have Public, Secret keys','2023-03-01 01:08:56','2023-03-01 01:08:56'),(4954,1,'vi','plugins/payment/payment','stripe_enter_client_id_and_secret','Enter Public, Secret keys into the box in right hand','2023-03-01 01:08:56','2023-03-01 01:08:56'),(4955,1,'vi','plugins/payment/payment','secret','Secret','2023-03-01 01:08:56','2023-03-01 01:08:56'),(4956,1,'vi','plugins/payment/payment','pay_online_via','Thanh toán online qua :name','2023-03-01 01:08:56','2023-03-01 01:08:56'),(4957,1,'vi','plugins/payment/payment','sandbox_mode','Chế độ thử nghiệm','2023-03-01 01:08:56','2023-03-01 01:08:56'),(4958,1,'vi','plugins/payment/payment','deactivate_payment_method','Huỷ kích hoạt phương thức','2023-03-01 01:08:56','2023-03-01 01:08:56'),(4959,1,'vi','plugins/payment/payment','deactivate_payment_method_description','Bạn có chắc chắn muốn huỷ phương thức thành toán này?','2023-03-01 01:08:56','2023-03-01 01:08:56'),(4960,1,'vi','plugins/payment/payment','agree','Đồng ý','2023-03-01 01:08:56','2023-03-01 01:08:56'),(4961,1,'vi','plugins/payment/payment','name','Thanh toán','2023-03-01 01:08:56','2023-03-01 01:08:56'),(4962,1,'vi','plugins/payment/payment','create','Thêm thanh toán mới','2023-03-01 01:08:56','2023-03-01 01:08:56'),(4963,1,'vi','plugins/payment/payment','go_back','Trở lại','2023-03-01 01:08:56','2023-03-01 01:08:56'),(4964,1,'vi','plugins/payment/payment','information','Thông tin','2023-03-01 01:08:56','2023-03-01 01:08:56'),(4965,1,'vi','plugins/payment/payment','methods.paypal','PayPal','2023-03-01 01:08:56','2023-03-01 01:08:56'),(4966,1,'vi','plugins/payment/payment','methods.cod','Thanh toán khi giao hàng (COD)','2023-03-01 01:08:56','2023-03-01 01:08:56'),(4967,1,'vi','plugins/payment/payment','methods.bank_transfer','Chuyển khoản qua ngân hàng','2023-03-01 01:08:56','2023-03-01 01:08:56'),(4968,1,'vi','plugins/payment/payment','statuses.pending','Chưa hoàn tất','2023-03-01 01:08:56','2023-03-01 01:08:56'),(4969,1,'vi','plugins/payment/payment','statuses.completed','Đã hoàn thành','2023-03-01 01:08:56','2023-03-01 01:08:56'),(4970,1,'vi','plugins/payment/payment','statuses.refunding','Đang hoàn tiền','2023-03-01 01:08:56','2023-03-01 01:08:56'),(4971,1,'vi','plugins/payment/payment','statuses.refunded','Đã hoàn tiền','2023-03-01 01:08:56','2023-03-01 01:08:56'),(4972,1,'vi','plugins/payment/payment','statuses.fraud','Gian lận','2023-03-01 01:08:56','2023-03-01 01:08:56'),(4973,1,'vi','plugins/payment/payment','statuses.failed','Thất bại','2023-03-01 01:08:56','2023-03-01 01:08:56'),(4974,1,'vi','plugins/payment/payment','payment_methods_instruction','Hướng dẫn khách hàng thanh toán trực tiếp. Có thể chọn thanh toán khi giao hàng hoặc chuyển khoản','2023-03-01 01:08:56','2023-03-01 01:08:56'),(4975,1,'vi','plugins/payment/payment','payment_method_description','Hướng dẫn thanh toán – (Hiển thị ở trang thông báo mua hàng thành công và trang thanh toán)','2023-03-01 01:08:56','2023-03-01 01:08:56'),(4976,1,'vi','plugins/payment/payment','payment_via_cod','Thanh toán khi nhận hàng (COD)','2023-03-01 01:08:56','2023-03-01 01:08:56'),(4977,1,'vi','plugins/payment/payment','payment_via_bank_transfer','Chuyển khoản qua ngân hàng','2023-03-01 01:08:56','2023-03-01 01:08:56'),(4978,1,'vi','plugins/payment/payment','payment_pending','Thực hiện thành công. Thanh toán của bạn đang được xử lý và sẽ được xác nhận bởi nhân viên.','2023-03-01 01:08:56','2023-03-01 01:08:56'),(4979,1,'vi','plugins/payment/payment','created_at','Ngày tạo','2023-03-01 01:08:56','2023-03-01 01:08:56'),(4980,1,'vi','plugins/payment/payment','payment_channel','Phương thức thanh toán','2023-03-01 01:08:56','2023-03-01 01:08:56'),(4981,1,'vi','plugins/payment/payment','total','Tổng cộng','2023-03-01 01:08:56','2023-03-01 01:08:56'),(4982,1,'vi','plugins/payment/payment','status','Trạng thái','2023-03-01 01:08:56','2023-03-01 01:08:56'),(4983,1,'vi','plugins/payment/payment','default_payment_method','Phương thức thanh toán mặc định','2023-03-01 01:08:56','2023-03-01 01:08:56'),(4984,1,'en','plugins/shippo/shippo','name','Shippo','2023-03-01 01:08:56','2023-03-01 01:08:56'),(4985,1,'en','plugins/shippo/shippo','description','All of the Carriers and Stores You Need','2023-03-01 01:08:56','2023-03-01 01:08:56'),(4986,1,'en','plugins/shippo/shippo','note_0','Before activating, please read the instructions below','2023-03-01 01:08:56','2023-03-01 01:08:56'),(4987,1,'en','plugins/shippo/shippo','note_1','Need to use cities, states, countries from Admin -> Locations, <a href=\":link\" target=\"_blank\" rel=\"noopener noreferrer\">:link</a>','2023-03-01 01:08:56','2023-03-01 01:08:56'),(4988,1,'en','plugins/shippo/shippo','note_2','Enabled \"Load countries, states, cities from plugin location?\" and \"Enable Zip Code?\" for Shippo to work correctly','2023-03-01 01:08:56','2023-03-01 01:08:56'),(4989,1,'en','plugins/shippo/shippo','note_3','Update city, state, country with location plugin data, enter and check the address and zip code in \"<a href=\":link\" target=\"_blank\">Basic information</a>\"','2023-03-01 01:08:56','2023-03-01 01:08:56'),(4990,1,'en','plugins/shippo/shippo','note_4','Vendor needs to update Company & Zip Code. Update city, state, country with location plugin data','2023-03-01 01:08:56','2023-03-01 01:08:56'),(4991,1,'en','plugins/shippo/shippo','configuration_instruction','Configuration instruction for :name','2023-03-01 01:08:56','2023-03-01 01:08:56'),(4992,1,'en','plugins/shippo/shippo','configuration_requirement','To use :name, you need','2023-03-01 01:08:56','2023-03-01 01:08:56'),(4993,1,'en','plugins/shippo/shippo','service_registration','Register with :name','2023-03-01 01:08:56','2023-03-01 01:08:56'),(4994,1,'en','plugins/shippo/shippo','after_service_registration_msg','After registration at :name, you will have API Key','2023-03-01 01:08:56','2023-03-01 01:08:56'),(4995,1,'en','plugins/shippo/shippo','enter_api_key','Enter API Key into the box in right hand','2023-03-01 01:08:56','2023-03-01 01:08:56'),(4996,1,'en','plugins/shippo/shippo','please_provide_information','Please provide information','2023-03-01 01:08:56','2023-03-01 01:08:56'),(4997,1,'en','plugins/shippo/shippo','sandbox_mode','Test mode','2023-03-01 01:08:56','2023-03-01 01:08:56'),(4998,1,'en','plugins/shippo/shippo','activate','Activate','2023-03-01 01:08:56','2023-03-01 01:08:56'),(4999,1,'en','plugins/shippo/shippo','disabled_in_demo_mode','You cannot update in demo mode!','2023-03-01 01:08:56','2023-03-01 01:08:56'),(5000,1,'en','plugins/shippo/shippo','parcel','Parcel','2023-03-01 01:08:56','2023-03-01 01:08:56'),(5001,1,'en','plugins/shippo/shippo','estimated_days','Estimated delivery in :day day(s)','2023-03-01 01:08:56','2023-03-01 01:08:56'),(5002,1,'en','plugins/shippo/shippo','from_address','From address','2023-03-01 01:08:56','2023-03-01 01:08:56'),(5003,1,'en','plugins/shippo/shippo','to_address','To address','2023-03-01 01:08:56','2023-03-01 01:08:56'),(5004,1,'en','plugins/shippo/shippo','check_validate_token','Check validate token','2023-03-01 01:08:56','2023-03-01 01:08:56'),(5005,1,'en','plugins/shippo/shippo','saved_shipping_settings_success','Saved settings successfully!','2023-03-01 01:08:56','2023-03-01 01:08:56'),(5006,1,'en','plugins/shippo/shippo','token_name_is_required',':name is required for the integration to work','2023-03-01 01:08:56','2023-03-01 01:08:56'),(5007,1,'en','plugins/shippo/shippo','token_name_is_invalid',':name is invalid','2023-03-01 01:08:56','2023-03-01 01:08:56'),(5008,1,'en','plugins/shippo/shippo','live_api_token','Live API Token','2023-03-01 01:08:56','2023-03-01 01:08:56'),(5009,1,'en','plugins/shippo/shippo','test_api_token','Test API Token','2023-03-01 01:08:56','2023-03-01 01:08:56'),(5010,1,'en','plugins/shippo/shippo','print_label','Print label','2023-03-01 01:08:56','2023-03-01 01:08:56'),(5011,1,'en','plugins/shippo/shippo','transaction.created','Created transaction #:tracking','2023-03-01 01:08:56','2023-03-01 01:08:56'),(5012,1,'en','plugins/shippo/shippo','transaction.view_and_create','View and Create transaction','2023-03-01 01:08:56','2023-03-01 01:08:56'),(5013,1,'en','plugins/shippo/shippo','transaction.create','Create transaction','2023-03-01 01:08:56','2023-03-01 01:08:56'),(5014,1,'en','plugins/shippo/shippo','transaction.created_success','Created transaction successfully!','2023-03-01 01:08:56','2023-03-01 01:08:56'),(5015,1,'en','plugins/shippo/shippo','transaction.updated','Updated transaction #:tracking','2023-03-01 01:08:56','2023-03-01 01:08:56'),(5016,1,'en','plugins/shippo/shippo','tracking.updated','Updated tracking #:tracking','2023-03-01 01:08:56','2023-03-01 01:08:56'),(5017,1,'en','plugins/shippo/shippo','tracking.statuses.pre_transit','The label is created but before the package is dropped off or picked up by the carrier.','2023-03-01 01:08:56','2023-03-01 01:08:56'),(5018,1,'en','plugins/shippo/shippo','tracking.statuses.transit','The package has been scanned by the carrier and is in transit.','2023-03-01 01:08:56','2023-03-01 01:08:56'),(5019,1,'en','plugins/shippo/shippo','tracking.statuses.delivered','The package has been successfully delivered.','2023-03-01 01:08:56','2023-03-01 01:08:56'),(5020,1,'en','plugins/shippo/shippo','tracking.statuses.returned','The package is en route to be returned to the sender, or has been returned successfully.','2023-03-01 01:08:56','2023-03-01 01:08:56'),(5021,1,'en','plugins/shippo/shippo','tracking.statuses.failure','The carrier indicated that there has been an issue with the delivery. This can happen for various reasons and depends on the carrier. This status does not indicate a technical, but a delivery issue.','2023-03-01 01:08:56','2023-03-01 01:08:56'),(5022,1,'en','plugins/shippo/shippo','tracking.statuses.unknown','The package has not been found via the carrier’s tracking system.','2023-03-01 01:08:56','2023-03-01 01:08:56'),(5023,1,'en','plugins/shippo/shippo','view_other_exchange_rates','View :count other exchange rates','2023-03-01 01:08:56','2023-03-01 01:08:56'),(5024,1,'en','plugins/shippo/shippo','carrier_could_not_be_found','The carrier for which the order was selected could not be found','2023-03-01 01:08:56','2023-03-01 01:08:56'),(5025,1,'en','plugins/shippo/shippo','update_rate','Update rate','2023-03-01 01:08:56','2023-03-01 01:08:56'),(5026,1,'en','plugins/shippo/shippo','updated_rate_success','Created rate successfully!','2023-03-01 01:08:56','2023-03-01 01:08:56'),(5027,1,'en','plugins/shippo/shippo','recheck_rate','Recheck rate','2023-03-01 01:08:56','2023-03-01 01:08:56'),(5028,1,'en','plugins/shippo/shippo','note_5','Shippo only allows to create transactions with shipment/rate within 24 hours, if more than 24 hours, please update the rate again','2023-03-01 01:08:56','2023-03-01 01:08:56'),(5029,1,'en','plugins/shippo/shippo','shipment_object_id_not_found','No matching shipping #:id information found','2023-03-01 01:08:56','2023-03-01 01:08:56'),(5030,1,'en','plugins/shippo/shippo','order_amount','Order amount','2023-03-01 01:08:56','2023-03-01 01:08:56'),(5031,1,'en','plugins/shippo/shippo','logging','Logging?','2023-03-01 01:08:56','2023-03-01 01:08:56'),(5032,1,'en','plugins/shippo/shippo','webhooks','Webhooks?','2023-03-01 01:08:56','2023-03-01 01:08:56'),(5033,1,'en','plugins/shippo/shippo','note_6','COD payment method refer <a href=\":link\" target=\"_blank\" rel=\"noopener noreferrer\">here</a>','2023-03-01 01:08:56','2023-03-01 01:08:56'),(5034,1,'en','plugins/simple-slider/simple-slider','create','New slider','2023-03-01 01:08:56','2023-03-01 01:08:56'),(5035,1,'en','plugins/simple-slider/simple-slider','edit','Edit slider','2023-03-01 01:08:56','2023-03-01 01:08:56'),(5036,1,'en','plugins/simple-slider/simple-slider','menu','Simple sliders','2023-03-01 01:08:56','2023-03-01 01:08:56'),(5037,1,'en','plugins/simple-slider/simple-slider','settings.title','Simple sliders','2023-03-01 01:08:56','2023-03-01 01:08:56'),(5038,1,'en','plugins/simple-slider/simple-slider','settings.description','Settings for Simple sliders','2023-03-01 01:08:56','2023-03-01 01:08:56'),(5039,1,'en','plugins/simple-slider/simple-slider','settings.using_assets','Using default assets?','2023-03-01 01:08:56','2023-03-01 01:08:56'),(5040,1,'en','plugins/simple-slider/simple-slider','settings.using_assets_description','If using assets option is enabled then below scripts will be auto added to front site.','2023-03-01 01:08:56','2023-03-01 01:08:56'),(5041,1,'en','plugins/simple-slider/simple-slider','add_new','Add new','2023-03-01 01:08:56','2023-03-01 01:08:56'),(5042,1,'en','plugins/simple-slider/simple-slider','save_sorting','Save sorting','2023-03-01 01:08:56','2023-03-01 01:08:56'),(5043,1,'en','plugins/simple-slider/simple-slider','key','Key','2023-03-01 01:08:56','2023-03-01 01:08:56'),(5044,1,'en','plugins/simple-slider/simple-slider','slide_items','Slide Items','2023-03-01 01:08:56','2023-03-01 01:08:56'),(5045,1,'en','plugins/simple-slider/simple-slider','update_slide_position_success','Updated slide position successfully!','2023-03-01 01:08:56','2023-03-01 01:08:56'),(5046,1,'en','plugins/simple-slider/simple-slider','create_new_slide','Create a new slide','2023-03-01 01:08:56','2023-03-01 01:08:56'),(5047,1,'en','plugins/simple-slider/simple-slider','edit_slide','Edit slide #:id','2023-03-01 01:08:56','2023-03-01 01:08:56'),(5048,1,'en','plugins/simple-slider/simple-slider','simple_slider_shortcode_name','Simple Slider','2023-03-01 01:08:56','2023-03-01 01:08:56'),(5049,1,'en','plugins/simple-slider/simple-slider','simple_slider_shortcode_description','Add a simple slider','2023-03-01 01:08:56','2023-03-01 01:08:56'),(5050,1,'en','plugins/simple-slider/simple-slider','select_slider','Select a slider','2023-03-01 01:08:56','2023-03-01 01:08:56'),(5051,1,'vi','plugins/simple-slider/simple-slider','create','Thêm mới slider','2023-03-01 01:08:56','2023-03-01 01:08:56'),(5052,1,'vi','plugins/simple-slider/simple-slider','edit','Sửa slider','2023-03-01 01:08:56','2023-03-01 01:08:56'),(5053,1,'vi','plugins/simple-slider/simple-slider','menu','Sliders','2023-03-01 01:08:56','2023-03-01 01:08:56'),(5054,1,'vi','plugins/simple-slider/simple-slider','settings.description','Cài đặt cho Simple Sliders','2023-03-01 01:08:56','2023-03-01 01:08:56'),(5055,1,'vi','plugins/simple-slider/simple-slider','settings.title','Simple sliders','2023-03-01 01:08:56','2023-03-01 01:08:56'),(5056,1,'vi','plugins/simple-slider/simple-slider','settings.using_assets','Sử dụng assets mặc định?','2023-03-01 01:08:56','2023-03-01 01:08:56'),(5057,1,'vi','plugins/simple-slider/simple-slider','settings.using_assets_description','Nếu tùy chọn này được bật, những scripts bên dưới sẽ được thêm vào website của bạn.','2023-03-01 01:08:56','2023-03-01 01:08:56'),(5058,1,'en','plugins/social-login/social-login','settings.title','Social Login settings','2023-03-01 01:08:56','2023-03-01 01:08:56'),(5059,1,'en','plugins/social-login/social-login','settings.description','Configure social login options','2023-03-01 01:08:56','2023-03-01 01:08:56'),(5060,1,'en','plugins/social-login/social-login','settings.facebook.title','Facebook login settings','2023-03-01 01:08:56','2023-03-01 01:08:56'),(5061,1,'en','plugins/social-login/social-login','settings.facebook.description','Enable/disable & configure app credentials for Facebook login','2023-03-01 01:08:56','2023-03-01 01:08:56'),(5062,1,'en','plugins/social-login/social-login','settings.facebook.app_id','App ID','2023-03-01 01:08:56','2023-03-01 01:08:56'),(5063,1,'en','plugins/social-login/social-login','settings.facebook.app_secret','App Secret','2023-03-01 01:08:56','2023-03-01 01:08:56'),(5064,1,'en','plugins/social-login/social-login','settings.facebook.helper','Please go to https://developers.facebook.com to create new app update App ID, App Secret. Callback URL is :callback','2023-03-01 01:08:56','2023-03-01 01:08:56'),(5065,1,'en','plugins/social-login/social-login','settings.google.title','Google login settings','2023-03-01 01:08:56','2023-03-01 01:08:56'),(5066,1,'en','plugins/social-login/social-login','settings.google.description','Enable/disable & configure app credentials for Google login','2023-03-01 01:08:56','2023-03-01 01:08:56'),(5067,1,'en','plugins/social-login/social-login','settings.google.app_id','App ID','2023-03-01 01:08:56','2023-03-01 01:08:56'),(5068,1,'en','plugins/social-login/social-login','settings.google.app_secret','App Secret','2023-03-01 01:08:56','2023-03-01 01:08:56'),(5069,1,'en','plugins/social-login/social-login','settings.google.helper','Please go to https://console.developers.google.com/apis/dashboard to create new app update App ID, App Secret. Callback URL is :callback','2023-03-01 01:08:56','2023-03-01 01:08:56'),(5070,1,'en','plugins/social-login/social-login','settings.github.title','Github login settings','2023-03-01 01:08:56','2023-03-01 01:08:56'),(5071,1,'en','plugins/social-login/social-login','settings.github.description','Enable/disable & configure app credentials for Github login','2023-03-01 01:08:56','2023-03-01 01:08:56'),(5072,1,'en','plugins/social-login/social-login','settings.github.app_id','App ID','2023-03-01 01:08:56','2023-03-01 01:08:56'),(5073,1,'en','plugins/social-login/social-login','settings.github.app_secret','App Secret','2023-03-01 01:08:56','2023-03-01 01:08:56'),(5074,1,'en','plugins/social-login/social-login','settings.github.helper','Please go to https://github.com/settings/developers to create new app update App ID, App Secret. Callback URL is :callback','2023-03-01 01:08:56','2023-03-01 01:08:56'),(5075,1,'en','plugins/social-login/social-login','settings.linkedin.title','Linkedin login settings','2023-03-01 01:08:56','2023-03-01 01:08:56'),(5076,1,'en','plugins/social-login/social-login','settings.linkedin.description','Enable/disable & configure app credentials for Linkedin login','2023-03-01 01:08:56','2023-03-01 01:08:56'),(5077,1,'en','plugins/social-login/social-login','settings.linkedin.app_id','App ID','2023-03-01 01:08:56','2023-03-01 01:08:56'),(5078,1,'en','plugins/social-login/social-login','settings.linkedin.app_secret','App Secret','2023-03-01 01:08:56','2023-03-01 01:08:56'),(5079,1,'en','plugins/social-login/social-login','settings.linkedin.helper','Please go to https://www.linkedin.com/developers/apps/new to create new app update App ID, App Secret. Callback URL is :callback','2023-03-01 01:08:56','2023-03-01 01:08:56'),(5080,1,'en','plugins/social-login/social-login','settings.enable','Enable?','2023-03-01 01:08:56','2023-03-01 01:08:56'),(5081,1,'en','plugins/social-login/social-login','menu','Social Login','2023-03-01 01:08:56','2023-03-01 01:08:56'),(5082,1,'vi','plugins/social-login/social-login','settings.title','Social Login settings','2023-03-01 01:08:56','2023-03-01 01:08:56'),(5083,1,'vi','plugins/social-login/social-login','settings.description','Cấu hình tùy chọn đăng nhập thông qua mạng xã hội','2023-03-01 01:08:56','2023-03-01 01:08:56'),(5084,1,'vi','plugins/social-login/social-login','settings.facebook.title','Facebook login settings','2023-03-01 01:08:56','2023-03-01 01:08:56'),(5085,1,'vi','plugins/social-login/social-login','settings.facebook.description','Enable/disable & configure app credentials for Facebook login','2023-03-01 01:08:56','2023-03-01 01:08:56'),(5086,1,'vi','plugins/social-login/social-login','settings.facebook.app_id','App ID','2023-03-01 01:08:56','2023-03-01 01:08:56'),(5087,1,'vi','plugins/social-login/social-login','settings.facebook.app_secret','App Secret','2023-03-01 01:08:56','2023-03-01 01:08:56'),(5088,1,'vi','plugins/social-login/social-login','settings.facebook.helper','Please go to https://developers.facebook.com to create new app update App ID, App Secret. Callback URL is :callback','2023-03-01 01:08:56','2023-03-01 01:08:56'),(5089,1,'vi','plugins/social-login/social-login','settings.google.title','Google login settings','2023-03-01 01:08:56','2023-03-01 01:08:56'),(5090,1,'vi','plugins/social-login/social-login','settings.google.description','Enable/disable & configure app credentials for Google login','2023-03-01 01:08:56','2023-03-01 01:08:56'),(5091,1,'vi','plugins/social-login/social-login','settings.google.app_id','App ID','2023-03-01 01:08:56','2023-03-01 01:08:56'),(5092,1,'vi','plugins/social-login/social-login','settings.google.app_secret','App Secret','2023-03-01 01:08:56','2023-03-01 01:08:56'),(5093,1,'vi','plugins/social-login/social-login','settings.google.helper','Please go to https://console.developers.google.com/apis/dashboard to create new app update App ID, App Secret. Callback URL is :callback','2023-03-01 01:08:57','2023-03-01 01:08:57'),(5094,1,'vi','plugins/social-login/social-login','settings.github.title','Github login settings','2023-03-01 01:08:57','2023-03-01 01:08:57'),(5095,1,'vi','plugins/social-login/social-login','settings.github.description','Enable/disable & configure app credentials for Github login','2023-03-01 01:08:57','2023-03-01 01:08:57'),(5096,1,'vi','plugins/social-login/social-login','settings.github.app_id','App ID','2023-03-01 01:08:57','2023-03-01 01:08:57'),(5097,1,'vi','plugins/social-login/social-login','settings.github.app_secret','App Secret','2023-03-01 01:08:57','2023-03-01 01:08:57'),(5098,1,'vi','plugins/social-login/social-login','settings.github.helper','Please go to https://github.com/settings/developers to create new app update App ID, App Secret. Callback URL is :callback','2023-03-01 01:08:57','2023-03-01 01:08:57'),(5099,1,'vi','plugins/social-login/social-login','settings.linkedin.title','Linkedin login settings','2023-03-01 01:08:57','2023-03-01 01:08:57'),(5100,1,'vi','plugins/social-login/social-login','settings.linkedin.description','Enable/disable & configure app credentials for Linkedin login','2023-03-01 01:08:57','2023-03-01 01:08:57'),(5101,1,'vi','plugins/social-login/social-login','settings.linkedin.app_id','App ID','2023-03-01 01:08:57','2023-03-01 01:08:57'),(5102,1,'vi','plugins/social-login/social-login','settings.linkedin.app_secret','App Secret','2023-03-01 01:08:57','2023-03-01 01:08:57'),(5103,1,'vi','plugins/social-login/social-login','settings.linkedin.helper','Please go to https://www.linkedin.com/developers/apps/new to create new app update App ID, App Secret. Callback URL is :callback','2023-03-01 01:08:57','2023-03-01 01:08:57'),(5104,1,'vi','plugins/social-login/social-login','settings.enable','Bật?','2023-03-01 01:08:57','2023-03-01 01:08:57'),(5105,1,'vi','plugins/social-login/social-login','menu','Đăng nhập mạng xã hội','2023-03-01 01:08:57','2023-03-01 01:08:57'),(5106,1,'en','plugins/translation/translation','translations','Translations','2023-03-01 01:08:57','2023-03-01 01:08:57'),(5107,1,'en','plugins/translation/translation','translations_description','Translate all words in system.','2023-03-01 01:08:57','2023-03-01 01:08:57'),(5108,1,'en','plugins/translation/translation','export_warning','Warning, translations are not visible until they are exported back to the :lang_path file, using \'php artisan cms:translations:export\' command or publish button.','2023-03-01 01:08:57','2023-03-01 01:08:57'),(5109,1,'en','plugins/translation/translation','import_done','Done importing, processed :counter items! Reload this page to refresh the groups!','2023-03-01 01:08:57','2023-03-01 01:08:57'),(5110,1,'en','plugins/translation/translation','translation_manager','Translations Manager','2023-03-01 01:08:57','2023-03-01 01:08:57'),(5111,1,'en','plugins/translation/translation','done_publishing','Done publishing the translations for group','2023-03-01 01:08:57','2023-03-01 01:08:57'),(5112,1,'en','plugins/translation/translation','append_translation','Append new translations','2023-03-01 01:08:57','2023-03-01 01:08:57'),(5113,1,'en','plugins/translation/translation','replace_translation','Replace existing translations','2023-03-01 01:08:57','2023-03-01 01:08:57'),(5114,1,'en','plugins/translation/translation','import_group','Import group','2023-03-01 01:08:57','2023-03-01 01:08:57'),(5115,1,'en','plugins/translation/translation','confirm_publish_group','Are you sure you want to publish the translations group \":group\"? This will overwrite existing language files.','2023-03-01 01:08:57','2023-03-01 01:08:57'),(5116,1,'en','plugins/translation/translation','publish_translations','Publish translations','2023-03-01 01:08:57','2023-03-01 01:08:57'),(5117,1,'en','plugins/translation/translation','back','Back','2023-03-01 01:08:57','2023-03-01 01:08:57'),(5118,1,'en','plugins/translation/translation','edit_title','Enter translation','2023-03-01 01:08:57','2023-03-01 01:08:57'),(5119,1,'en','plugins/translation/translation','choose_group_msg','Choose a group to display the group translations. If no groups are visible, make sure you have imported the translations.','2023-03-01 01:08:57','2023-03-01 01:08:57'),(5120,1,'en','plugins/translation/translation','choose_a_group','Choose a group','2023-03-01 01:08:57','2023-03-01 01:08:57'),(5121,1,'en','plugins/translation/translation','locales','Locales','2023-03-01 01:08:57','2023-03-01 01:08:57'),(5122,1,'en','plugins/translation/translation','theme-translations','Theme translations','2023-03-01 01:08:57','2023-03-01 01:08:57'),(5123,1,'en','plugins/translation/translation','admin-translations','Other translations','2023-03-01 01:08:57','2023-03-01 01:08:57'),(5124,1,'en','plugins/translation/translation','translate_from','Translate from','2023-03-01 01:08:57','2023-03-01 01:08:57'),(5125,1,'en','plugins/translation/translation','to','to','2023-03-01 01:08:57','2023-03-01 01:08:57'),(5126,1,'en','plugins/translation/translation','no_other_languages','No other language to translate!','2023-03-01 01:08:57','2023-03-01 01:08:57'),(5127,1,'en','plugins/translation/translation','edit','Edit','2023-03-01 01:08:57','2023-03-01 01:08:57'),(5128,1,'en','plugins/translation/translation','locale','Locale','2023-03-01 01:08:57','2023-03-01 01:08:57'),(5129,1,'en','plugins/translation/translation','locale_placeholder','Ex: en','2023-03-01 01:08:57','2023-03-01 01:08:57'),(5130,1,'en','plugins/translation/translation','name','Name','2023-03-01 01:08:57','2023-03-01 01:08:57'),(5131,1,'en','plugins/translation/translation','default_locale','Default locale?','2023-03-01 01:08:57','2023-03-01 01:08:57'),(5132,1,'en','plugins/translation/translation','actions','Actions','2023-03-01 01:08:57','2023-03-01 01:08:57'),(5133,1,'en','plugins/translation/translation','choose_language','Choose language','2023-03-01 01:08:57','2023-03-01 01:08:57'),(5134,1,'en','plugins/translation/translation','add_new_language','Add new language','2023-03-01 01:08:57','2023-03-01 01:08:57'),(5135,1,'en','plugins/translation/translation','select_language','Select language','2023-03-01 01:08:57','2023-03-01 01:08:57'),(5136,1,'en','plugins/translation/translation','flag','Flag','2023-03-01 01:08:57','2023-03-01 01:08:57'),(5137,1,'en','plugins/translation/translation','folder_is_not_writeable','Cannot write files! Folder :lang_path is not writable. Please chmod to make it writable!','2023-03-01 01:08:57','2023-03-01 01:08:57'),(5138,1,'en','plugins/translation/translation','delete','Delete','2023-03-01 01:08:57','2023-03-01 01:08:57'),(5139,1,'en','plugins/translation/translation','confirm_delete_message','Do you really want to delete this locale? It will delete all files/folders for this local in :lang_path!','2023-03-01 01:08:57','2023-03-01 01:08:57'),(5140,1,'en','plugins/translation/translation','download','Download','2023-03-01 01:08:57','2023-03-01 01:08:57'),(5141,1,'en','plugins/translation/translation','select_locale','Select locale','2023-03-01 01:08:57','2023-03-01 01:08:57'),(5142,1,'en','plugins/translation/translation','theme_translations_instruction','Click on text to translate. Do NOT translate variables, Eg. :username, :query, :link...','2023-03-01 01:08:57','2023-03-01 01:08:57'),(5143,1,'en','plugins/translation/translation','import_available_locale','Or import available locale from our GitHub repository','2023-03-01 01:08:57','2023-03-01 01:08:57'),(5144,1,'en','plugins/translation/translation','add_new_locale','Add new locale','2023-03-01 01:08:57','2023-03-01 01:08:57'),(5145,1,'en','plugins/translation/translation','download_locale','Download locale','2023-03-01 01:08:57','2023-03-01 01:08:57'),(5146,1,'en','plugins/translation/translation','import_available_locale_confirmation','Download locale from GitHub','2023-03-01 01:08:57','2023-03-01 01:08:57'),(5147,1,'en','plugins/translation/translation','import_available_locale_confirmation_content','Are you sure you want to download this locale? It will be downloaded into :lang_path, you can delete it later if you want.','2023-03-01 01:08:57','2023-03-01 01:08:57'),(5148,1,'en','plugins/translation/translation','is_default','Is default?','2023-03-01 01:08:57','2023-03-01 01:08:57'),(5149,1,'vi','plugins/translation/translation','append_translation','Tiếp nối bản dịch','2023-03-01 01:08:57','2023-03-01 01:08:57'),(5150,1,'vi','plugins/translation/translation','back','Quay lại','2023-03-01 01:08:57','2023-03-01 01:08:57'),(5151,1,'vi','plugins/translation/translation','choose_a_group','Chọn một nhóm','2023-03-01 01:08:57','2023-03-01 01:08:57'),(5152,1,'vi','plugins/translation/translation','choose_group_msg','Chọn một nhóm để hiển thị nhóm dịch thuật. Nếu nhóm không có sẵn, hãy chắc chắn là bạn đã chạy migrations và nhập dữ liệu dịch thuật.','2023-03-01 01:08:57','2023-03-01 01:08:57'),(5153,1,'vi','plugins/translation/translation','confirm_publish_group','Bạn có chắc muốn xuất bản nhóm \":group\"? Điều này sẽ ghi đè tập tin ngôn ngữ hiện tại.','2023-03-01 01:08:57','2023-03-01 01:08:57'),(5154,1,'vi','plugins/translation/translation','done_publishing','Xuất bản nhóm dịch thuật thành công','2023-03-01 01:08:57','2023-03-01 01:08:57'),(5155,1,'vi','plugins/translation/translation','edit_title','Nhập nội dung dịch','2023-03-01 01:08:57','2023-03-01 01:08:57'),(5156,1,'vi','plugins/translation/translation','export_warning','Cảnh báo, bản dịch sẽ không có sẵn cho đến khi chúng được xuất bản lại vào thư mục :lang_path, sử dụng lệnh \'php artisan cms:translations:export\' hoặc sử dụng nút xuất bản','2023-03-01 01:08:57','2023-03-01 01:08:57'),(5157,1,'vi','plugins/translation/translation','import_done','Nhập hoàn thành, đã xử lý :counter bản ghi!  ','2023-03-01 01:08:57','2023-03-01 01:08:57'),(5158,1,'vi','plugins/translation/translation','import_group','Nhập nhóm','2023-03-01 01:08:57','2023-03-01 01:08:57'),(5159,1,'vi','plugins/translation/translation','publish_translations','Xuất bản dịch thuật','2023-03-01 01:08:57','2023-03-01 01:08:57'),(5160,1,'vi','plugins/translation/translation','replace_translation','Thay thế bản dịch hiện tại','2023-03-01 01:08:57','2023-03-01 01:08:57'),(5161,1,'vi','plugins/translation/translation','translation_manager','Quản lý dịch thuật','2023-03-01 01:08:57','2023-03-01 01:08:57'),(5162,1,'vi','plugins/translation/translation','translations','Dịch thuật','2023-03-01 01:08:57','2023-03-01 01:08:57'),(5163,1,'vi','plugins/translation/translation','translations_description','Dịch tất cả các từ trong hệ thống','2023-03-01 01:08:57','2023-03-01 01:08:57'),(5164,1,'vi','plugins/translation/translation','actions','Hành động','2023-03-01 01:08:57','2023-03-01 01:08:57'),(5165,1,'vi','plugins/translation/translation','add_new_language','Thêm ngôn ngữ mới','2023-03-01 01:08:57','2023-03-01 01:08:57'),(5166,1,'vi','plugins/translation/translation','admin-translations','Dịch các mục khác','2023-03-01 01:08:57','2023-03-01 01:08:57'),(5167,1,'vi','plugins/translation/translation','choose_language','Chọn ngôn ngữ','2023-03-01 01:08:57','2023-03-01 01:08:57'),(5168,1,'vi','plugins/translation/translation','default_locale','Ngôn ngữ mặc định','2023-03-01 01:08:57','2023-03-01 01:08:57'),(5169,1,'vi','plugins/translation/translation','delete','Xóa','2023-03-01 01:08:57','2023-03-01 01:08:57'),(5170,1,'vi','plugins/translation/translation','edit','Sửa','2023-03-01 01:08:57','2023-03-01 01:08:57'),(5171,1,'vi','plugins/translation/translation','flag','Cờ','2023-03-01 01:08:57','2023-03-01 01:08:57'),(5172,1,'vi','plugins/translation/translation','locale','Ngôn ngữ','2023-03-01 01:08:57','2023-03-01 01:08:57'),(5173,1,'vi','plugins/translation/translation','locales','Ngôn ngữ','2023-03-01 01:08:57','2023-03-01 01:08:57'),(5174,1,'vi','plugins/translation/translation','name','Tên','2023-03-01 01:08:57','2023-03-01 01:08:57'),(5175,1,'vi','plugins/translation/translation','no_other_languages','Không còn ngôn ngữ nào khác để dịch!','2023-03-01 01:08:57','2023-03-01 01:08:57'),(5176,1,'vi','plugins/translation/translation','select_language','Lựa chọn ngôn ngữ','2023-03-01 01:08:57','2023-03-01 01:08:57'),(5177,1,'vi','plugins/translation/translation','theme-translations','Dịch giao diện','2023-03-01 01:08:57','2023-03-01 01:08:57'),(5178,1,'vi','plugins/translation/translation','to','sang','2023-03-01 01:08:57','2023-03-01 01:08:57'),(5179,1,'vi','plugins/translation/translation','translate_from','Dịch từ','2023-03-01 01:08:57','2023-03-01 01:08:57'),(5180,1,'vi','auth','failed','Thông tin tài khoản không tìm thấy trong hệ thống.','2023-03-01 01:08:57','2023-03-01 01:08:57'),(5181,1,'vi','auth','password','Mật khẩu không đúng.','2023-03-01 01:08:57','2023-03-01 01:08:57'),(5182,1,'vi','auth','throttle','Vượt quá số lần đăng nhập cho phép. Vui lòng thử lại sau :seconds giây.','2023-03-01 01:08:57','2023-03-01 01:08:57'),(5183,1,'vi','pagination','next','Trang trước &raquo;','2023-03-01 01:08:57','2023-03-01 01:08:57'),(5184,1,'vi','pagination','previous','&laquo; Trang sau','2023-03-01 01:08:57','2023-03-01 01:08:57'),(5185,1,'vi','passwords','reset','Mật khẩu mới đã được cập nhật!','2023-03-01 01:08:57','2023-03-01 01:08:57'),(5186,1,'vi','passwords','sent','Hướng dẫn cấp lại mật khẩu đã được gửi!','2023-03-01 01:08:57','2023-03-01 01:08:57'),(5187,1,'vi','passwords','throttled','Vui lòng đợi trước khi thử lại.','2023-03-01 01:08:57','2023-03-01 01:08:57'),(5188,1,'vi','passwords','token','Mã khôi phục mật khẩu không hợp lệ.','2023-03-01 01:08:57','2023-03-01 01:08:57'),(5189,1,'vi','passwords','user','Không tìm thấy người dùng với địa chỉ email này.','2023-03-01 01:08:57','2023-03-01 01:08:57'),(5190,1,'vi','validation','accepted','Trường :attribute phải được chấp nhận.','2023-03-01 01:08:57','2023-03-01 01:08:57'),(5191,1,'vi','validation','accepted_if','Trường :attribute phải được chấp nhận khi :other là :value.','2023-03-01 01:08:57','2023-03-01 01:08:57'),(5192,1,'vi','validation','active_url','Trường :attribute không phải là một URL hợp lệ.','2023-03-01 01:08:57','2023-03-01 01:08:57'),(5193,1,'vi','validation','after','Trường :attribute phải là một ngày sau ngày :date.','2023-03-01 01:08:57','2023-03-01 01:08:57'),(5194,1,'vi','validation','after_or_equal','Trường :attribute phải là thời gian bắt đầu sau hoặc đúng bằng :date.','2023-03-01 01:08:57','2023-03-01 01:08:57'),(5195,1,'vi','validation','alpha','Trường :attribute chỉ có thể chứa các chữ cái.','2023-03-01 01:08:57','2023-03-01 01:08:57'),(5196,1,'vi','validation','alpha_dash','Trường :attribute chỉ có thể chứa chữ cái, số và dấu gạch ngang.','2023-03-01 01:08:57','2023-03-01 01:08:57'),(5197,1,'vi','validation','alpha_num','Trường :attribute chỉ có thể chứa chữ cái và số.','2023-03-01 01:08:57','2023-03-01 01:08:57'),(5198,1,'vi','validation','array','Trường :attribute phải là dạng mảng.','2023-03-01 01:08:57','2023-03-01 01:08:57'),(5199,1,'vi','validation','before','Trường :attribute phải là một ngày trước ngày :date.','2023-03-01 01:08:57','2023-03-01 01:08:57'),(5200,1,'vi','validation','before_or_equal','Trường :attribute phải là thời gian bắt đầu trước hoặc đúng bằng :date.','2023-03-01 01:08:57','2023-03-01 01:08:57'),(5201,1,'vi','validation','between.array','Trường :attribute phải có từ :min - :max phần tử.','2023-03-01 01:08:57','2023-03-01 01:08:57'),(5202,1,'vi','validation','between.file','Dung lượng tập tin trong trường :attribute phải từ :min - :max kB.','2023-03-01 01:08:57','2023-03-01 01:08:57'),(5203,1,'vi','validation','between.numeric','Trường :attribute phải nằm trong khoảng :min - :max.','2023-03-01 01:08:57','2023-03-01 01:08:57'),(5204,1,'vi','validation','between.string','Trường :attribute phải từ :min - :max kí tự.','2023-03-01 01:08:57','2023-03-01 01:08:57'),(5205,1,'vi','validation','boolean','Trường :attribute phải là true hoặc false.','2023-03-01 01:08:57','2023-03-01 01:08:57'),(5206,1,'vi','validation','confirmed','Giá trị xác nhận trong trường :attribute không khớp.','2023-03-01 01:08:57','2023-03-01 01:08:57'),(5207,1,'vi','validation','current_password','Mật khẩu không đúng.','2023-03-01 01:08:57','2023-03-01 01:08:57'),(5208,1,'vi','validation','date','Trường :attribute không phải là định dạng của ngày-tháng.','2023-03-01 01:08:57','2023-03-01 01:08:57'),(5209,1,'vi','validation','date_equals','Trường :attribute phải là một ngày bằng với :date.','2023-03-01 01:08:57','2023-03-01 01:08:57'),(5210,1,'vi','validation','date_format','Trường :attribute không giống với định dạng :format.','2023-03-01 01:08:57','2023-03-01 01:08:57'),(5211,1,'vi','validation','declined','Trường :attribute phải bị từ chối.','2023-03-01 01:08:57','2023-03-01 01:08:57'),(5212,1,'vi','validation','declined_if','Trường :attribute phải bị từ chối khi :other là :value.','2023-03-01 01:08:57','2023-03-01 01:08:57'),(5213,1,'vi','validation','different','Trường :attribute và :other phải khác nhau.','2023-03-01 01:08:57','2023-03-01 01:08:57'),(5214,1,'vi','validation','digits','Độ dài của trường :attribute phải gồm :digits chữ số.','2023-03-01 01:08:57','2023-03-01 01:08:57'),(5215,1,'vi','validation','digits_between','Độ dài của trường :attribute phải nằm trong khoảng :min and :max chữ số.','2023-03-01 01:08:57','2023-03-01 01:08:57'),(5216,1,'vi','validation','dimensions','Trường :attribute có kích thước không hợp lệ.','2023-03-01 01:08:57','2023-03-01 01:08:57'),(5217,1,'vi','validation','distinct','Trường :attribute có giá trị trùng lặp.','2023-03-01 01:08:57','2023-03-01 01:08:57'),(5218,1,'vi','validation','email','Trường :attribute phải là một địa chỉ email hợp lệ.','2023-03-01 01:08:57','2023-03-01 01:08:57'),(5219,1,'vi','validation','ends_with','Trường :attribute phải kết thúc bằng một trong những giá trị sau: :values','2023-03-01 01:08:57','2023-03-01 01:08:57'),(5220,1,'vi','validation','enum','Giá trị đã chọn trong trường :attribute không hợp lệ.','2023-03-01 01:08:57','2023-03-01 01:08:57'),(5221,1,'vi','validation','exists','Giá trị đã chọn trong trường :attribute không hợp lệ.','2023-03-01 01:08:57','2023-03-01 01:08:57'),(5222,1,'vi','validation','file','Trường :attribute phải là một tệp tin.','2023-03-01 01:08:57','2023-03-01 01:08:57'),(5223,1,'vi','validation','filled','Trường :attribute không được bỏ trống.','2023-03-01 01:08:57','2023-03-01 01:08:57'),(5224,1,'vi','validation','gt.array','Mảng :attribute phải có nhiều hơn :value phần tử.','2023-03-01 01:08:57','2023-03-01 01:08:57'),(5225,1,'vi','validation','gt.file','Dung lượng trường :attribute phải lớn hơn :value kilobytes.','2023-03-01 01:08:57','2023-03-01 01:08:57'),(5226,1,'vi','validation','gt.numeric','Giá trị trường :attribute phải lớn hơn :value.','2023-03-01 01:08:57','2023-03-01 01:08:57'),(5227,1,'vi','validation','gt.string','Độ dài trường :attribute phải nhiều hơn :value kí tự.','2023-03-01 01:08:57','2023-03-01 01:08:57'),(5228,1,'vi','validation','gte.array','Mảng :attribute phải có ít nhất :value phần tử.','2023-03-01 01:08:57','2023-03-01 01:08:57'),(5229,1,'vi','validation','gte.file','Dung lượng trường :attribute phải lớn hơn hoặc bằng :value kilobytes.','2023-03-01 01:08:57','2023-03-01 01:08:57'),(5230,1,'vi','validation','gte.numeric','Giá trị trường :attribute phải lớn hơn hoặc bằng :value.','2023-03-01 01:08:57','2023-03-01 01:08:57'),(5231,1,'vi','validation','gte.string','Độ dài trường :attribute phải lớn hơn hoặc bằng :value kí tự.','2023-03-01 01:08:57','2023-03-01 01:08:57'),(5232,1,'vi','validation','image','Trường :attribute phải là định dạng hình ảnh.','2023-03-01 01:08:57','2023-03-01 01:08:57'),(5233,1,'vi','validation','in','Giá trị đã chọn trong trường :attribute không hợp lệ.','2023-03-01 01:08:57','2023-03-01 01:08:57'),(5234,1,'vi','validation','in_array','Trường :attribute phải thuộc tập cho phép: :other.','2023-03-01 01:08:57','2023-03-01 01:08:57'),(5235,1,'vi','validation','integer','Trường :attribute phải là một số nguyên.','2023-03-01 01:08:58','2023-03-01 01:08:58'),(5236,1,'vi','validation','ip','Trường :attribute phải là một địa chỉ IP.','2023-03-01 01:08:58','2023-03-01 01:08:58'),(5237,1,'vi','validation','ipv4','Trường :attribute phải là một địa chỉ IPv4.','2023-03-01 01:08:58','2023-03-01 01:08:58'),(5238,1,'vi','validation','ipv6','Trường :attribute phải là một địa chỉ IPv6.','2023-03-01 01:08:58','2023-03-01 01:08:58'),(5239,1,'vi','validation','json','Trường :attribute phải là một chuỗi JSON.','2023-03-01 01:08:58','2023-03-01 01:08:58'),(5240,1,'vi','validation','lt.array','Mảng :attribute phải có ít hơn :value phần tử.','2023-03-01 01:08:58','2023-03-01 01:08:58'),(5241,1,'vi','validation','lt.file','Dung lượng trường :attribute phải nhỏ hơn :value kilobytes.','2023-03-01 01:08:58','2023-03-01 01:08:58'),(5242,1,'vi','validation','lt.numeric','Giá trị trường :attribute phải nhỏ hơn :value.','2023-03-01 01:08:58','2023-03-01 01:08:58'),(5243,1,'vi','validation','lt.string','Độ dài trường :attribute phải nhỏ hơn :value kí tự.','2023-03-01 01:08:58','2023-03-01 01:08:58'),(5244,1,'vi','validation','lte.array','Mảng :attribute không được có nhiều hơn :value phần tử.','2023-03-01 01:08:58','2023-03-01 01:08:58'),(5245,1,'vi','validation','lte.file','Dung lượng trường :attribute phải nhỏ hơn hoặc bằng :value kilobytes.','2023-03-01 01:08:58','2023-03-01 01:08:58'),(5246,1,'vi','validation','lte.numeric','Giá trị trường :attribute phải nhỏ hơn hoặc bằng :value.','2023-03-01 01:08:58','2023-03-01 01:08:58'),(5247,1,'vi','validation','lte.string','Độ dài trường :attribute phải nhỏ hơn hoặc bằng :value kí tự.','2023-03-01 01:08:58','2023-03-01 01:08:58'),(5248,1,'vi','validation','mac_address','Trường :attribute phải là một địa chỉ MAC hợp lệ.','2023-03-01 01:08:58','2023-03-01 01:08:58'),(5249,1,'vi','validation','max.array','Trường :attribute không được lớn hơn :max phần tử.','2023-03-01 01:08:58','2023-03-01 01:08:58'),(5250,1,'vi','validation','max.file','Dung lượng tập tin trong trường :attribute không được lớn hơn :max kB.','2023-03-01 01:08:58','2023-03-01 01:08:58'),(5251,1,'vi','validation','max.numeric','Trường :attribute không được lớn hơn :max.','2023-03-01 01:08:58','2023-03-01 01:08:58'),(5252,1,'vi','validation','max.string','Trường :attribute không được lớn hơn :max kí tự.','2023-03-01 01:08:58','2023-03-01 01:08:58'),(5253,1,'vi','validation','mimes','Trường :attribute phải là một tập tin có định dạng: :values.','2023-03-01 01:08:58','2023-03-01 01:08:58'),(5254,1,'vi','validation','mimetypes','Trường :attribute phải là một tập tin có định dạng: :values.','2023-03-01 01:08:58','2023-03-01 01:08:58'),(5255,1,'vi','validation','min.array','Trường :attribute phải có tối thiểu :min phần tử.','2023-03-01 01:08:58','2023-03-01 01:08:58'),(5256,1,'vi','validation','min.file','Dung lượng tập tin trong trường :attribute phải tối thiểu :min kB.','2023-03-01 01:08:58','2023-03-01 01:08:58'),(5257,1,'vi','validation','min.numeric','Trường :attribute phải tối thiểu là :min.','2023-03-01 01:08:58','2023-03-01 01:08:58'),(5258,1,'vi','validation','min.string','Trường :attribute phải có tối thiểu :min kí tự.','2023-03-01 01:08:58','2023-03-01 01:08:58'),(5259,1,'vi','validation','multiple_of','Trường :attribute phải là bội số của :value','2023-03-01 01:08:58','2023-03-01 01:08:58'),(5260,1,'vi','validation','not_in','Giá trị đã chọn trong trường :attribute không hợp lệ.','2023-03-01 01:08:58','2023-03-01 01:08:58'),(5261,1,'vi','validation','not_regex','Trường :attribute có định dạng không hợp lệ.','2023-03-01 01:08:58','2023-03-01 01:08:58'),(5262,1,'vi','validation','numeric','Trường :attribute phải là một số.','2023-03-01 01:08:58','2023-03-01 01:08:58'),(5263,1,'vi','validation','password','Mật khẩu không đúng.','2023-03-01 01:08:58','2023-03-01 01:08:58'),(5264,1,'vi','validation','present','Trường :attribute phải được cung cấp.','2023-03-01 01:08:58','2023-03-01 01:08:58'),(5265,1,'vi','validation','prohibited','Trường :attribute bị cấm.','2023-03-01 01:08:58','2023-03-01 01:08:58'),(5266,1,'vi','validation','prohibited_if','Trường :attribute bị cấm khi :other là :value.','2023-03-01 01:08:58','2023-03-01 01:08:58'),(5267,1,'vi','validation','prohibited_unless','Trường :attribute bị cấm trừ khi :other là một trong :values.','2023-03-01 01:08:58','2023-03-01 01:08:58'),(5268,1,'vi','validation','prohibits','Trường :attribute cấm :other từ thời điểm hiện tại.','2023-03-01 01:08:58','2023-03-01 01:08:58'),(5269,1,'vi','validation','regex','Trường :attribute có định dạng không hợp lệ.','2023-03-01 01:08:58','2023-03-01 01:08:58'),(5270,1,'vi','validation','required','Trường :attribute không được bỏ trống.','2023-03-01 01:08:58','2023-03-01 01:08:58'),(5271,1,'vi','validation','required_array_keys','Trường :attribute phải bao gồm các mục nhập cho: :values.','2023-03-01 01:08:58','2023-03-01 01:08:58'),(5272,1,'vi','validation','required_if','Trường :attribute không được bỏ trống khi trường :other là :value.','2023-03-01 01:08:58','2023-03-01 01:08:58'),(5273,1,'vi','validation','required_unless','Trường :attribute không được bỏ trống trừ khi :other là :values.','2023-03-01 01:08:58','2023-03-01 01:08:58'),(5274,1,'vi','validation','required_with','Trường :attribute không được bỏ trống khi một trong :values có giá trị.','2023-03-01 01:08:58','2023-03-01 01:08:58'),(5275,1,'vi','validation','required_with_all','Trường :attribute không được bỏ trống khi tất cả :values có giá trị.','2023-03-01 01:08:58','2023-03-01 01:08:58'),(5276,1,'vi','validation','required_without','Trường :attribute không được bỏ trống khi một trong :values không có giá trị.','2023-03-01 01:08:58','2023-03-01 01:08:58'),(5277,1,'vi','validation','required_without_all','Trường :attribute không được bỏ trống khi tất cả :values không có giá trị.','2023-03-01 01:08:58','2023-03-01 01:08:58'),(5278,1,'vi','validation','same','Trường :attribute và :other phải giống nhau.','2023-03-01 01:08:58','2023-03-01 01:08:58'),(5279,1,'vi','validation','size.array','Trường :attribute phải chứa :size phần tử.','2023-03-01 01:08:58','2023-03-01 01:08:58'),(5280,1,'vi','validation','size.file','Dung lượng tập tin trong trường :attribute phải bằng :size kB.','2023-03-01 01:08:58','2023-03-01 01:08:58'),(5281,1,'vi','validation','size.numeric','Trường :attribute phải bằng :size.','2023-03-01 01:08:58','2023-03-01 01:08:58'),(5282,1,'vi','validation','size.string','Trường :attribute phải chứa :size kí tự.','2023-03-01 01:08:58','2023-03-01 01:08:58'),(5283,1,'vi','validation','starts_with','Trường :attribute phải được bắt đầu bằng một trong những giá trị sau: :values','2023-03-01 01:08:58','2023-03-01 01:08:58'),(5284,1,'vi','validation','string','Trường :attribute phải là một chuỗi kí tự.','2023-03-01 01:08:58','2023-03-01 01:08:58'),(5285,1,'vi','validation','timezone','Trường :attribute phải là một múi giờ hợp lệ.','2023-03-01 01:08:58','2023-03-01 01:08:58'),(5286,1,'vi','validation','unique','Trường :attribute đã có trong cơ sở dữ liệu.','2023-03-01 01:08:58','2023-03-01 01:08:58'),(5287,1,'vi','validation','uploaded','Trường :attribute tải lên thất bại.','2023-03-01 01:08:58','2023-03-01 01:08:58'),(5288,1,'vi','validation','url','Trường :attribute không giống với định dạng một URL.','2023-03-01 01:08:58','2023-03-01 01:08:58'),(5289,1,'vi','validation','uuid','Trường :attribute phải là một chuỗi UUID hợp lệ.','2023-03-01 01:08:58','2023-03-01 01:08:58'),(5290,1,'vi','validation','custom.attribute-name.rule-name','custom-message','2023-03-01 01:08:58','2023-03-01 01:08:58');
/*!40000 ALTER TABLE `translations` ENABLE KEYS */;
UNLOCK TABLES;

--
-- Table structure for table `user_meta`
--

DROP TABLE IF EXISTS `user_meta`;
/*!40101 SET @saved_cs_client     = @@character_set_client */;
/*!50503 SET character_set_client = utf8mb4 */;
CREATE TABLE `user_meta` (
  `id` bigint unsigned NOT NULL AUTO_INCREMENT,
  `key` varchar(191) COLLATE utf8mb4_unicode_ci DEFAULT NULL,
  `value` varchar(191) COLLATE utf8mb4_unicode_ci DEFAULT NULL,
  `user_id` bigint unsigned NOT NULL,
  `created_at` timestamp NULL DEFAULT NULL,
  `updated_at` timestamp NULL DEFAULT NULL,
  PRIMARY KEY (`id`),
  KEY `user_meta_user_id_index` (`user_id`)
) ENGINE=InnoDB DEFAULT CHARSET=utf8mb4 COLLATE=utf8mb4_unicode_ci;
/*!40101 SET character_set_client = @saved_cs_client */;

--
-- Dumping data for table `user_meta`
--

LOCK TABLES `user_meta` WRITE;
/*!40000 ALTER TABLE `user_meta` DISABLE KEYS */;
/*!40000 ALTER TABLE `user_meta` ENABLE KEYS */;
UNLOCK TABLES;

--
-- Table structure for table `users`
--

DROP TABLE IF EXISTS `users`;
/*!40101 SET @saved_cs_client     = @@character_set_client */;
/*!50503 SET character_set_client = utf8mb4 */;
CREATE TABLE `users` (
  `id` bigint unsigned NOT NULL AUTO_INCREMENT,
  `email` varchar(191) COLLATE utf8mb4_unicode_ci NOT NULL,
  `email_verified_at` timestamp NULL DEFAULT NULL,
  `password` varchar(191) CHARACTER SET utf8mb4 COLLATE utf8mb4_unicode_ci DEFAULT NULL,
  `remember_token` varchar(100) COLLATE utf8mb4_unicode_ci DEFAULT NULL,
  `created_at` timestamp NULL DEFAULT NULL,
  `updated_at` timestamp NULL DEFAULT NULL,
  `first_name` varchar(191) COLLATE utf8mb4_unicode_ci DEFAULT NULL,
  `last_name` varchar(191) COLLATE utf8mb4_unicode_ci DEFAULT NULL,
  `username` varchar(60) COLLATE utf8mb4_unicode_ci DEFAULT NULL,
  `avatar_id` bigint unsigned DEFAULT NULL,
  `super_user` tinyint(1) NOT NULL DEFAULT '0',
  `manage_supers` tinyint(1) NOT NULL DEFAULT '0',
  `permissions` text COLLATE utf8mb4_unicode_ci,
  `last_login` timestamp NULL DEFAULT NULL,
  PRIMARY KEY (`id`),
  UNIQUE KEY `users_email_unique` (`email`),
  UNIQUE KEY `users_username_unique` (`username`)
) ENGINE=InnoDB AUTO_INCREMENT=2 DEFAULT CHARSET=utf8mb4 COLLATE=utf8mb4_unicode_ci;
/*!40101 SET character_set_client = @saved_cs_client */;

--
-- Dumping data for table `users`
--

LOCK TABLES `users` WRITE;
/*!40000 ALTER TABLE `users` DISABLE KEYS */;
INSERT INTO `users` VALUES (1,'admin@botble.com',NULL,'$2y$10$d6/cySvRcslicf7BdTB7uOFHDxiutNAW0M5U8MJeHKYYiMvZ2Ein.',NULL,'2023-03-01 01:08:20','2023-03-01 01:08:20','System','Admin','botble',NULL,1,1,NULL,NULL);
/*!40000 ALTER TABLE `users` ENABLE KEYS */;
UNLOCK TABLES;

--
-- Table structure for table `widgets`
--

DROP TABLE IF EXISTS `widgets`;
/*!40101 SET @saved_cs_client     = @@character_set_client */;
/*!50503 SET character_set_client = utf8mb4 */;
CREATE TABLE `widgets` (
  `id` bigint unsigned NOT NULL AUTO_INCREMENT,
  `widget_id` varchar(120) COLLATE utf8mb4_unicode_ci NOT NULL,
  `sidebar_id` varchar(120) COLLATE utf8mb4_unicode_ci NOT NULL,
  `theme` varchar(120) COLLATE utf8mb4_unicode_ci NOT NULL,
  `position` tinyint unsigned NOT NULL DEFAULT '0',
  `data` text COLLATE utf8mb4_unicode_ci,
  `created_at` timestamp NULL DEFAULT NULL,
  `updated_at` timestamp NULL DEFAULT NULL,
  PRIMARY KEY (`id`)
) ENGINE=InnoDB AUTO_INCREMENT=25 DEFAULT CHARSET=utf8mb4 COLLATE=utf8mb4_unicode_ci;
/*!40101 SET character_set_client = @saved_cs_client */;

--
-- Dumping data for table `widgets`
--

LOCK TABLES `widgets` WRITE;
/*!40000 ALTER TABLE `widgets` DISABLE KEYS */;
INSERT INTO `widgets` VALUES (1,'CustomMenuWidget','footer_sidebar','martfury',1,'{\"id\":\"CustomMenuWidget\",\"name\":\"Quick links\",\"menu_id\":\"quick-links\"}','2023-03-01 01:08:22','2023-03-01 01:08:22'),(2,'CustomMenuWidget','footer_sidebar','martfury',2,'{\"id\":\"CustomMenuWidget\",\"name\":\"Company\",\"menu_id\":\"company\"}','2023-03-01 01:08:22','2023-03-01 01:08:22'),(3,'CustomMenuWidget','footer_sidebar','martfury',3,'{\"id\":\"CustomMenuWidget\",\"name\":\"Business\",\"menu_id\":\"business\"}','2023-03-01 01:08:22','2023-03-01 01:08:22'),(4,'BlogSearchWidget','primary_sidebar','martfury',1,'{\"id\":\"BlogSearchWidget\",\"name\":\"Search\"}','2023-03-01 01:08:22','2023-03-01 01:08:22'),(5,'BlogCategoriesWidget','primary_sidebar','martfury',2,'{\"id\":\"BlogCategoriesWidget\",\"name\":\"Categories\"}','2023-03-01 01:08:22','2023-03-01 01:08:22'),(6,'RecentPostsWidget','primary_sidebar','martfury',3,'{\"id\":\"RecentPostsWidget\",\"name\":\"Recent Posts\"}','2023-03-01 01:08:22','2023-03-01 01:08:22'),(7,'TagsWidget','primary_sidebar','martfury',4,'{\"id\":\"TagsWidget\",\"name\":\"Popular Tags\"}','2023-03-01 01:08:22','2023-03-01 01:08:22'),(8,'ProductCategoriesWidget','bottom_footer_sidebar','martfury',1,'{\"id\":\"ProductCategoriesWidget\",\"name\":\"Consumer Electric\",\"categories\":[18,2,3,4,5,6,7]}','2023-03-01 01:08:22','2023-03-01 01:08:22'),(9,'ProductCategoriesWidget','bottom_footer_sidebar','martfury',2,'{\"id\":\"ProductCategoriesWidget\",\"name\":\"Clothing & Apparel\",\"categories\":[8,9,10,11,12]}','2023-03-01 01:08:22','2023-03-01 01:08:22'),(10,'ProductCategoriesWidget','bottom_footer_sidebar','martfury',3,'{\"id\":\"ProductCategoriesWidget\",\"name\":\"Home, Garden & Kitchen\",\"categories\":[13,14,15,16,17]}','2023-03-01 01:08:22','2023-03-01 01:08:22'),(11,'ProductCategoriesWidget','bottom_footer_sidebar','martfury',4,'{\"id\":\"ProductCategoriesWidget\",\"name\":\"Health & Beauty\",\"categories\":[20,21,22,23,24]}','2023-03-01 01:08:22','2023-03-01 01:08:22'),(12,'ProductCategoriesWidget','bottom_footer_sidebar','martfury',5,'{\"id\":\"ProductCategoriesWidget\",\"name\":\"Computer & Technologies\",\"categories\":[25,26,27,28,29,19]}','2023-03-01 01:08:22','2023-03-01 01:08:22'),(13,'CustomMenuWidget','footer_sidebar','martfury-vi',1,'{\"id\":\"CustomMenuWidget\",\"name\":\"Li\\u00ean k\\u1ebft nhanh\",\"menu_id\":\"lien-ket-nhanh\"}','2023-03-01 01:08:22','2023-03-01 01:08:22'),(14,'CustomMenuWidget','footer_sidebar','martfury-vi',2,'{\"id\":\"CustomMenuWidget\",\"name\":\"C\\u00f4ng ty\",\"menu_id\":\"cong-ty\"}','2023-03-01 01:08:22','2023-03-01 01:08:22'),(15,'CustomMenuWidget','footer_sidebar','martfury-vi',3,'{\"id\":\"CustomMenuWidget\",\"name\":\"Doanh nghi\\u1ec7p\",\"menu_id\":\"doanh-nghiep\"}','2023-03-01 01:08:22','2023-03-01 01:08:22'),(16,'BlogSearchWidget','primary_sidebar','martfury-vi',1,'{\"id\":\"BlogSearchWidget\",\"name\":\"T\\u00ecm ki\\u1ebfm\"}','2023-03-01 01:08:22','2023-03-01 01:08:22'),(17,'BlogCategoriesWidget','primary_sidebar','martfury-vi',2,'{\"id\":\"BlogCategoriesWidget\",\"name\":\"Danh m\\u1ee5c b\\u00e0i vi\\u1ebft\"}','2023-03-01 01:08:22','2023-03-01 01:08:22'),(18,'RecentPostsWidget','primary_sidebar','martfury-vi',3,'{\"id\":\"RecentPostsWidget\",\"name\":\"B\\u00e0i vi\\u1ebft g\\u1ea7n \\u0111\\u00e2y\"}','2023-03-01 01:08:22','2023-03-01 01:08:22'),(19,'TagsWidget','primary_sidebar','martfury-vi',4,'{\"id\":\"TagsWidget\",\"name\":\"Tags ph\\u1ed5 bi\\u1ebfn\"}','2023-03-01 01:08:22','2023-03-01 01:08:22'),(20,'ProductCategoriesWidget','bottom_footer_sidebar','martfury-vi',1,'{\"id\":\"ProductCategoriesWidget\",\"name\":\"\\u0110\\u1ed3 d\\u00f9ng \\u0111i\\u1ec7n t\\u1eed\",\"categories\":[18,2,3,4,5,6,7]}','2023-03-01 01:08:22','2023-03-01 01:08:22'),(21,'ProductCategoriesWidget','bottom_footer_sidebar','martfury-vi',2,'{\"id\":\"ProductCategoriesWidget\",\"name\":\"Qu\\u1ea7n \\u00e1o & may m\\u1eb7c\",\"categories\":[8,9,10,11,12]}','2023-03-01 01:08:22','2023-03-01 01:08:22'),(22,'ProductCategoriesWidget','bottom_footer_sidebar','martfury-vi',3,'{\"id\":\"ProductCategoriesWidget\",\"name\":\"D\\u1ee5ng c\\u1ee5 nh\\u00e0 b\\u1ebfp\",\"categories\":[13,14,15,16,17]}','2023-03-01 01:08:22','2023-03-01 01:08:22'),(23,'ProductCategoriesWidget','bottom_footer_sidebar','martfury-vi',4,'{\"id\":\"ProductCategoriesWidget\",\"name\":\"S\\u1ee9c kh\\u1ecfe & l\\u00e0m \\u0111\\u1eb9p\",\"categories\":[20,21,22,23,24]}','2023-03-01 01:08:22','2023-03-01 01:08:22'),(24,'ProductCategoriesWidget','bottom_footer_sidebar','martfury-vi',5,'{\"id\":\"ProductCategoriesWidget\",\"name\":\"M\\u00e1y t\\u00ednh & c\\u00f4ng ngh\\u1ec7\",\"categories\":[25,26,27,28,29,19]}','2023-03-01 01:08:22','2023-03-01 01:08:22');
/*!40000 ALTER TABLE `widgets` ENABLE KEYS */;
UNLOCK TABLES;
/*!40103 SET TIME_ZONE=@OLD_TIME_ZONE */;

/*!40101 SET SQL_MODE=@OLD_SQL_MODE */;
/*!40014 SET FOREIGN_KEY_CHECKS=@OLD_FOREIGN_KEY_CHECKS */;
/*!40014 SET UNIQUE_CHECKS=@OLD_UNIQUE_CHECKS */;
/*!40101 SET CHARACTER_SET_CLIENT=@OLD_CHARACTER_SET_CLIENT */;
/*!40101 SET CHARACTER_SET_RESULTS=@OLD_CHARACTER_SET_RESULTS */;
/*!40101 SET COLLATION_CONNECTION=@OLD_COLLATION_CONNECTION */;
/*!40111 SET SQL_NOTES=@OLD_SQL_NOTES */;

-- Dump completed on 2023-03-01 15:08:59
